----------------------------------------
Start task prologue Thu Jan 30 10:46:35 CET 2025
----------------------------------------
Step ID:         46789663.
Username:        pauort
Group:           predatt
Asked resources: walltime=12:00:00,nodes=1,cpus=1,mem=24G
Queue:           gpu
Compute nodes:   dccn-c080
----------------------------------------
End task prologue Thu Jan 30 10:46:35 CET 2025
----------------------------------------
load cuda module...

load anaconda module...s

Check loaded modules:
Currently Loaded Modulefiles:
 1) cluster/1.0(default)        6) apptainer/1.3.3(default)    
 2) matlab/R2024a(default)      7) slurm/1.0(default)          
 3) R/4.3.3(default)            8) anaconda3/2024.06(default)  
 4) freesurfer/7.3.2(default)   9) cuda/11.4(default)          
 5) fsl/6.0.6(default)         

Checking available GPU:
Thu Jan 30 10:46:35 2025       
+---------------------------------------------------------------------------------------+
| NVIDIA-SMI 535.113.01             Driver Version: 535.113.01   CUDA Version: 12.2     |
|-----------------------------------------+----------------------+----------------------+
| GPU  Name                 Persistence-M | Bus-Id        Disp.A | Volatile Uncorr. ECC |
| Fan  Temp   Perf          Pwr:Usage/Cap |         Memory-Usage | GPU-Util  Compute M. |
|                                         |                      |               MIG M. |
|=========================================+======================+======================|
|   0  NVIDIA A100 80GB PCIe          On  | 00000000:21:00.0 Off |                    0 |
| N/A   32C    P0              42W / 300W |      4MiB / 81920MiB |      0%      Default |
|                                         |                      |             Disabled |
+-----------------------------------------+----------------------+----------------------+
                                                                                         
+---------------------------------------------------------------------------------------+
| Processes:                                                                            |
|  GPU   GI   CI        PID   Type   Process name                            GPU Memory |
|        ID   ID                                                             Usage      |
|=======================================================================================|
|  No running processes found                                                           |
+---------------------------------------------------------------------------------------+

Checkin cuda availability:
Output of which nvcc to check cuda path:
/opt/cuda/11.4/bin/nvcc

Check cuda version with nvcc --version:
nvcc: NVIDIA (R) Cuda compiler driver
Copyright (c) 2005-2021 NVIDIA Corporation
Built on Wed_Jun__2_19:15:15_PDT_2021
Cuda compilation tools, release 11.4, V11.4.48
Build cuda_11.4.r11.4/compiler.30033411_0
CUDA test passed. Proceeding with main computation.
Running iteration: 0
Job [0]
Total number of configs: 64
0) ('resnet50_robust_mapped_RIN_l2_10_0', 0.0, 0, 0.0, nan)
1) ('resnet50_robust_mapped_RIN_l2_10_0', 0.1, 200, 0.02, nan)
2) ('resnet50_robust_mapped_RIN_l2_10_0', 0.5, 200, 0.1, nan)
3) ('resnet50_robust_mapped_RIN_l2_10_0', 1.0, 200, 0.3, nan)
4) ('resnet50_robust_mapped_RIN_l2_10_0', 2.0, 200, 0.3, nan)
5) ('resnet50_robust_mapped_RIN_l2_10_0', 3.0, 200, 0.3, nan)
6) ('resnet50_robust_mapped_RIN_l2_10_0', 5.0, 500, 0.5, nan)
7) ('resnet50_robust_mapped_RIN_l2_10_0', 7.5, 500, 0.5, nan)
8) ('resnet50_robust_mapped_RIN_l2_10_0', 10.0, 500, 0.5, nan)
9) ('resnet50_robust_mapped_RIN_l2_10_0', 15.0, 500, 0.5, nan)
10) ('resnet50_robust_mapped_RIN_l2_10_0', 20.0, 1000, 0.5, nan)
11) ('resnet50_robust_mapped_RIN_l2_10_0', 25.0, 1000, 0.5, nan)
12) ('resnet50_robust_mapped_RIN_l2_10_0', 30.0, 2000, 2.0, nan)
13) ('resnet50_robust_mapped_RIN_l2_10_0', 40.0, 2000, 2.0, nan)
14) ('resnet50_robust_mapped_RIN_l2_10_0', 50.0, 2000, 2.0, nan)
15) ('resnet50_robust_mapped_RIN_l2_10_0', 100.0, 5000, 2.0, nan)
16) ('resnet50_robust_mapped_RIN_l2_1_0', 0.0, 0, 0.0, nan)
17) ('resnet50_robust_mapped_RIN_l2_1_0', 0.1, 200, 0.02, nan)
18) ('resnet50_robust_mapped_RIN_l2_1_0', 0.5, 200, 0.1, nan)
19) ('resnet50_robust_mapped_RIN_l2_1_0', 1.0, 200, 0.3, nan)
20) ('resnet50_robust_mapped_RIN_l2_1_0', 2.0, 200, 0.3, nan)
21) ('resnet50_robust_mapped_RIN_l2_1_0', 3.0, 200, 0.3, nan)
22) ('resnet50_robust_mapped_RIN_l2_1_0', 5.0, 500, 0.5, nan)
23) ('resnet50_robust_mapped_RIN_l2_1_0', 7.5, 500, 0.5, nan)
24) ('resnet50_robust_mapped_RIN_l2_1_0', 10.0, 500, 0.5, nan)
25) ('resnet50_robust_mapped_RIN_l2_1_0', 15.0, 500, 0.5, nan)
26) ('resnet50_robust_mapped_RIN_l2_1_0', 20.0, 1000, 0.5, nan)
27) ('resnet50_robust_mapped_RIN_l2_1_0', 25.0, 1000, 0.5, nan)
28) ('resnet50_robust_mapped_RIN_l2_1_0', 30.0, 2000, 2.0, nan)
29) ('resnet50_robust_mapped_RIN_l2_1_0', 40.0, 2000, 2.0, nan)
30) ('resnet50_robust_mapped_RIN_l2_1_0', 50.0, 2000, 2.0, nan)
31) ('resnet50_robust_mapped_RIN_l2_1_0', 100.0, 5000, 2.0, nan)
32) ('resnet50_robust_mapped_RIN_l2_3_0', 0.0, 0, 0.0, nan)
33) ('resnet50_robust_mapped_RIN_l2_3_0', 0.1, 200, 0.02, nan)
34) ('resnet50_robust_mapped_RIN_l2_3_0', 0.5, 200, 0.1, nan)
35) ('resnet50_robust_mapped_RIN_l2_3_0', 1.0, 200, 0.3, nan)
36) ('resnet50_robust_mapped_RIN_l2_3_0', 2.0, 200, 0.3, nan)
37) ('resnet50_robust_mapped_RIN_l2_3_0', 3.0, 200, 0.3, nan)
38) ('resnet50_robust_mapped_RIN_l2_3_0', 5.0, 500, 0.5, nan)
39) ('resnet50_robust_mapped_RIN_l2_3_0', 7.5, 500, 0.5, nan)
40) ('resnet50_robust_mapped_RIN_l2_3_0', 10.0, 500, 0.5, nan)
41) ('resnet50_robust_mapped_RIN_l2_3_0', 15.0, 500, 0.5, nan)
42) ('resnet50_robust_mapped_RIN_l2_3_0', 20.0, 1000, 0.5, nan)
43) ('resnet50_robust_mapped_RIN_l2_3_0', 25.0, 1000, 0.5, nan)
44) ('resnet50_robust_mapped_RIN_l2_3_0', 30.0, 2000, 2.0, nan)
45) ('resnet50_robust_mapped_RIN_l2_3_0', 40.0, 2000, 2.0, nan)
46) ('resnet50_robust_mapped_RIN_l2_3_0', 50.0, 2000, 2.0, nan)
47) ('resnet50_robust_mapped_RIN_l2_3_0', 100.0, 5000, 2.0, nan)
48) ('resnet50_vanilla_mapped_RIN', 0.0, 0, 0.0, nan)
49) ('resnet50_vanilla_mapped_RIN', 0.1, 200, 0.02, nan)
50) ('resnet50_vanilla_mapped_RIN', 0.5, 200, 0.1, nan)
51) ('resnet50_vanilla_mapped_RIN', 1.0, 200, 0.3, nan)
52) ('resnet50_vanilla_mapped_RIN', 2.0, 200, 0.3, nan)
53) ('resnet50_vanilla_mapped_RIN', 3.0, 200, 0.3, nan)
54) ('resnet50_vanilla_mapped_RIN', 5.0, 500, 0.5, nan)
55) ('resnet50_vanilla_mapped_RIN', 7.5, 500, 0.5, nan)
56) ('resnet50_vanilla_mapped_RIN', 10.0, 500, 0.5, nan)
57) ('resnet50_vanilla_mapped_RIN', 15.0, 500, 0.5, nan)
58) ('resnet50_vanilla_mapped_RIN', 20.0, 1000, 0.5, nan)
59) ('resnet50_vanilla_mapped_RIN', 25.0, 1000, 0.5, nan)
60) ('resnet50_vanilla_mapped_RIN', 30.0, 2000, 2.0, nan)
61) ('resnet50_vanilla_mapped_RIN', 40.0, 2000, 2.0, nan)
62) ('resnet50_vanilla_mapped_RIN', 50.0, 2000, 2.0, nan)
63) ('resnet50_vanilla_mapped_RIN', 100.0, 5000, 2.0, nan)
(*) group(model_name='resnet50_robust_mapped_RIN_l2_10_0', budget=0.0, n_iter=0, step_size=0.0, interp_alpha=nan)
=> loading checkpoint '/project/3018078.01/Gaziv/Wormholes_FB/checkpoints/imagenet_l2_10_0.pt'
=> loaded checkpoint '/project/3018078.01/Gaziv/Wormholes_FB/checkpoints/imagenet_l2_10_0.pt' (epoch 106)
chunk [1/8]
chunk [2/8]
chunk [3/8]
chunk [4/8]
chunk [5/8]
chunk [6/8]
chunk [7/8]
chunk [8/8]
Model-subject [resnet50_robust_mapped_RIN_l2_1_0_v2]
=> loading checkpoint '/project/3018078.01/Gaziv/Wormholes_FB/checkpoints/imagenet_l2_1_0_v2.pt'
=> loaded checkpoint '/project/3018078.01/Gaziv/Wormholes_FB/checkpoints/imagenet_l2_1_0_v2.pt' (epoch 176)
Model-subject [resnet50_robust_mapped_RIN_l2_3_0_v2]
=> loading checkpoint '/project/3018078.01/Gaziv/Wormholes_FB/checkpoints/imagenet_l2_3_0_v2.pt'
=> loaded checkpoint '/project/3018078.01/Gaziv/Wormholes_FB/checkpoints/imagenet_l2_3_0_v2.pt' (epoch 131)
Model-subject [resnet50_robust_mapped_RIN_l2_10_0_v2]
=> loading checkpoint '/project/3018078.01/Gaziv/Wormholes_FB/checkpoints/imagenet_l2_10_0_v2.pt'
=> loaded checkpoint '/project/3018078.01/Gaziv/Wormholes_FB/checkpoints/imagenet_l2_10_0_v2.pt' (epoch 200)
Model-subject [resnet50_vanilla_mapped_RIN_v2]
=> loading checkpoint '/project/3018078.01/Gaziv/Wormholes_FB/checkpoints/imagenet_vanilla_v2.pt'
=> loaded checkpoint '/project/3018078.01/Gaziv/Wormholes_FB/checkpoints/imagenet_vanilla_v2.pt' (epoch 171)
Model-subject [resnet50_robust_mapped_RIN_l2_10_0]
=> loading checkpoint '/project/3018078.01/Gaziv/Wormholes_FB/checkpoints/imagenet_l2_10_0.pt'
=> loaded checkpoint '/project/3018078.01/Gaziv/Wormholes_FB/checkpoints/imagenet_l2_10_0.pt' (epoch 106)
Done.
Running iteration: 1
Job [1]
Total number of configs: 64
0) ('resnet50_robust_mapped_RIN_l2_10_0', 0.0, 0, 0.0, nan)
1) ('resnet50_robust_mapped_RIN_l2_10_0', 0.1, 200, 0.02, nan)
2) ('resnet50_robust_mapped_RIN_l2_10_0', 0.5, 200, 0.1, nan)
3) ('resnet50_robust_mapped_RIN_l2_10_0', 1.0, 200, 0.3, nan)
4) ('resnet50_robust_mapped_RIN_l2_10_0', 2.0, 200, 0.3, nan)
5) ('resnet50_robust_mapped_RIN_l2_10_0', 3.0, 200, 0.3, nan)
6) ('resnet50_robust_mapped_RIN_l2_10_0', 5.0, 500, 0.5, nan)
7) ('resnet50_robust_mapped_RIN_l2_10_0', 7.5, 500, 0.5, nan)
8) ('resnet50_robust_mapped_RIN_l2_10_0', 10.0, 500, 0.5, nan)
9) ('resnet50_robust_mapped_RIN_l2_10_0', 15.0, 500, 0.5, nan)
10) ('resnet50_robust_mapped_RIN_l2_10_0', 20.0, 1000, 0.5, nan)
11) ('resnet50_robust_mapped_RIN_l2_10_0', 25.0, 1000, 0.5, nan)
12) ('resnet50_robust_mapped_RIN_l2_10_0', 30.0, 2000, 2.0, nan)
13) ('resnet50_robust_mapped_RIN_l2_10_0', 40.0, 2000, 2.0, nan)
14) ('resnet50_robust_mapped_RIN_l2_10_0', 50.0, 2000, 2.0, nan)
15) ('resnet50_robust_mapped_RIN_l2_10_0', 100.0, 5000, 2.0, nan)
16) ('resnet50_robust_mapped_RIN_l2_1_0', 0.0, 0, 0.0, nan)
17) ('resnet50_robust_mapped_RIN_l2_1_0', 0.1, 200, 0.02, nan)
18) ('resnet50_robust_mapped_RIN_l2_1_0', 0.5, 200, 0.1, nan)
19) ('resnet50_robust_mapped_RIN_l2_1_0', 1.0, 200, 0.3, nan)
20) ('resnet50_robust_mapped_RIN_l2_1_0', 2.0, 200, 0.3, nan)
21) ('resnet50_robust_mapped_RIN_l2_1_0', 3.0, 200, 0.3, nan)
22) ('resnet50_robust_mapped_RIN_l2_1_0', 5.0, 500, 0.5, nan)
23) ('resnet50_robust_mapped_RIN_l2_1_0', 7.5, 500, 0.5, nan)
24) ('resnet50_robust_mapped_RIN_l2_1_0', 10.0, 500, 0.5, nan)
25) ('resnet50_robust_mapped_RIN_l2_1_0', 15.0, 500, 0.5, nan)
26) ('resnet50_robust_mapped_RIN_l2_1_0', 20.0, 1000, 0.5, nan)
27) ('resnet50_robust_mapped_RIN_l2_1_0', 25.0, 1000, 0.5, nan)
28) ('resnet50_robust_mapped_RIN_l2_1_0', 30.0, 2000, 2.0, nan)
29) ('resnet50_robust_mapped_RIN_l2_1_0', 40.0, 2000, 2.0, nan)
30) ('resnet50_robust_mapped_RIN_l2_1_0', 50.0, 2000, 2.0, nan)
31) ('resnet50_robust_mapped_RIN_l2_1_0', 100.0, 5000, 2.0, nan)
32) ('resnet50_robust_mapped_RIN_l2_3_0', 0.0, 0, 0.0, nan)
33) ('resnet50_robust_mapped_RIN_l2_3_0', 0.1, 200, 0.02, nan)
34) ('resnet50_robust_mapped_RIN_l2_3_0', 0.5, 200, 0.1, nan)
35) ('resnet50_robust_mapped_RIN_l2_3_0', 1.0, 200, 0.3, nan)
36) ('resnet50_robust_mapped_RIN_l2_3_0', 2.0, 200, 0.3, nan)
37) ('resnet50_robust_mapped_RIN_l2_3_0', 3.0, 200, 0.3, nan)
38) ('resnet50_robust_mapped_RIN_l2_3_0', 5.0, 500, 0.5, nan)
39) ('resnet50_robust_mapped_RIN_l2_3_0', 7.5, 500, 0.5, nan)
40) ('resnet50_robust_mapped_RIN_l2_3_0', 10.0, 500, 0.5, nan)
41) ('resnet50_robust_mapped_RIN_l2_3_0', 15.0, 500, 0.5, nan)
42) ('resnet50_robust_mapped_RIN_l2_3_0', 20.0, 1000, 0.5, nan)
43) ('resnet50_robust_mapped_RIN_l2_3_0', 25.0, 1000, 0.5, nan)
44) ('resnet50_robust_mapped_RIN_l2_3_0', 30.0, 2000, 2.0, nan)
45) ('resnet50_robust_mapped_RIN_l2_3_0', 40.0, 2000, 2.0, nan)
46) ('resnet50_robust_mapped_RIN_l2_3_0', 50.0, 2000, 2.0, nan)
47) ('resnet50_robust_mapped_RIN_l2_3_0', 100.0, 5000, 2.0, nan)
48) ('resnet50_vanilla_mapped_RIN', 0.0, 0, 0.0, nan)
49) ('resnet50_vanilla_mapped_RIN', 0.1, 200, 0.02, nan)
50) ('resnet50_vanilla_mapped_RIN', 0.5, 200, 0.1, nan)
51) ('resnet50_vanilla_mapped_RIN', 1.0, 200, 0.3, nan)
52) ('resnet50_vanilla_mapped_RIN', 2.0, 200, 0.3, nan)
53) ('resnet50_vanilla_mapped_RIN', 3.0, 200, 0.3, nan)
54) ('resnet50_vanilla_mapped_RIN', 5.0, 500, 0.5, nan)
55) ('resnet50_vanilla_mapped_RIN', 7.5, 500, 0.5, nan)
56) ('resnet50_vanilla_mapped_RIN', 10.0, 500, 0.5, nan)
57) ('resnet50_vanilla_mapped_RIN', 15.0, 500, 0.5, nan)
58) ('resnet50_vanilla_mapped_RIN', 20.0, 1000, 0.5, nan)
59) ('resnet50_vanilla_mapped_RIN', 25.0, 1000, 0.5, nan)
60) ('resnet50_vanilla_mapped_RIN', 30.0, 2000, 2.0, nan)
61) ('resnet50_vanilla_mapped_RIN', 40.0, 2000, 2.0, nan)
62) ('resnet50_vanilla_mapped_RIN', 50.0, 2000, 2.0, nan)
63) ('resnet50_vanilla_mapped_RIN', 100.0, 5000, 2.0, nan)
(*) group(model_name='resnet50_robust_mapped_RIN_l2_10_0', budget=0.1, n_iter=200, step_size=0.02, interp_alpha=nan)
=> loading checkpoint '/project/3018078.01/Gaziv/Wormholes_FB/checkpoints/imagenet_l2_10_0.pt'
=> loaded checkpoint '/project/3018078.01/Gaziv/Wormholes_FB/checkpoints/imagenet_l2_10_0.pt' (epoch 106)
chunk [1/8]
chunk [2/8]
chunk [3/8]
chunk [4/8]
chunk [5/8]
chunk [6/8]
chunk [7/8]
chunk [8/8]
Model-subject [resnet50_robust_mapped_RIN_l2_1_0_v2]
=> loading checkpoint '/project/3018078.01/Gaziv/Wormholes_FB/checkpoints/imagenet_l2_1_0_v2.pt'
=> loaded checkpoint '/project/3018078.01/Gaziv/Wormholes_FB/checkpoints/imagenet_l2_1_0_v2.pt' (epoch 176)
Model-subject [resnet50_robust_mapped_RIN_l2_3_0_v2]
=> loading checkpoint '/project/3018078.01/Gaziv/Wormholes_FB/checkpoints/imagenet_l2_3_0_v2.pt'
=> loaded checkpoint '/project/3018078.01/Gaziv/Wormholes_FB/checkpoints/imagenet_l2_3_0_v2.pt' (epoch 131)
Model-subject [resnet50_robust_mapped_RIN_l2_10_0_v2]
=> loading checkpoint '/project/3018078.01/Gaziv/Wormholes_FB/checkpoints/imagenet_l2_10_0_v2.pt'
=> loaded checkpoint '/project/3018078.01/Gaziv/Wormholes_FB/checkpoints/imagenet_l2_10_0_v2.pt' (epoch 200)
Model-subject [resnet50_vanilla_mapped_RIN_v2]
=> loading checkpoint '/project/3018078.01/Gaziv/Wormholes_FB/checkpoints/imagenet_vanilla_v2.pt'
=> loaded checkpoint '/project/3018078.01/Gaziv/Wormholes_FB/checkpoints/imagenet_vanilla_v2.pt' (epoch 171)
Model-subject [resnet50_robust_mapped_RIN_l2_10_0]
=> loading checkpoint '/project/3018078.01/Gaziv/Wormholes_FB/checkpoints/imagenet_l2_10_0.pt'
=> loaded checkpoint '/project/3018078.01/Gaziv/Wormholes_FB/checkpoints/imagenet_l2_10_0.pt' (epoch 106)
Done.
Running iteration: 2
Job [2]
Total number of configs: 64
0) ('resnet50_robust_mapped_RIN_l2_10_0', 0.0, 0, 0.0, nan)
1) ('resnet50_robust_mapped_RIN_l2_10_0', 0.1, 200, 0.02, nan)
2) ('resnet50_robust_mapped_RIN_l2_10_0', 0.5, 200, 0.1, nan)
3) ('resnet50_robust_mapped_RIN_l2_10_0', 1.0, 200, 0.3, nan)
4) ('resnet50_robust_mapped_RIN_l2_10_0', 2.0, 200, 0.3, nan)
5) ('resnet50_robust_mapped_RIN_l2_10_0', 3.0, 200, 0.3, nan)
6) ('resnet50_robust_mapped_RIN_l2_10_0', 5.0, 500, 0.5, nan)
7) ('resnet50_robust_mapped_RIN_l2_10_0', 7.5, 500, 0.5, nan)
8) ('resnet50_robust_mapped_RIN_l2_10_0', 10.0, 500, 0.5, nan)
9) ('resnet50_robust_mapped_RIN_l2_10_0', 15.0, 500, 0.5, nan)
10) ('resnet50_robust_mapped_RIN_l2_10_0', 20.0, 1000, 0.5, nan)
11) ('resnet50_robust_mapped_RIN_l2_10_0', 25.0, 1000, 0.5, nan)
12) ('resnet50_robust_mapped_RIN_l2_10_0', 30.0, 2000, 2.0, nan)
13) ('resnet50_robust_mapped_RIN_l2_10_0', 40.0, 2000, 2.0, nan)
14) ('resnet50_robust_mapped_RIN_l2_10_0', 50.0, 2000, 2.0, nan)
15) ('resnet50_robust_mapped_RIN_l2_10_0', 100.0, 5000, 2.0, nan)
16) ('resnet50_robust_mapped_RIN_l2_1_0', 0.0, 0, 0.0, nan)
17) ('resnet50_robust_mapped_RIN_l2_1_0', 0.1, 200, 0.02, nan)
18) ('resnet50_robust_mapped_RIN_l2_1_0', 0.5, 200, 0.1, nan)
19) ('resnet50_robust_mapped_RIN_l2_1_0', 1.0, 200, 0.3, nan)
20) ('resnet50_robust_mapped_RIN_l2_1_0', 2.0, 200, 0.3, nan)
21) ('resnet50_robust_mapped_RIN_l2_1_0', 3.0, 200, 0.3, nan)
22) ('resnet50_robust_mapped_RIN_l2_1_0', 5.0, 500, 0.5, nan)
23) ('resnet50_robust_mapped_RIN_l2_1_0', 7.5, 500, 0.5, nan)
24) ('resnet50_robust_mapped_RIN_l2_1_0', 10.0, 500, 0.5, nan)
25) ('resnet50_robust_mapped_RIN_l2_1_0', 15.0, 500, 0.5, nan)
26) ('resnet50_robust_mapped_RIN_l2_1_0', 20.0, 1000, 0.5, nan)
27) ('resnet50_robust_mapped_RIN_l2_1_0', 25.0, 1000, 0.5, nan)
28) ('resnet50_robust_mapped_RIN_l2_1_0', 30.0, 2000, 2.0, nan)
29) ('resnet50_robust_mapped_RIN_l2_1_0', 40.0, 2000, 2.0, nan)
30) ('resnet50_robust_mapped_RIN_l2_1_0', 50.0, 2000, 2.0, nan)
31) ('resnet50_robust_mapped_RIN_l2_1_0', 100.0, 5000, 2.0, nan)
32) ('resnet50_robust_mapped_RIN_l2_3_0', 0.0, 0, 0.0, nan)
33) ('resnet50_robust_mapped_RIN_l2_3_0', 0.1, 200, 0.02, nan)
34) ('resnet50_robust_mapped_RIN_l2_3_0', 0.5, 200, 0.1, nan)
35) ('resnet50_robust_mapped_RIN_l2_3_0', 1.0, 200, 0.3, nan)
36) ('resnet50_robust_mapped_RIN_l2_3_0', 2.0, 200, 0.3, nan)
37) ('resnet50_robust_mapped_RIN_l2_3_0', 3.0, 200, 0.3, nan)
38) ('resnet50_robust_mapped_RIN_l2_3_0', 5.0, 500, 0.5, nan)
39) ('resnet50_robust_mapped_RIN_l2_3_0', 7.5, 500, 0.5, nan)
40) ('resnet50_robust_mapped_RIN_l2_3_0', 10.0, 500, 0.5, nan)
41) ('resnet50_robust_mapped_RIN_l2_3_0', 15.0, 500, 0.5, nan)
42) ('resnet50_robust_mapped_RIN_l2_3_0', 20.0, 1000, 0.5, nan)
43) ('resnet50_robust_mapped_RIN_l2_3_0', 25.0, 1000, 0.5, nan)
44) ('resnet50_robust_mapped_RIN_l2_3_0', 30.0, 2000, 2.0, nan)
45) ('resnet50_robust_mapped_RIN_l2_3_0', 40.0, 2000, 2.0, nan)
46) ('resnet50_robust_mapped_RIN_l2_3_0', 50.0, 2000, 2.0, nan)
47) ('resnet50_robust_mapped_RIN_l2_3_0', 100.0, 5000, 2.0, nan)
48) ('resnet50_vanilla_mapped_RIN', 0.0, 0, 0.0, nan)
49) ('resnet50_vanilla_mapped_RIN', 0.1, 200, 0.02, nan)
50) ('resnet50_vanilla_mapped_RIN', 0.5, 200, 0.1, nan)
51) ('resnet50_vanilla_mapped_RIN', 1.0, 200, 0.3, nan)
52) ('resnet50_vanilla_mapped_RIN', 2.0, 200, 0.3, nan)
53) ('resnet50_vanilla_mapped_RIN', 3.0, 200, 0.3, nan)
54) ('resnet50_vanilla_mapped_RIN', 5.0, 500, 0.5, nan)
55) ('resnet50_vanilla_mapped_RIN', 7.5, 500, 0.5, nan)
56) ('resnet50_vanilla_mapped_RIN', 10.0, 500, 0.5, nan)
57) ('resnet50_vanilla_mapped_RIN', 15.0, 500, 0.5, nan)
58) ('resnet50_vanilla_mapped_RIN', 20.0, 1000, 0.5, nan)
59) ('resnet50_vanilla_mapped_RIN', 25.0, 1000, 0.5, nan)
60) ('resnet50_vanilla_mapped_RIN', 30.0, 2000, 2.0, nan)
61) ('resnet50_vanilla_mapped_RIN', 40.0, 2000, 2.0, nan)
62) ('resnet50_vanilla_mapped_RIN', 50.0, 2000, 2.0, nan)
63) ('resnet50_vanilla_mapped_RIN', 100.0, 5000, 2.0, nan)
(*) group(model_name='resnet50_robust_mapped_RIN_l2_10_0', budget=0.5, n_iter=200, step_size=0.1, interp_alpha=nan)
=> loading checkpoint '/project/3018078.01/Gaziv/Wormholes_FB/checkpoints/imagenet_l2_10_0.pt'
=> loaded checkpoint '/project/3018078.01/Gaziv/Wormholes_FB/checkpoints/imagenet_l2_10_0.pt' (epoch 106)
chunk [1/8]
chunk [2/8]
chunk [3/8]
chunk [4/8]
chunk [5/8]
chunk [6/8]
chunk [7/8]
chunk [8/8]
Model-subject [resnet50_robust_mapped_RIN_l2_1_0_v2]
=> loading checkpoint '/project/3018078.01/Gaziv/Wormholes_FB/checkpoints/imagenet_l2_1_0_v2.pt'
=> loaded checkpoint '/project/3018078.01/Gaziv/Wormholes_FB/checkpoints/imagenet_l2_1_0_v2.pt' (epoch 176)
Model-subject [resnet50_robust_mapped_RIN_l2_3_0_v2]
=> loading checkpoint '/project/3018078.01/Gaziv/Wormholes_FB/checkpoints/imagenet_l2_3_0_v2.pt'
=> loaded checkpoint '/project/3018078.01/Gaziv/Wormholes_FB/checkpoints/imagenet_l2_3_0_v2.pt' (epoch 131)
Model-subject [resnet50_robust_mapped_RIN_l2_10_0_v2]
=> loading checkpoint '/project/3018078.01/Gaziv/Wormholes_FB/checkpoints/imagenet_l2_10_0_v2.pt'
=> loaded checkpoint '/project/3018078.01/Gaziv/Wormholes_FB/checkpoints/imagenet_l2_10_0_v2.pt' (epoch 200)
Model-subject [resnet50_vanilla_mapped_RIN_v2]
=> loading checkpoint '/project/3018078.01/Gaziv/Wormholes_FB/checkpoints/imagenet_vanilla_v2.pt'
=> loaded checkpoint '/project/3018078.01/Gaziv/Wormholes_FB/checkpoints/imagenet_vanilla_v2.pt' (epoch 171)
Model-subject [resnet50_robust_mapped_RIN_l2_10_0]
=> loading checkpoint '/project/3018078.01/Gaziv/Wormholes_FB/checkpoints/imagenet_l2_10_0.pt'
=> loaded checkpoint '/project/3018078.01/Gaziv/Wormholes_FB/checkpoints/imagenet_l2_10_0.pt' (epoch 106)
Done.
Running iteration: 3
Job [3]
Total number of configs: 64
0) ('resnet50_robust_mapped_RIN_l2_10_0', 0.0, 0, 0.0, nan)
1) ('resnet50_robust_mapped_RIN_l2_10_0', 0.1, 200, 0.02, nan)
2) ('resnet50_robust_mapped_RIN_l2_10_0', 0.5, 200, 0.1, nan)
3) ('resnet50_robust_mapped_RIN_l2_10_0', 1.0, 200, 0.3, nan)
4) ('resnet50_robust_mapped_RIN_l2_10_0', 2.0, 200, 0.3, nan)
5) ('resnet50_robust_mapped_RIN_l2_10_0', 3.0, 200, 0.3, nan)
6) ('resnet50_robust_mapped_RIN_l2_10_0', 5.0, 500, 0.5, nan)
7) ('resnet50_robust_mapped_RIN_l2_10_0', 7.5, 500, 0.5, nan)
8) ('resnet50_robust_mapped_RIN_l2_10_0', 10.0, 500, 0.5, nan)
9) ('resnet50_robust_mapped_RIN_l2_10_0', 15.0, 500, 0.5, nan)
10) ('resnet50_robust_mapped_RIN_l2_10_0', 20.0, 1000, 0.5, nan)
11) ('resnet50_robust_mapped_RIN_l2_10_0', 25.0, 1000, 0.5, nan)
12) ('resnet50_robust_mapped_RIN_l2_10_0', 30.0, 2000, 2.0, nan)
13) ('resnet50_robust_mapped_RIN_l2_10_0', 40.0, 2000, 2.0, nan)
14) ('resnet50_robust_mapped_RIN_l2_10_0', 50.0, 2000, 2.0, nan)
15) ('resnet50_robust_mapped_RIN_l2_10_0', 100.0, 5000, 2.0, nan)
16) ('resnet50_robust_mapped_RIN_l2_1_0', 0.0, 0, 0.0, nan)
17) ('resnet50_robust_mapped_RIN_l2_1_0', 0.1, 200, 0.02, nan)
18) ('resnet50_robust_mapped_RIN_l2_1_0', 0.5, 200, 0.1, nan)
19) ('resnet50_robust_mapped_RIN_l2_1_0', 1.0, 200, 0.3, nan)
20) ('resnet50_robust_mapped_RIN_l2_1_0', 2.0, 200, 0.3, nan)
21) ('resnet50_robust_mapped_RIN_l2_1_0', 3.0, 200, 0.3, nan)
22) ('resnet50_robust_mapped_RIN_l2_1_0', 5.0, 500, 0.5, nan)
23) ('resnet50_robust_mapped_RIN_l2_1_0', 7.5, 500, 0.5, nan)
24) ('resnet50_robust_mapped_RIN_l2_1_0', 10.0, 500, 0.5, nan)
25) ('resnet50_robust_mapped_RIN_l2_1_0', 15.0, 500, 0.5, nan)
26) ('resnet50_robust_mapped_RIN_l2_1_0', 20.0, 1000, 0.5, nan)
27) ('resnet50_robust_mapped_RIN_l2_1_0', 25.0, 1000, 0.5, nan)
28) ('resnet50_robust_mapped_RIN_l2_1_0', 30.0, 2000, 2.0, nan)
29) ('resnet50_robust_mapped_RIN_l2_1_0', 40.0, 2000, 2.0, nan)
30) ('resnet50_robust_mapped_RIN_l2_1_0', 50.0, 2000, 2.0, nan)
31) ('resnet50_robust_mapped_RIN_l2_1_0', 100.0, 5000, 2.0, nan)
32) ('resnet50_robust_mapped_RIN_l2_3_0', 0.0, 0, 0.0, nan)
33) ('resnet50_robust_mapped_RIN_l2_3_0', 0.1, 200, 0.02, nan)
34) ('resnet50_robust_mapped_RIN_l2_3_0', 0.5, 200, 0.1, nan)
35) ('resnet50_robust_mapped_RIN_l2_3_0', 1.0, 200, 0.3, nan)
36) ('resnet50_robust_mapped_RIN_l2_3_0', 2.0, 200, 0.3, nan)
37) ('resnet50_robust_mapped_RIN_l2_3_0', 3.0, 200, 0.3, nan)
38) ('resnet50_robust_mapped_RIN_l2_3_0', 5.0, 500, 0.5, nan)
39) ('resnet50_robust_mapped_RIN_l2_3_0', 7.5, 500, 0.5, nan)
40) ('resnet50_robust_mapped_RIN_l2_3_0', 10.0, 500, 0.5, nan)
41) ('resnet50_robust_mapped_RIN_l2_3_0', 15.0, 500, 0.5, nan)
42) ('resnet50_robust_mapped_RIN_l2_3_0', 20.0, 1000, 0.5, nan)
43) ('resnet50_robust_mapped_RIN_l2_3_0', 25.0, 1000, 0.5, nan)
44) ('resnet50_robust_mapped_RIN_l2_3_0', 30.0, 2000, 2.0, nan)
45) ('resnet50_robust_mapped_RIN_l2_3_0', 40.0, 2000, 2.0, nan)
46) ('resnet50_robust_mapped_RIN_l2_3_0', 50.0, 2000, 2.0, nan)
47) ('resnet50_robust_mapped_RIN_l2_3_0', 100.0, 5000, 2.0, nan)
48) ('resnet50_vanilla_mapped_RIN', 0.0, 0, 0.0, nan)
49) ('resnet50_vanilla_mapped_RIN', 0.1, 200, 0.02, nan)
50) ('resnet50_vanilla_mapped_RIN', 0.5, 200, 0.1, nan)
51) ('resnet50_vanilla_mapped_RIN', 1.0, 200, 0.3, nan)
52) ('resnet50_vanilla_mapped_RIN', 2.0, 200, 0.3, nan)
53) ('resnet50_vanilla_mapped_RIN', 3.0, 200, 0.3, nan)
54) ('resnet50_vanilla_mapped_RIN', 5.0, 500, 0.5, nan)
55) ('resnet50_vanilla_mapped_RIN', 7.5, 500, 0.5, nan)
56) ('resnet50_vanilla_mapped_RIN', 10.0, 500, 0.5, nan)
57) ('resnet50_vanilla_mapped_RIN', 15.0, 500, 0.5, nan)
58) ('resnet50_vanilla_mapped_RIN', 20.0, 1000, 0.5, nan)
59) ('resnet50_vanilla_mapped_RIN', 25.0, 1000, 0.5, nan)
60) ('resnet50_vanilla_mapped_RIN', 30.0, 2000, 2.0, nan)
61) ('resnet50_vanilla_mapped_RIN', 40.0, 2000, 2.0, nan)
62) ('resnet50_vanilla_mapped_RIN', 50.0, 2000, 2.0, nan)
63) ('resnet50_vanilla_mapped_RIN', 100.0, 5000, 2.0, nan)
(*) group(model_name='resnet50_robust_mapped_RIN_l2_10_0', budget=1.0, n_iter=200, step_size=0.3, interp_alpha=nan)
=> loading checkpoint '/project/3018078.01/Gaziv/Wormholes_FB/checkpoints/imagenet_l2_10_0.pt'
=> loaded checkpoint '/project/3018078.01/Gaziv/Wormholes_FB/checkpoints/imagenet_l2_10_0.pt' (epoch 106)
chunk [1/8]
chunk [2/8]
chunk [3/8]
chunk [4/8]
chunk [5/8]
chunk [6/8]
chunk [7/8]
chunk [8/8]
Model-subject [resnet50_robust_mapped_RIN_l2_1_0_v2]
=> loading checkpoint '/project/3018078.01/Gaziv/Wormholes_FB/checkpoints/imagenet_l2_1_0_v2.pt'
=> loaded checkpoint '/project/3018078.01/Gaziv/Wormholes_FB/checkpoints/imagenet_l2_1_0_v2.pt' (epoch 176)
Model-subject [resnet50_robust_mapped_RIN_l2_3_0_v2]
=> loading checkpoint '/project/3018078.01/Gaziv/Wormholes_FB/checkpoints/imagenet_l2_3_0_v2.pt'
=> loaded checkpoint '/project/3018078.01/Gaziv/Wormholes_FB/checkpoints/imagenet_l2_3_0_v2.pt' (epoch 131)
Model-subject [resnet50_robust_mapped_RIN_l2_10_0_v2]
=> loading checkpoint '/project/3018078.01/Gaziv/Wormholes_FB/checkpoints/imagenet_l2_10_0_v2.pt'
=> loaded checkpoint '/project/3018078.01/Gaziv/Wormholes_FB/checkpoints/imagenet_l2_10_0_v2.pt' (epoch 200)
Model-subject [resnet50_vanilla_mapped_RIN_v2]
=> loading checkpoint '/project/3018078.01/Gaziv/Wormholes_FB/checkpoints/imagenet_vanilla_v2.pt'
=> loaded checkpoint '/project/3018078.01/Gaziv/Wormholes_FB/checkpoints/imagenet_vanilla_v2.pt' (epoch 171)
Model-subject [resnet50_robust_mapped_RIN_l2_10_0]
=> loading checkpoint '/project/3018078.01/Gaziv/Wormholes_FB/checkpoints/imagenet_l2_10_0.pt'
=> loaded checkpoint '/project/3018078.01/Gaziv/Wormholes_FB/checkpoints/imagenet_l2_10_0.pt' (epoch 106)
Done.
Running iteration: 4
Job [4]
Total number of configs: 64
0) ('resnet50_robust_mapped_RIN_l2_10_0', 0.0, 0, 0.0, nan)
1) ('resnet50_robust_mapped_RIN_l2_10_0', 0.1, 200, 0.02, nan)
2) ('resnet50_robust_mapped_RIN_l2_10_0', 0.5, 200, 0.1, nan)
3) ('resnet50_robust_mapped_RIN_l2_10_0', 1.0, 200, 0.3, nan)
4) ('resnet50_robust_mapped_RIN_l2_10_0', 2.0, 200, 0.3, nan)
5) ('resnet50_robust_mapped_RIN_l2_10_0', 3.0, 200, 0.3, nan)
6) ('resnet50_robust_mapped_RIN_l2_10_0', 5.0, 500, 0.5, nan)
7) ('resnet50_robust_mapped_RIN_l2_10_0', 7.5, 500, 0.5, nan)
8) ('resnet50_robust_mapped_RIN_l2_10_0', 10.0, 500, 0.5, nan)
9) ('resnet50_robust_mapped_RIN_l2_10_0', 15.0, 500, 0.5, nan)
10) ('resnet50_robust_mapped_RIN_l2_10_0', 20.0, 1000, 0.5, nan)
11) ('resnet50_robust_mapped_RIN_l2_10_0', 25.0, 1000, 0.5, nan)
12) ('resnet50_robust_mapped_RIN_l2_10_0', 30.0, 2000, 2.0, nan)
13) ('resnet50_robust_mapped_RIN_l2_10_0', 40.0, 2000, 2.0, nan)
14) ('resnet50_robust_mapped_RIN_l2_10_0', 50.0, 2000, 2.0, nan)
15) ('resnet50_robust_mapped_RIN_l2_10_0', 100.0, 5000, 2.0, nan)
16) ('resnet50_robust_mapped_RIN_l2_1_0', 0.0, 0, 0.0, nan)
17) ('resnet50_robust_mapped_RIN_l2_1_0', 0.1, 200, 0.02, nan)
18) ('resnet50_robust_mapped_RIN_l2_1_0', 0.5, 200, 0.1, nan)
19) ('resnet50_robust_mapped_RIN_l2_1_0', 1.0, 200, 0.3, nan)
20) ('resnet50_robust_mapped_RIN_l2_1_0', 2.0, 200, 0.3, nan)
21) ('resnet50_robust_mapped_RIN_l2_1_0', 3.0, 200, 0.3, nan)
22) ('resnet50_robust_mapped_RIN_l2_1_0', 5.0, 500, 0.5, nan)
23) ('resnet50_robust_mapped_RIN_l2_1_0', 7.5, 500, 0.5, nan)
24) ('resnet50_robust_mapped_RIN_l2_1_0', 10.0, 500, 0.5, nan)
25) ('resnet50_robust_mapped_RIN_l2_1_0', 15.0, 500, 0.5, nan)
26) ('resnet50_robust_mapped_RIN_l2_1_0', 20.0, 1000, 0.5, nan)
27) ('resnet50_robust_mapped_RIN_l2_1_0', 25.0, 1000, 0.5, nan)
28) ('resnet50_robust_mapped_RIN_l2_1_0', 30.0, 2000, 2.0, nan)
29) ('resnet50_robust_mapped_RIN_l2_1_0', 40.0, 2000, 2.0, nan)
30) ('resnet50_robust_mapped_RIN_l2_1_0', 50.0, 2000, 2.0, nan)
31) ('resnet50_robust_mapped_RIN_l2_1_0', 100.0, 5000, 2.0, nan)
32) ('resnet50_robust_mapped_RIN_l2_3_0', 0.0, 0, 0.0, nan)
33) ('resnet50_robust_mapped_RIN_l2_3_0', 0.1, 200, 0.02, nan)
34) ('resnet50_robust_mapped_RIN_l2_3_0', 0.5, 200, 0.1, nan)
35) ('resnet50_robust_mapped_RIN_l2_3_0', 1.0, 200, 0.3, nan)
36) ('resnet50_robust_mapped_RIN_l2_3_0', 2.0, 200, 0.3, nan)
37) ('resnet50_robust_mapped_RIN_l2_3_0', 3.0, 200, 0.3, nan)
38) ('resnet50_robust_mapped_RIN_l2_3_0', 5.0, 500, 0.5, nan)
39) ('resnet50_robust_mapped_RIN_l2_3_0', 7.5, 500, 0.5, nan)
40) ('resnet50_robust_mapped_RIN_l2_3_0', 10.0, 500, 0.5, nan)
41) ('resnet50_robust_mapped_RIN_l2_3_0', 15.0, 500, 0.5, nan)
42) ('resnet50_robust_mapped_RIN_l2_3_0', 20.0, 1000, 0.5, nan)
43) ('resnet50_robust_mapped_RIN_l2_3_0', 25.0, 1000, 0.5, nan)
44) ('resnet50_robust_mapped_RIN_l2_3_0', 30.0, 2000, 2.0, nan)
45) ('resnet50_robust_mapped_RIN_l2_3_0', 40.0, 2000, 2.0, nan)
46) ('resnet50_robust_mapped_RIN_l2_3_0', 50.0, 2000, 2.0, nan)
47) ('resnet50_robust_mapped_RIN_l2_3_0', 100.0, 5000, 2.0, nan)
48) ('resnet50_vanilla_mapped_RIN', 0.0, 0, 0.0, nan)
49) ('resnet50_vanilla_mapped_RIN', 0.1, 200, 0.02, nan)
50) ('resnet50_vanilla_mapped_RIN', 0.5, 200, 0.1, nan)
51) ('resnet50_vanilla_mapped_RIN', 1.0, 200, 0.3, nan)
52) ('resnet50_vanilla_mapped_RIN', 2.0, 200, 0.3, nan)
53) ('resnet50_vanilla_mapped_RIN', 3.0, 200, 0.3, nan)
54) ('resnet50_vanilla_mapped_RIN', 5.0, 500, 0.5, nan)
55) ('resnet50_vanilla_mapped_RIN', 7.5, 500, 0.5, nan)
56) ('resnet50_vanilla_mapped_RIN', 10.0, 500, 0.5, nan)
57) ('resnet50_vanilla_mapped_RIN', 15.0, 500, 0.5, nan)
58) ('resnet50_vanilla_mapped_RIN', 20.0, 1000, 0.5, nan)
59) ('resnet50_vanilla_mapped_RIN', 25.0, 1000, 0.5, nan)
60) ('resnet50_vanilla_mapped_RIN', 30.0, 2000, 2.0, nan)
61) ('resnet50_vanilla_mapped_RIN', 40.0, 2000, 2.0, nan)
62) ('resnet50_vanilla_mapped_RIN', 50.0, 2000, 2.0, nan)
63) ('resnet50_vanilla_mapped_RIN', 100.0, 5000, 2.0, nan)
(*) group(model_name='resnet50_robust_mapped_RIN_l2_10_0', budget=2.0, n_iter=200, step_size=0.3, interp_alpha=nan)
=> loading checkpoint '/project/3018078.01/Gaziv/Wormholes_FB/checkpoints/imagenet_l2_10_0.pt'
=> loaded checkpoint '/project/3018078.01/Gaziv/Wormholes_FB/checkpoints/imagenet_l2_10_0.pt' (epoch 106)
chunk [1/8]
chunk [2/8]
chunk [3/8]
chunk [4/8]
chunk [5/8]
chunk [6/8]
chunk [7/8]
chunk [8/8]
Model-subject [resnet50_robust_mapped_RIN_l2_1_0_v2]
=> loading checkpoint '/project/3018078.01/Gaziv/Wormholes_FB/checkpoints/imagenet_l2_1_0_v2.pt'
=> loaded checkpoint '/project/3018078.01/Gaziv/Wormholes_FB/checkpoints/imagenet_l2_1_0_v2.pt' (epoch 176)
Model-subject [resnet50_robust_mapped_RIN_l2_3_0_v2]
=> loading checkpoint '/project/3018078.01/Gaziv/Wormholes_FB/checkpoints/imagenet_l2_3_0_v2.pt'
=> loaded checkpoint '/project/3018078.01/Gaziv/Wormholes_FB/checkpoints/imagenet_l2_3_0_v2.pt' (epoch 131)
Model-subject [resnet50_robust_mapped_RIN_l2_10_0_v2]
=> loading checkpoint '/project/3018078.01/Gaziv/Wormholes_FB/checkpoints/imagenet_l2_10_0_v2.pt'
=> loaded checkpoint '/project/3018078.01/Gaziv/Wormholes_FB/checkpoints/imagenet_l2_10_0_v2.pt' (epoch 200)
Model-subject [resnet50_vanilla_mapped_RIN_v2]
=> loading checkpoint '/project/3018078.01/Gaziv/Wormholes_FB/checkpoints/imagenet_vanilla_v2.pt'
=> loaded checkpoint '/project/3018078.01/Gaziv/Wormholes_FB/checkpoints/imagenet_vanilla_v2.pt' (epoch 171)
Model-subject [resnet50_robust_mapped_RIN_l2_10_0]
=> loading checkpoint '/project/3018078.01/Gaziv/Wormholes_FB/checkpoints/imagenet_l2_10_0.pt'
=> loaded checkpoint '/project/3018078.01/Gaziv/Wormholes_FB/checkpoints/imagenet_l2_10_0.pt' (epoch 106)
Done.
Running iteration: 5
Job [5]
Total number of configs: 64
0) ('resnet50_robust_mapped_RIN_l2_10_0', 0.0, 0, 0.0, nan)
1) ('resnet50_robust_mapped_RIN_l2_10_0', 0.1, 200, 0.02, nan)
2) ('resnet50_robust_mapped_RIN_l2_10_0', 0.5, 200, 0.1, nan)
3) ('resnet50_robust_mapped_RIN_l2_10_0', 1.0, 200, 0.3, nan)
4) ('resnet50_robust_mapped_RIN_l2_10_0', 2.0, 200, 0.3, nan)
5) ('resnet50_robust_mapped_RIN_l2_10_0', 3.0, 200, 0.3, nan)
6) ('resnet50_robust_mapped_RIN_l2_10_0', 5.0, 500, 0.5, nan)
7) ('resnet50_robust_mapped_RIN_l2_10_0', 7.5, 500, 0.5, nan)
8) ('resnet50_robust_mapped_RIN_l2_10_0', 10.0, 500, 0.5, nan)
9) ('resnet50_robust_mapped_RIN_l2_10_0', 15.0, 500, 0.5, nan)
10) ('resnet50_robust_mapped_RIN_l2_10_0', 20.0, 1000, 0.5, nan)
11) ('resnet50_robust_mapped_RIN_l2_10_0', 25.0, 1000, 0.5, nan)
12) ('resnet50_robust_mapped_RIN_l2_10_0', 30.0, 2000, 2.0, nan)
13) ('resnet50_robust_mapped_RIN_l2_10_0', 40.0, 2000, 2.0, nan)
14) ('resnet50_robust_mapped_RIN_l2_10_0', 50.0, 2000, 2.0, nan)
15) ('resnet50_robust_mapped_RIN_l2_10_0', 100.0, 5000, 2.0, nan)
16) ('resnet50_robust_mapped_RIN_l2_1_0', 0.0, 0, 0.0, nan)
17) ('resnet50_robust_mapped_RIN_l2_1_0', 0.1, 200, 0.02, nan)
18) ('resnet50_robust_mapped_RIN_l2_1_0', 0.5, 200, 0.1, nan)
19) ('resnet50_robust_mapped_RIN_l2_1_0', 1.0, 200, 0.3, nan)
20) ('resnet50_robust_mapped_RIN_l2_1_0', 2.0, 200, 0.3, nan)
21) ('resnet50_robust_mapped_RIN_l2_1_0', 3.0, 200, 0.3, nan)
22) ('resnet50_robust_mapped_RIN_l2_1_0', 5.0, 500, 0.5, nan)
23) ('resnet50_robust_mapped_RIN_l2_1_0', 7.5, 500, 0.5, nan)
24) ('resnet50_robust_mapped_RIN_l2_1_0', 10.0, 500, 0.5, nan)
25) ('resnet50_robust_mapped_RIN_l2_1_0', 15.0, 500, 0.5, nan)
26) ('resnet50_robust_mapped_RIN_l2_1_0', 20.0, 1000, 0.5, nan)
27) ('resnet50_robust_mapped_RIN_l2_1_0', 25.0, 1000, 0.5, nan)
28) ('resnet50_robust_mapped_RIN_l2_1_0', 30.0, 2000, 2.0, nan)
29) ('resnet50_robust_mapped_RIN_l2_1_0', 40.0, 2000, 2.0, nan)
30) ('resnet50_robust_mapped_RIN_l2_1_0', 50.0, 2000, 2.0, nan)
31) ('resnet50_robust_mapped_RIN_l2_1_0', 100.0, 5000, 2.0, nan)
32) ('resnet50_robust_mapped_RIN_l2_3_0', 0.0, 0, 0.0, nan)
33) ('resnet50_robust_mapped_RIN_l2_3_0', 0.1, 200, 0.02, nan)
34) ('resnet50_robust_mapped_RIN_l2_3_0', 0.5, 200, 0.1, nan)
35) ('resnet50_robust_mapped_RIN_l2_3_0', 1.0, 200, 0.3, nan)
36) ('resnet50_robust_mapped_RIN_l2_3_0', 2.0, 200, 0.3, nan)
37) ('resnet50_robust_mapped_RIN_l2_3_0', 3.0, 200, 0.3, nan)
38) ('resnet50_robust_mapped_RIN_l2_3_0', 5.0, 500, 0.5, nan)
39) ('resnet50_robust_mapped_RIN_l2_3_0', 7.5, 500, 0.5, nan)
40) ('resnet50_robust_mapped_RIN_l2_3_0', 10.0, 500, 0.5, nan)
41) ('resnet50_robust_mapped_RIN_l2_3_0', 15.0, 500, 0.5, nan)
42) ('resnet50_robust_mapped_RIN_l2_3_0', 20.0, 1000, 0.5, nan)
43) ('resnet50_robust_mapped_RIN_l2_3_0', 25.0, 1000, 0.5, nan)
44) ('resnet50_robust_mapped_RIN_l2_3_0', 30.0, 2000, 2.0, nan)
45) ('resnet50_robust_mapped_RIN_l2_3_0', 40.0, 2000, 2.0, nan)
46) ('resnet50_robust_mapped_RIN_l2_3_0', 50.0, 2000, 2.0, nan)
47) ('resnet50_robust_mapped_RIN_l2_3_0', 100.0, 5000, 2.0, nan)
48) ('resnet50_vanilla_mapped_RIN', 0.0, 0, 0.0, nan)
49) ('resnet50_vanilla_mapped_RIN', 0.1, 200, 0.02, nan)
50) ('resnet50_vanilla_mapped_RIN', 0.5, 200, 0.1, nan)
51) ('resnet50_vanilla_mapped_RIN', 1.0, 200, 0.3, nan)
52) ('resnet50_vanilla_mapped_RIN', 2.0, 200, 0.3, nan)
53) ('resnet50_vanilla_mapped_RIN', 3.0, 200, 0.3, nan)
54) ('resnet50_vanilla_mapped_RIN', 5.0, 500, 0.5, nan)
55) ('resnet50_vanilla_mapped_RIN', 7.5, 500, 0.5, nan)
56) ('resnet50_vanilla_mapped_RIN', 10.0, 500, 0.5, nan)
57) ('resnet50_vanilla_mapped_RIN', 15.0, 500, 0.5, nan)
58) ('resnet50_vanilla_mapped_RIN', 20.0, 1000, 0.5, nan)
59) ('resnet50_vanilla_mapped_RIN', 25.0, 1000, 0.5, nan)
60) ('resnet50_vanilla_mapped_RIN', 30.0, 2000, 2.0, nan)
61) ('resnet50_vanilla_mapped_RIN', 40.0, 2000, 2.0, nan)
62) ('resnet50_vanilla_mapped_RIN', 50.0, 2000, 2.0, nan)
63) ('resnet50_vanilla_mapped_RIN', 100.0, 5000, 2.0, nan)
(*) group(model_name='resnet50_robust_mapped_RIN_l2_10_0', budget=3.0, n_iter=200, step_size=0.3, interp_alpha=nan)
=> loading checkpoint '/project/3018078.01/Gaziv/Wormholes_FB/checkpoints/imagenet_l2_10_0.pt'
=> loaded checkpoint '/project/3018078.01/Gaziv/Wormholes_FB/checkpoints/imagenet_l2_10_0.pt' (epoch 106)
chunk [1/8]
chunk [2/8]
chunk [3/8]
chunk [4/8]
chunk [5/8]
chunk [6/8]
chunk [7/8]
chunk [8/8]
Model-subject [resnet50_robust_mapped_RIN_l2_1_0_v2]
=> loading checkpoint '/project/3018078.01/Gaziv/Wormholes_FB/checkpoints/imagenet_l2_1_0_v2.pt'
=> loaded checkpoint '/project/3018078.01/Gaziv/Wormholes_FB/checkpoints/imagenet_l2_1_0_v2.pt' (epoch 176)
Model-subject [resnet50_robust_mapped_RIN_l2_3_0_v2]
=> loading checkpoint '/project/3018078.01/Gaziv/Wormholes_FB/checkpoints/imagenet_l2_3_0_v2.pt'
=> loaded checkpoint '/project/3018078.01/Gaziv/Wormholes_FB/checkpoints/imagenet_l2_3_0_v2.pt' (epoch 131)
Model-subject [resnet50_robust_mapped_RIN_l2_10_0_v2]
=> loading checkpoint '/project/3018078.01/Gaziv/Wormholes_FB/checkpoints/imagenet_l2_10_0_v2.pt'
=> loaded checkpoint '/project/3018078.01/Gaziv/Wormholes_FB/checkpoints/imagenet_l2_10_0_v2.pt' (epoch 200)
Model-subject [resnet50_vanilla_mapped_RIN_v2]
=> loading checkpoint '/project/3018078.01/Gaziv/Wormholes_FB/checkpoints/imagenet_vanilla_v2.pt'
=> loaded checkpoint '/project/3018078.01/Gaziv/Wormholes_FB/checkpoints/imagenet_vanilla_v2.pt' (epoch 171)
Model-subject [resnet50_robust_mapped_RIN_l2_10_0]
=> loading checkpoint '/project/3018078.01/Gaziv/Wormholes_FB/checkpoints/imagenet_l2_10_0.pt'
=> loaded checkpoint '/project/3018078.01/Gaziv/Wormholes_FB/checkpoints/imagenet_l2_10_0.pt' (epoch 106)
Done.
Running iteration: 6
Job [6]
Total number of configs: 64
0) ('resnet50_robust_mapped_RIN_l2_10_0', 0.0, 0, 0.0, nan)
1) ('resnet50_robust_mapped_RIN_l2_10_0', 0.1, 200, 0.02, nan)
2) ('resnet50_robust_mapped_RIN_l2_10_0', 0.5, 200, 0.1, nan)
3) ('resnet50_robust_mapped_RIN_l2_10_0', 1.0, 200, 0.3, nan)
4) ('resnet50_robust_mapped_RIN_l2_10_0', 2.0, 200, 0.3, nan)
5) ('resnet50_robust_mapped_RIN_l2_10_0', 3.0, 200, 0.3, nan)
6) ('resnet50_robust_mapped_RIN_l2_10_0', 5.0, 500, 0.5, nan)
7) ('resnet50_robust_mapped_RIN_l2_10_0', 7.5, 500, 0.5, nan)
8) ('resnet50_robust_mapped_RIN_l2_10_0', 10.0, 500, 0.5, nan)
9) ('resnet50_robust_mapped_RIN_l2_10_0', 15.0, 500, 0.5, nan)
10) ('resnet50_robust_mapped_RIN_l2_10_0', 20.0, 1000, 0.5, nan)
11) ('resnet50_robust_mapped_RIN_l2_10_0', 25.0, 1000, 0.5, nan)
12) ('resnet50_robust_mapped_RIN_l2_10_0', 30.0, 2000, 2.0, nan)
13) ('resnet50_robust_mapped_RIN_l2_10_0', 40.0, 2000, 2.0, nan)
14) ('resnet50_robust_mapped_RIN_l2_10_0', 50.0, 2000, 2.0, nan)
15) ('resnet50_robust_mapped_RIN_l2_10_0', 100.0, 5000, 2.0, nan)
16) ('resnet50_robust_mapped_RIN_l2_1_0', 0.0, 0, 0.0, nan)
17) ('resnet50_robust_mapped_RIN_l2_1_0', 0.1, 200, 0.02, nan)
18) ('resnet50_robust_mapped_RIN_l2_1_0', 0.5, 200, 0.1, nan)
19) ('resnet50_robust_mapped_RIN_l2_1_0', 1.0, 200, 0.3, nan)
20) ('resnet50_robust_mapped_RIN_l2_1_0', 2.0, 200, 0.3, nan)
21) ('resnet50_robust_mapped_RIN_l2_1_0', 3.0, 200, 0.3, nan)
22) ('resnet50_robust_mapped_RIN_l2_1_0', 5.0, 500, 0.5, nan)
23) ('resnet50_robust_mapped_RIN_l2_1_0', 7.5, 500, 0.5, nan)
24) ('resnet50_robust_mapped_RIN_l2_1_0', 10.0, 500, 0.5, nan)
25) ('resnet50_robust_mapped_RIN_l2_1_0', 15.0, 500, 0.5, nan)
26) ('resnet50_robust_mapped_RIN_l2_1_0', 20.0, 1000, 0.5, nan)
27) ('resnet50_robust_mapped_RIN_l2_1_0', 25.0, 1000, 0.5, nan)
28) ('resnet50_robust_mapped_RIN_l2_1_0', 30.0, 2000, 2.0, nan)
29) ('resnet50_robust_mapped_RIN_l2_1_0', 40.0, 2000, 2.0, nan)
30) ('resnet50_robust_mapped_RIN_l2_1_0', 50.0, 2000, 2.0, nan)
31) ('resnet50_robust_mapped_RIN_l2_1_0', 100.0, 5000, 2.0, nan)
32) ('resnet50_robust_mapped_RIN_l2_3_0', 0.0, 0, 0.0, nan)
33) ('resnet50_robust_mapped_RIN_l2_3_0', 0.1, 200, 0.02, nan)
34) ('resnet50_robust_mapped_RIN_l2_3_0', 0.5, 200, 0.1, nan)
35) ('resnet50_robust_mapped_RIN_l2_3_0', 1.0, 200, 0.3, nan)
36) ('resnet50_robust_mapped_RIN_l2_3_0', 2.0, 200, 0.3, nan)
37) ('resnet50_robust_mapped_RIN_l2_3_0', 3.0, 200, 0.3, nan)
38) ('resnet50_robust_mapped_RIN_l2_3_0', 5.0, 500, 0.5, nan)
39) ('resnet50_robust_mapped_RIN_l2_3_0', 7.5, 500, 0.5, nan)
40) ('resnet50_robust_mapped_RIN_l2_3_0', 10.0, 500, 0.5, nan)
41) ('resnet50_robust_mapped_RIN_l2_3_0', 15.0, 500, 0.5, nan)
42) ('resnet50_robust_mapped_RIN_l2_3_0', 20.0, 1000, 0.5, nan)
43) ('resnet50_robust_mapped_RIN_l2_3_0', 25.0, 1000, 0.5, nan)
44) ('resnet50_robust_mapped_RIN_l2_3_0', 30.0, 2000, 2.0, nan)
45) ('resnet50_robust_mapped_RIN_l2_3_0', 40.0, 2000, 2.0, nan)
46) ('resnet50_robust_mapped_RIN_l2_3_0', 50.0, 2000, 2.0, nan)
47) ('resnet50_robust_mapped_RIN_l2_3_0', 100.0, 5000, 2.0, nan)
48) ('resnet50_vanilla_mapped_RIN', 0.0, 0, 0.0, nan)
49) ('resnet50_vanilla_mapped_RIN', 0.1, 200, 0.02, nan)
50) ('resnet50_vanilla_mapped_RIN', 0.5, 200, 0.1, nan)
51) ('resnet50_vanilla_mapped_RIN', 1.0, 200, 0.3, nan)
52) ('resnet50_vanilla_mapped_RIN', 2.0, 200, 0.3, nan)
53) ('resnet50_vanilla_mapped_RIN', 3.0, 200, 0.3, nan)
54) ('resnet50_vanilla_mapped_RIN', 5.0, 500, 0.5, nan)
55) ('resnet50_vanilla_mapped_RIN', 7.5, 500, 0.5, nan)
56) ('resnet50_vanilla_mapped_RIN', 10.0, 500, 0.5, nan)
57) ('resnet50_vanilla_mapped_RIN', 15.0, 500, 0.5, nan)
58) ('resnet50_vanilla_mapped_RIN', 20.0, 1000, 0.5, nan)
59) ('resnet50_vanilla_mapped_RIN', 25.0, 1000, 0.5, nan)
60) ('resnet50_vanilla_mapped_RIN', 30.0, 2000, 2.0, nan)
61) ('resnet50_vanilla_mapped_RIN', 40.0, 2000, 2.0, nan)
62) ('resnet50_vanilla_mapped_RIN', 50.0, 2000, 2.0, nan)
63) ('resnet50_vanilla_mapped_RIN', 100.0, 5000, 2.0, nan)
(*) group(model_name='resnet50_robust_mapped_RIN_l2_10_0', budget=5.0, n_iter=500, step_size=0.5, interp_alpha=nan)
=> loading checkpoint '/project/3018078.01/Gaziv/Wormholes_FB/checkpoints/imagenet_l2_10_0.pt'
=> loaded checkpoint '/project/3018078.01/Gaziv/Wormholes_FB/checkpoints/imagenet_l2_10_0.pt' (epoch 106)
chunk [1/8]
chunk [2/8]
chunk [3/8]
chunk [4/8]
chunk [5/8]
chunk [6/8]
chunk [7/8]
chunk [8/8]
Model-subject [resnet50_robust_mapped_RIN_l2_1_0_v2]
=> loading checkpoint '/project/3018078.01/Gaziv/Wormholes_FB/checkpoints/imagenet_l2_1_0_v2.pt'
=> loaded checkpoint '/project/3018078.01/Gaziv/Wormholes_FB/checkpoints/imagenet_l2_1_0_v2.pt' (epoch 176)
Model-subject [resnet50_robust_mapped_RIN_l2_3_0_v2]
=> loading checkpoint '/project/3018078.01/Gaziv/Wormholes_FB/checkpoints/imagenet_l2_3_0_v2.pt'
=> loaded checkpoint '/project/3018078.01/Gaziv/Wormholes_FB/checkpoints/imagenet_l2_3_0_v2.pt' (epoch 131)
Model-subject [resnet50_robust_mapped_RIN_l2_10_0_v2]
=> loading checkpoint '/project/3018078.01/Gaziv/Wormholes_FB/checkpoints/imagenet_l2_10_0_v2.pt'
=> loaded checkpoint '/project/3018078.01/Gaziv/Wormholes_FB/checkpoints/imagenet_l2_10_0_v2.pt' (epoch 200)
Model-subject [resnet50_vanilla_mapped_RIN_v2]
=> loading checkpoint '/project/3018078.01/Gaziv/Wormholes_FB/checkpoints/imagenet_vanilla_v2.pt'
=> loaded checkpoint '/project/3018078.01/Gaziv/Wormholes_FB/checkpoints/imagenet_vanilla_v2.pt' (epoch 171)
Model-subject [resnet50_robust_mapped_RIN_l2_10_0]
=> loading checkpoint '/project/3018078.01/Gaziv/Wormholes_FB/checkpoints/imagenet_l2_10_0.pt'
=> loaded checkpoint '/project/3018078.01/Gaziv/Wormholes_FB/checkpoints/imagenet_l2_10_0.pt' (epoch 106)
Done.
Running iteration: 7
Job [7]
Total number of configs: 64
0) ('resnet50_robust_mapped_RIN_l2_10_0', 0.0, 0, 0.0, nan)
1) ('resnet50_robust_mapped_RIN_l2_10_0', 0.1, 200, 0.02, nan)
2) ('resnet50_robust_mapped_RIN_l2_10_0', 0.5, 200, 0.1, nan)
3) ('resnet50_robust_mapped_RIN_l2_10_0', 1.0, 200, 0.3, nan)
4) ('resnet50_robust_mapped_RIN_l2_10_0', 2.0, 200, 0.3, nan)
5) ('resnet50_robust_mapped_RIN_l2_10_0', 3.0, 200, 0.3, nan)
6) ('resnet50_robust_mapped_RIN_l2_10_0', 5.0, 500, 0.5, nan)
7) ('resnet50_robust_mapped_RIN_l2_10_0', 7.5, 500, 0.5, nan)
8) ('resnet50_robust_mapped_RIN_l2_10_0', 10.0, 500, 0.5, nan)
9) ('resnet50_robust_mapped_RIN_l2_10_0', 15.0, 500, 0.5, nan)
10) ('resnet50_robust_mapped_RIN_l2_10_0', 20.0, 1000, 0.5, nan)
11) ('resnet50_robust_mapped_RIN_l2_10_0', 25.0, 1000, 0.5, nan)
12) ('resnet50_robust_mapped_RIN_l2_10_0', 30.0, 2000, 2.0, nan)
13) ('resnet50_robust_mapped_RIN_l2_10_0', 40.0, 2000, 2.0, nan)
14) ('resnet50_robust_mapped_RIN_l2_10_0', 50.0, 2000, 2.0, nan)
15) ('resnet50_robust_mapped_RIN_l2_10_0', 100.0, 5000, 2.0, nan)
16) ('resnet50_robust_mapped_RIN_l2_1_0', 0.0, 0, 0.0, nan)
17) ('resnet50_robust_mapped_RIN_l2_1_0', 0.1, 200, 0.02, nan)
18) ('resnet50_robust_mapped_RIN_l2_1_0', 0.5, 200, 0.1, nan)
19) ('resnet50_robust_mapped_RIN_l2_1_0', 1.0, 200, 0.3, nan)
20) ('resnet50_robust_mapped_RIN_l2_1_0', 2.0, 200, 0.3, nan)
21) ('resnet50_robust_mapped_RIN_l2_1_0', 3.0, 200, 0.3, nan)
22) ('resnet50_robust_mapped_RIN_l2_1_0', 5.0, 500, 0.5, nan)
23) ('resnet50_robust_mapped_RIN_l2_1_0', 7.5, 500, 0.5, nan)
24) ('resnet50_robust_mapped_RIN_l2_1_0', 10.0, 500, 0.5, nan)
25) ('resnet50_robust_mapped_RIN_l2_1_0', 15.0, 500, 0.5, nan)
26) ('resnet50_robust_mapped_RIN_l2_1_0', 20.0, 1000, 0.5, nan)
27) ('resnet50_robust_mapped_RIN_l2_1_0', 25.0, 1000, 0.5, nan)
28) ('resnet50_robust_mapped_RIN_l2_1_0', 30.0, 2000, 2.0, nan)
29) ('resnet50_robust_mapped_RIN_l2_1_0', 40.0, 2000, 2.0, nan)
30) ('resnet50_robust_mapped_RIN_l2_1_0', 50.0, 2000, 2.0, nan)
31) ('resnet50_robust_mapped_RIN_l2_1_0', 100.0, 5000, 2.0, nan)
32) ('resnet50_robust_mapped_RIN_l2_3_0', 0.0, 0, 0.0, nan)
33) ('resnet50_robust_mapped_RIN_l2_3_0', 0.1, 200, 0.02, nan)
34) ('resnet50_robust_mapped_RIN_l2_3_0', 0.5, 200, 0.1, nan)
35) ('resnet50_robust_mapped_RIN_l2_3_0', 1.0, 200, 0.3, nan)
36) ('resnet50_robust_mapped_RIN_l2_3_0', 2.0, 200, 0.3, nan)
37) ('resnet50_robust_mapped_RIN_l2_3_0', 3.0, 200, 0.3, nan)
38) ('resnet50_robust_mapped_RIN_l2_3_0', 5.0, 500, 0.5, nan)
39) ('resnet50_robust_mapped_RIN_l2_3_0', 7.5, 500, 0.5, nan)
40) ('resnet50_robust_mapped_RIN_l2_3_0', 10.0, 500, 0.5, nan)
41) ('resnet50_robust_mapped_RIN_l2_3_0', 15.0, 500, 0.5, nan)
42) ('resnet50_robust_mapped_RIN_l2_3_0', 20.0, 1000, 0.5, nan)
43) ('resnet50_robust_mapped_RIN_l2_3_0', 25.0, 1000, 0.5, nan)
44) ('resnet50_robust_mapped_RIN_l2_3_0', 30.0, 2000, 2.0, nan)
45) ('resnet50_robust_mapped_RIN_l2_3_0', 40.0, 2000, 2.0, nan)
46) ('resnet50_robust_mapped_RIN_l2_3_0', 50.0, 2000, 2.0, nan)
47) ('resnet50_robust_mapped_RIN_l2_3_0', 100.0, 5000, 2.0, nan)
48) ('resnet50_vanilla_mapped_RIN', 0.0, 0, 0.0, nan)
49) ('resnet50_vanilla_mapped_RIN', 0.1, 200, 0.02, nan)
50) ('resnet50_vanilla_mapped_RIN', 0.5, 200, 0.1, nan)
51) ('resnet50_vanilla_mapped_RIN', 1.0, 200, 0.3, nan)
52) ('resnet50_vanilla_mapped_RIN', 2.0, 200, 0.3, nan)
53) ('resnet50_vanilla_mapped_RIN', 3.0, 200, 0.3, nan)
54) ('resnet50_vanilla_mapped_RIN', 5.0, 500, 0.5, nan)
55) ('resnet50_vanilla_mapped_RIN', 7.5, 500, 0.5, nan)
56) ('resnet50_vanilla_mapped_RIN', 10.0, 500, 0.5, nan)
57) ('resnet50_vanilla_mapped_RIN', 15.0, 500, 0.5, nan)
58) ('resnet50_vanilla_mapped_RIN', 20.0, 1000, 0.5, nan)
59) ('resnet50_vanilla_mapped_RIN', 25.0, 1000, 0.5, nan)
60) ('resnet50_vanilla_mapped_RIN', 30.0, 2000, 2.0, nan)
61) ('resnet50_vanilla_mapped_RIN', 40.0, 2000, 2.0, nan)
62) ('resnet50_vanilla_mapped_RIN', 50.0, 2000, 2.0, nan)
63) ('resnet50_vanilla_mapped_RIN', 100.0, 5000, 2.0, nan)
(*) group(model_name='resnet50_robust_mapped_RIN_l2_10_0', budget=7.5, n_iter=500, step_size=0.5, interp_alpha=nan)
=> loading checkpoint '/project/3018078.01/Gaziv/Wormholes_FB/checkpoints/imagenet_l2_10_0.pt'
=> loaded checkpoint '/project/3018078.01/Gaziv/Wormholes_FB/checkpoints/imagenet_l2_10_0.pt' (epoch 106)
chunk [1/8]
chunk [2/8]
chunk [3/8]
chunk [4/8]
chunk [5/8]
chunk [6/8]
chunk [7/8]
chunk [8/8]
Model-subject [resnet50_robust_mapped_RIN_l2_1_0_v2]
=> loading checkpoint '/project/3018078.01/Gaziv/Wormholes_FB/checkpoints/imagenet_l2_1_0_v2.pt'
=> loaded checkpoint '/project/3018078.01/Gaziv/Wormholes_FB/checkpoints/imagenet_l2_1_0_v2.pt' (epoch 176)
Model-subject [resnet50_robust_mapped_RIN_l2_3_0_v2]
=> loading checkpoint '/project/3018078.01/Gaziv/Wormholes_FB/checkpoints/imagenet_l2_3_0_v2.pt'
=> loaded checkpoint '/project/3018078.01/Gaziv/Wormholes_FB/checkpoints/imagenet_l2_3_0_v2.pt' (epoch 131)
Model-subject [resnet50_robust_mapped_RIN_l2_10_0_v2]
=> loading checkpoint '/project/3018078.01/Gaziv/Wormholes_FB/checkpoints/imagenet_l2_10_0_v2.pt'
=> loaded checkpoint '/project/3018078.01/Gaziv/Wormholes_FB/checkpoints/imagenet_l2_10_0_v2.pt' (epoch 200)
Model-subject [resnet50_vanilla_mapped_RIN_v2]
=> loading checkpoint '/project/3018078.01/Gaziv/Wormholes_FB/checkpoints/imagenet_vanilla_v2.pt'
=> loaded checkpoint '/project/3018078.01/Gaziv/Wormholes_FB/checkpoints/imagenet_vanilla_v2.pt' (epoch 171)
Model-subject [resnet50_robust_mapped_RIN_l2_10_0]
=> loading checkpoint '/project/3018078.01/Gaziv/Wormholes_FB/checkpoints/imagenet_l2_10_0.pt'
=> loaded checkpoint '/project/3018078.01/Gaziv/Wormholes_FB/checkpoints/imagenet_l2_10_0.pt' (epoch 106)
Done.
Running iteration: 8
Job [8]
Total number of configs: 64
0) ('resnet50_robust_mapped_RIN_l2_10_0', 0.0, 0, 0.0, nan)
1) ('resnet50_robust_mapped_RIN_l2_10_0', 0.1, 200, 0.02, nan)
2) ('resnet50_robust_mapped_RIN_l2_10_0', 0.5, 200, 0.1, nan)
3) ('resnet50_robust_mapped_RIN_l2_10_0', 1.0, 200, 0.3, nan)
4) ('resnet50_robust_mapped_RIN_l2_10_0', 2.0, 200, 0.3, nan)
5) ('resnet50_robust_mapped_RIN_l2_10_0', 3.0, 200, 0.3, nan)
6) ('resnet50_robust_mapped_RIN_l2_10_0', 5.0, 500, 0.5, nan)
7) ('resnet50_robust_mapped_RIN_l2_10_0', 7.5, 500, 0.5, nan)
8) ('resnet50_robust_mapped_RIN_l2_10_0', 10.0, 500, 0.5, nan)
9) ('resnet50_robust_mapped_RIN_l2_10_0', 15.0, 500, 0.5, nan)
10) ('resnet50_robust_mapped_RIN_l2_10_0', 20.0, 1000, 0.5, nan)
11) ('resnet50_robust_mapped_RIN_l2_10_0', 25.0, 1000, 0.5, nan)
12) ('resnet50_robust_mapped_RIN_l2_10_0', 30.0, 2000, 2.0, nan)
13) ('resnet50_robust_mapped_RIN_l2_10_0', 40.0, 2000, 2.0, nan)
14) ('resnet50_robust_mapped_RIN_l2_10_0', 50.0, 2000, 2.0, nan)
15) ('resnet50_robust_mapped_RIN_l2_10_0', 100.0, 5000, 2.0, nan)
16) ('resnet50_robust_mapped_RIN_l2_1_0', 0.0, 0, 0.0, nan)
17) ('resnet50_robust_mapped_RIN_l2_1_0', 0.1, 200, 0.02, nan)
18) ('resnet50_robust_mapped_RIN_l2_1_0', 0.5, 200, 0.1, nan)
19) ('resnet50_robust_mapped_RIN_l2_1_0', 1.0, 200, 0.3, nan)
20) ('resnet50_robust_mapped_RIN_l2_1_0', 2.0, 200, 0.3, nan)
21) ('resnet50_robust_mapped_RIN_l2_1_0', 3.0, 200, 0.3, nan)
22) ('resnet50_robust_mapped_RIN_l2_1_0', 5.0, 500, 0.5, nan)
23) ('resnet50_robust_mapped_RIN_l2_1_0', 7.5, 500, 0.5, nan)
24) ('resnet50_robust_mapped_RIN_l2_1_0', 10.0, 500, 0.5, nan)
25) ('resnet50_robust_mapped_RIN_l2_1_0', 15.0, 500, 0.5, nan)
26) ('resnet50_robust_mapped_RIN_l2_1_0', 20.0, 1000, 0.5, nan)
27) ('resnet50_robust_mapped_RIN_l2_1_0', 25.0, 1000, 0.5, nan)
28) ('resnet50_robust_mapped_RIN_l2_1_0', 30.0, 2000, 2.0, nan)
29) ('resnet50_robust_mapped_RIN_l2_1_0', 40.0, 2000, 2.0, nan)
30) ('resnet50_robust_mapped_RIN_l2_1_0', 50.0, 2000, 2.0, nan)
31) ('resnet50_robust_mapped_RIN_l2_1_0', 100.0, 5000, 2.0, nan)
32) ('resnet50_robust_mapped_RIN_l2_3_0', 0.0, 0, 0.0, nan)
33) ('resnet50_robust_mapped_RIN_l2_3_0', 0.1, 200, 0.02, nan)
34) ('resnet50_robust_mapped_RIN_l2_3_0', 0.5, 200, 0.1, nan)
35) ('resnet50_robust_mapped_RIN_l2_3_0', 1.0, 200, 0.3, nan)
36) ('resnet50_robust_mapped_RIN_l2_3_0', 2.0, 200, 0.3, nan)
37) ('resnet50_robust_mapped_RIN_l2_3_0', 3.0, 200, 0.3, nan)
38) ('resnet50_robust_mapped_RIN_l2_3_0', 5.0, 500, 0.5, nan)
39) ('resnet50_robust_mapped_RIN_l2_3_0', 7.5, 500, 0.5, nan)
40) ('resnet50_robust_mapped_RIN_l2_3_0', 10.0, 500, 0.5, nan)
41) ('resnet50_robust_mapped_RIN_l2_3_0', 15.0, 500, 0.5, nan)
42) ('resnet50_robust_mapped_RIN_l2_3_0', 20.0, 1000, 0.5, nan)
43) ('resnet50_robust_mapped_RIN_l2_3_0', 25.0, 1000, 0.5, nan)
44) ('resnet50_robust_mapped_RIN_l2_3_0', 30.0, 2000, 2.0, nan)
45) ('resnet50_robust_mapped_RIN_l2_3_0', 40.0, 2000, 2.0, nan)
46) ('resnet50_robust_mapped_RIN_l2_3_0', 50.0, 2000, 2.0, nan)
47) ('resnet50_robust_mapped_RIN_l2_3_0', 100.0, 5000, 2.0, nan)
48) ('resnet50_vanilla_mapped_RIN', 0.0, 0, 0.0, nan)
49) ('resnet50_vanilla_mapped_RIN', 0.1, 200, 0.02, nan)
50) ('resnet50_vanilla_mapped_RIN', 0.5, 200, 0.1, nan)
51) ('resnet50_vanilla_mapped_RIN', 1.0, 200, 0.3, nan)
52) ('resnet50_vanilla_mapped_RIN', 2.0, 200, 0.3, nan)
53) ('resnet50_vanilla_mapped_RIN', 3.0, 200, 0.3, nan)
54) ('resnet50_vanilla_mapped_RIN', 5.0, 500, 0.5, nan)
55) ('resnet50_vanilla_mapped_RIN', 7.5, 500, 0.5, nan)
56) ('resnet50_vanilla_mapped_RIN', 10.0, 500, 0.5, nan)
57) ('resnet50_vanilla_mapped_RIN', 15.0, 500, 0.5, nan)
58) ('resnet50_vanilla_mapped_RIN', 20.0, 1000, 0.5, nan)
59) ('resnet50_vanilla_mapped_RIN', 25.0, 1000, 0.5, nan)
60) ('resnet50_vanilla_mapped_RIN', 30.0, 2000, 2.0, nan)
61) ('resnet50_vanilla_mapped_RIN', 40.0, 2000, 2.0, nan)
62) ('resnet50_vanilla_mapped_RIN', 50.0, 2000, 2.0, nan)
63) ('resnet50_vanilla_mapped_RIN', 100.0, 5000, 2.0, nan)
(*) group(model_name='resnet50_robust_mapped_RIN_l2_10_0', budget=10.0, n_iter=500, step_size=0.5, interp_alpha=nan)
=> loading checkpoint '/project/3018078.01/Gaziv/Wormholes_FB/checkpoints/imagenet_l2_10_0.pt'
=> loaded checkpoint '/project/3018078.01/Gaziv/Wormholes_FB/checkpoints/imagenet_l2_10_0.pt' (epoch 106)
chunk [1/8]
chunk [2/8]
chunk [3/8]
chunk [4/8]
chunk [5/8]
chunk [6/8]
chunk [7/8]
chunk [8/8]
Model-subject [resnet50_robust_mapped_RIN_l2_1_0_v2]
=> loading checkpoint '/project/3018078.01/Gaziv/Wormholes_FB/checkpoints/imagenet_l2_1_0_v2.pt'
=> loaded checkpoint '/project/3018078.01/Gaziv/Wormholes_FB/checkpoints/imagenet_l2_1_0_v2.pt' (epoch 176)
Model-subject [resnet50_robust_mapped_RIN_l2_3_0_v2]
=> loading checkpoint '/project/3018078.01/Gaziv/Wormholes_FB/checkpoints/imagenet_l2_3_0_v2.pt'
=> loaded checkpoint '/project/3018078.01/Gaziv/Wormholes_FB/checkpoints/imagenet_l2_3_0_v2.pt' (epoch 131)
Model-subject [resnet50_robust_mapped_RIN_l2_10_0_v2]
=> loading checkpoint '/project/3018078.01/Gaziv/Wormholes_FB/checkpoints/imagenet_l2_10_0_v2.pt'
=> loaded checkpoint '/project/3018078.01/Gaziv/Wormholes_FB/checkpoints/imagenet_l2_10_0_v2.pt' (epoch 200)
Model-subject [resnet50_vanilla_mapped_RIN_v2]
=> loading checkpoint '/project/3018078.01/Gaziv/Wormholes_FB/checkpoints/imagenet_vanilla_v2.pt'
=> loaded checkpoint '/project/3018078.01/Gaziv/Wormholes_FB/checkpoints/imagenet_vanilla_v2.pt' (epoch 171)
Model-subject [resnet50_robust_mapped_RIN_l2_10_0]
=> loading checkpoint '/project/3018078.01/Gaziv/Wormholes_FB/checkpoints/imagenet_l2_10_0.pt'
=> loaded checkpoint '/project/3018078.01/Gaziv/Wormholes_FB/checkpoints/imagenet_l2_10_0.pt' (epoch 106)
Done.
Running iteration: 9
Job [9]
Total number of configs: 64
0) ('resnet50_robust_mapped_RIN_l2_10_0', 0.0, 0, 0.0, nan)
1) ('resnet50_robust_mapped_RIN_l2_10_0', 0.1, 200, 0.02, nan)
2) ('resnet50_robust_mapped_RIN_l2_10_0', 0.5, 200, 0.1, nan)
3) ('resnet50_robust_mapped_RIN_l2_10_0', 1.0, 200, 0.3, nan)
4) ('resnet50_robust_mapped_RIN_l2_10_0', 2.0, 200, 0.3, nan)
5) ('resnet50_robust_mapped_RIN_l2_10_0', 3.0, 200, 0.3, nan)
6) ('resnet50_robust_mapped_RIN_l2_10_0', 5.0, 500, 0.5, nan)
7) ('resnet50_robust_mapped_RIN_l2_10_0', 7.5, 500, 0.5, nan)
8) ('resnet50_robust_mapped_RIN_l2_10_0', 10.0, 500, 0.5, nan)
9) ('resnet50_robust_mapped_RIN_l2_10_0', 15.0, 500, 0.5, nan)
10) ('resnet50_robust_mapped_RIN_l2_10_0', 20.0, 1000, 0.5, nan)
11) ('resnet50_robust_mapped_RIN_l2_10_0', 25.0, 1000, 0.5, nan)
12) ('resnet50_robust_mapped_RIN_l2_10_0', 30.0, 2000, 2.0, nan)
13) ('resnet50_robust_mapped_RIN_l2_10_0', 40.0, 2000, 2.0, nan)
14) ('resnet50_robust_mapped_RIN_l2_10_0', 50.0, 2000, 2.0, nan)
15) ('resnet50_robust_mapped_RIN_l2_10_0', 100.0, 5000, 2.0, nan)
16) ('resnet50_robust_mapped_RIN_l2_1_0', 0.0, 0, 0.0, nan)
17) ('resnet50_robust_mapped_RIN_l2_1_0', 0.1, 200, 0.02, nan)
18) ('resnet50_robust_mapped_RIN_l2_1_0', 0.5, 200, 0.1, nan)
19) ('resnet50_robust_mapped_RIN_l2_1_0', 1.0, 200, 0.3, nan)
20) ('resnet50_robust_mapped_RIN_l2_1_0', 2.0, 200, 0.3, nan)
21) ('resnet50_robust_mapped_RIN_l2_1_0', 3.0, 200, 0.3, nan)
22) ('resnet50_robust_mapped_RIN_l2_1_0', 5.0, 500, 0.5, nan)
23) ('resnet50_robust_mapped_RIN_l2_1_0', 7.5, 500, 0.5, nan)
24) ('resnet50_robust_mapped_RIN_l2_1_0', 10.0, 500, 0.5, nan)
25) ('resnet50_robust_mapped_RIN_l2_1_0', 15.0, 500, 0.5, nan)
26) ('resnet50_robust_mapped_RIN_l2_1_0', 20.0, 1000, 0.5, nan)
27) ('resnet50_robust_mapped_RIN_l2_1_0', 25.0, 1000, 0.5, nan)
28) ('resnet50_robust_mapped_RIN_l2_1_0', 30.0, 2000, 2.0, nan)
29) ('resnet50_robust_mapped_RIN_l2_1_0', 40.0, 2000, 2.0, nan)
30) ('resnet50_robust_mapped_RIN_l2_1_0', 50.0, 2000, 2.0, nan)
31) ('resnet50_robust_mapped_RIN_l2_1_0', 100.0, 5000, 2.0, nan)
32) ('resnet50_robust_mapped_RIN_l2_3_0', 0.0, 0, 0.0, nan)
33) ('resnet50_robust_mapped_RIN_l2_3_0', 0.1, 200, 0.02, nan)
34) ('resnet50_robust_mapped_RIN_l2_3_0', 0.5, 200, 0.1, nan)
35) ('resnet50_robust_mapped_RIN_l2_3_0', 1.0, 200, 0.3, nan)
36) ('resnet50_robust_mapped_RIN_l2_3_0', 2.0, 200, 0.3, nan)
37) ('resnet50_robust_mapped_RIN_l2_3_0', 3.0, 200, 0.3, nan)
38) ('resnet50_robust_mapped_RIN_l2_3_0', 5.0, 500, 0.5, nan)
39) ('resnet50_robust_mapped_RIN_l2_3_0', 7.5, 500, 0.5, nan)
40) ('resnet50_robust_mapped_RIN_l2_3_0', 10.0, 500, 0.5, nan)
41) ('resnet50_robust_mapped_RIN_l2_3_0', 15.0, 500, 0.5, nan)
42) ('resnet50_robust_mapped_RIN_l2_3_0', 20.0, 1000, 0.5, nan)
43) ('resnet50_robust_mapped_RIN_l2_3_0', 25.0, 1000, 0.5, nan)
44) ('resnet50_robust_mapped_RIN_l2_3_0', 30.0, 2000, 2.0, nan)
45) ('resnet50_robust_mapped_RIN_l2_3_0', 40.0, 2000, 2.0, nan)
46) ('resnet50_robust_mapped_RIN_l2_3_0', 50.0, 2000, 2.0, nan)
47) ('resnet50_robust_mapped_RIN_l2_3_0', 100.0, 5000, 2.0, nan)
48) ('resnet50_vanilla_mapped_RIN', 0.0, 0, 0.0, nan)
49) ('resnet50_vanilla_mapped_RIN', 0.1, 200, 0.02, nan)
50) ('resnet50_vanilla_mapped_RIN', 0.5, 200, 0.1, nan)
51) ('resnet50_vanilla_mapped_RIN', 1.0, 200, 0.3, nan)
52) ('resnet50_vanilla_mapped_RIN', 2.0, 200, 0.3, nan)
53) ('resnet50_vanilla_mapped_RIN', 3.0, 200, 0.3, nan)
54) ('resnet50_vanilla_mapped_RIN', 5.0, 500, 0.5, nan)
55) ('resnet50_vanilla_mapped_RIN', 7.5, 500, 0.5, nan)
56) ('resnet50_vanilla_mapped_RIN', 10.0, 500, 0.5, nan)
57) ('resnet50_vanilla_mapped_RIN', 15.0, 500, 0.5, nan)
58) ('resnet50_vanilla_mapped_RIN', 20.0, 1000, 0.5, nan)
59) ('resnet50_vanilla_mapped_RIN', 25.0, 1000, 0.5, nan)
60) ('resnet50_vanilla_mapped_RIN', 30.0, 2000, 2.0, nan)
61) ('resnet50_vanilla_mapped_RIN', 40.0, 2000, 2.0, nan)
62) ('resnet50_vanilla_mapped_RIN', 50.0, 2000, 2.0, nan)
63) ('resnet50_vanilla_mapped_RIN', 100.0, 5000, 2.0, nan)
(*) group(model_name='resnet50_robust_mapped_RIN_l2_10_0', budget=15.0, n_iter=500, step_size=0.5, interp_alpha=nan)
=> loading checkpoint '/project/3018078.01/Gaziv/Wormholes_FB/checkpoints/imagenet_l2_10_0.pt'
=> loaded checkpoint '/project/3018078.01/Gaziv/Wormholes_FB/checkpoints/imagenet_l2_10_0.pt' (epoch 106)
chunk [1/8]
chunk [2/8]
chunk [3/8]
chunk [4/8]
chunk [5/8]
chunk [6/8]
chunk [7/8]
chunk [8/8]
Model-subject [resnet50_robust_mapped_RIN_l2_1_0_v2]
=> loading checkpoint '/project/3018078.01/Gaziv/Wormholes_FB/checkpoints/imagenet_l2_1_0_v2.pt'
=> loaded checkpoint '/project/3018078.01/Gaziv/Wormholes_FB/checkpoints/imagenet_l2_1_0_v2.pt' (epoch 176)
Model-subject [resnet50_robust_mapped_RIN_l2_3_0_v2]
=> loading checkpoint '/project/3018078.01/Gaziv/Wormholes_FB/checkpoints/imagenet_l2_3_0_v2.pt'
=> loaded checkpoint '/project/3018078.01/Gaziv/Wormholes_FB/checkpoints/imagenet_l2_3_0_v2.pt' (epoch 131)
Model-subject [resnet50_robust_mapped_RIN_l2_10_0_v2]
=> loading checkpoint '/project/3018078.01/Gaziv/Wormholes_FB/checkpoints/imagenet_l2_10_0_v2.pt'
=> loaded checkpoint '/project/3018078.01/Gaziv/Wormholes_FB/checkpoints/imagenet_l2_10_0_v2.pt' (epoch 200)
Model-subject [resnet50_vanilla_mapped_RIN_v2]
=> loading checkpoint '/project/3018078.01/Gaziv/Wormholes_FB/checkpoints/imagenet_vanilla_v2.pt'
=> loaded checkpoint '/project/3018078.01/Gaziv/Wormholes_FB/checkpoints/imagenet_vanilla_v2.pt' (epoch 171)
Model-subject [resnet50_robust_mapped_RIN_l2_10_0]
=> loading checkpoint '/project/3018078.01/Gaziv/Wormholes_FB/checkpoints/imagenet_l2_10_0.pt'
=> loaded checkpoint '/project/3018078.01/Gaziv/Wormholes_FB/checkpoints/imagenet_l2_10_0.pt' (epoch 106)
Done.
Running iteration: 10
Job [10]
Total number of configs: 64
0) ('resnet50_robust_mapped_RIN_l2_10_0', 0.0, 0, 0.0, nan)
1) ('resnet50_robust_mapped_RIN_l2_10_0', 0.1, 200, 0.02, nan)
2) ('resnet50_robust_mapped_RIN_l2_10_0', 0.5, 200, 0.1, nan)
3) ('resnet50_robust_mapped_RIN_l2_10_0', 1.0, 200, 0.3, nan)
4) ('resnet50_robust_mapped_RIN_l2_10_0', 2.0, 200, 0.3, nan)
5) ('resnet50_robust_mapped_RIN_l2_10_0', 3.0, 200, 0.3, nan)
6) ('resnet50_robust_mapped_RIN_l2_10_0', 5.0, 500, 0.5, nan)
7) ('resnet50_robust_mapped_RIN_l2_10_0', 7.5, 500, 0.5, nan)
8) ('resnet50_robust_mapped_RIN_l2_10_0', 10.0, 500, 0.5, nan)
9) ('resnet50_robust_mapped_RIN_l2_10_0', 15.0, 500, 0.5, nan)
10) ('resnet50_robust_mapped_RIN_l2_10_0', 20.0, 1000, 0.5, nan)
11) ('resnet50_robust_mapped_RIN_l2_10_0', 25.0, 1000, 0.5, nan)
12) ('resnet50_robust_mapped_RIN_l2_10_0', 30.0, 2000, 2.0, nan)
13) ('resnet50_robust_mapped_RIN_l2_10_0', 40.0, 2000, 2.0, nan)
14) ('resnet50_robust_mapped_RIN_l2_10_0', 50.0, 2000, 2.0, nan)
15) ('resnet50_robust_mapped_RIN_l2_10_0', 100.0, 5000, 2.0, nan)
16) ('resnet50_robust_mapped_RIN_l2_1_0', 0.0, 0, 0.0, nan)
17) ('resnet50_robust_mapped_RIN_l2_1_0', 0.1, 200, 0.02, nan)
18) ('resnet50_robust_mapped_RIN_l2_1_0', 0.5, 200, 0.1, nan)
19) ('resnet50_robust_mapped_RIN_l2_1_0', 1.0, 200, 0.3, nan)
20) ('resnet50_robust_mapped_RIN_l2_1_0', 2.0, 200, 0.3, nan)
21) ('resnet50_robust_mapped_RIN_l2_1_0', 3.0, 200, 0.3, nan)
22) ('resnet50_robust_mapped_RIN_l2_1_0', 5.0, 500, 0.5, nan)
23) ('resnet50_robust_mapped_RIN_l2_1_0', 7.5, 500, 0.5, nan)
24) ('resnet50_robust_mapped_RIN_l2_1_0', 10.0, 500, 0.5, nan)
25) ('resnet50_robust_mapped_RIN_l2_1_0', 15.0, 500, 0.5, nan)
26) ('resnet50_robust_mapped_RIN_l2_1_0', 20.0, 1000, 0.5, nan)
27) ('resnet50_robust_mapped_RIN_l2_1_0', 25.0, 1000, 0.5, nan)
28) ('resnet50_robust_mapped_RIN_l2_1_0', 30.0, 2000, 2.0, nan)
29) ('resnet50_robust_mapped_RIN_l2_1_0', 40.0, 2000, 2.0, nan)
30) ('resnet50_robust_mapped_RIN_l2_1_0', 50.0, 2000, 2.0, nan)
31) ('resnet50_robust_mapped_RIN_l2_1_0', 100.0, 5000, 2.0, nan)
32) ('resnet50_robust_mapped_RIN_l2_3_0', 0.0, 0, 0.0, nan)
33) ('resnet50_robust_mapped_RIN_l2_3_0', 0.1, 200, 0.02, nan)
34) ('resnet50_robust_mapped_RIN_l2_3_0', 0.5, 200, 0.1, nan)
35) ('resnet50_robust_mapped_RIN_l2_3_0', 1.0, 200, 0.3, nan)
36) ('resnet50_robust_mapped_RIN_l2_3_0', 2.0, 200, 0.3, nan)
37) ('resnet50_robust_mapped_RIN_l2_3_0', 3.0, 200, 0.3, nan)
38) ('resnet50_robust_mapped_RIN_l2_3_0', 5.0, 500, 0.5, nan)
39) ('resnet50_robust_mapped_RIN_l2_3_0', 7.5, 500, 0.5, nan)
40) ('resnet50_robust_mapped_RIN_l2_3_0', 10.0, 500, 0.5, nan)
41) ('resnet50_robust_mapped_RIN_l2_3_0', 15.0, 500, 0.5, nan)
42) ('resnet50_robust_mapped_RIN_l2_3_0', 20.0, 1000, 0.5, nan)
43) ('resnet50_robust_mapped_RIN_l2_3_0', 25.0, 1000, 0.5, nan)
44) ('resnet50_robust_mapped_RIN_l2_3_0', 30.0, 2000, 2.0, nan)
45) ('resnet50_robust_mapped_RIN_l2_3_0', 40.0, 2000, 2.0, nan)
46) ('resnet50_robust_mapped_RIN_l2_3_0', 50.0, 2000, 2.0, nan)
47) ('resnet50_robust_mapped_RIN_l2_3_0', 100.0, 5000, 2.0, nan)
48) ('resnet50_vanilla_mapped_RIN', 0.0, 0, 0.0, nan)
49) ('resnet50_vanilla_mapped_RIN', 0.1, 200, 0.02, nan)
50) ('resnet50_vanilla_mapped_RIN', 0.5, 200, 0.1, nan)
51) ('resnet50_vanilla_mapped_RIN', 1.0, 200, 0.3, nan)
52) ('resnet50_vanilla_mapped_RIN', 2.0, 200, 0.3, nan)
53) ('resnet50_vanilla_mapped_RIN', 3.0, 200, 0.3, nan)
54) ('resnet50_vanilla_mapped_RIN', 5.0, 500, 0.5, nan)
55) ('resnet50_vanilla_mapped_RIN', 7.5, 500, 0.5, nan)
56) ('resnet50_vanilla_mapped_RIN', 10.0, 500, 0.5, nan)
57) ('resnet50_vanilla_mapped_RIN', 15.0, 500, 0.5, nan)
58) ('resnet50_vanilla_mapped_RIN', 20.0, 1000, 0.5, nan)
59) ('resnet50_vanilla_mapped_RIN', 25.0, 1000, 0.5, nan)
60) ('resnet50_vanilla_mapped_RIN', 30.0, 2000, 2.0, nan)
61) ('resnet50_vanilla_mapped_RIN', 40.0, 2000, 2.0, nan)
62) ('resnet50_vanilla_mapped_RIN', 50.0, 2000, 2.0, nan)
63) ('resnet50_vanilla_mapped_RIN', 100.0, 5000, 2.0, nan)
(*) group(model_name='resnet50_robust_mapped_RIN_l2_10_0', budget=20.0, n_iter=1000, step_size=0.5, interp_alpha=nan)
=> loading checkpoint '/project/3018078.01/Gaziv/Wormholes_FB/checkpoints/imagenet_l2_10_0.pt'
=> loaded checkpoint '/project/3018078.01/Gaziv/Wormholes_FB/checkpoints/imagenet_l2_10_0.pt' (epoch 106)
chunk [1/8]
chunk [2/8]
chunk [3/8]
chunk [4/8]
chunk [5/8]
chunk [6/8]
chunk [7/8]
chunk [8/8]
Model-subject [resnet50_robust_mapped_RIN_l2_1_0_v2]
=> loading checkpoint '/project/3018078.01/Gaziv/Wormholes_FB/checkpoints/imagenet_l2_1_0_v2.pt'
=> loaded checkpoint '/project/3018078.01/Gaziv/Wormholes_FB/checkpoints/imagenet_l2_1_0_v2.pt' (epoch 176)
Model-subject [resnet50_robust_mapped_RIN_l2_3_0_v2]
=> loading checkpoint '/project/3018078.01/Gaziv/Wormholes_FB/checkpoints/imagenet_l2_3_0_v2.pt'
=> loaded checkpoint '/project/3018078.01/Gaziv/Wormholes_FB/checkpoints/imagenet_l2_3_0_v2.pt' (epoch 131)
Model-subject [resnet50_robust_mapped_RIN_l2_10_0_v2]
=> loading checkpoint '/project/3018078.01/Gaziv/Wormholes_FB/checkpoints/imagenet_l2_10_0_v2.pt'
=> loaded checkpoint '/project/3018078.01/Gaziv/Wormholes_FB/checkpoints/imagenet_l2_10_0_v2.pt' (epoch 200)
Model-subject [resnet50_vanilla_mapped_RIN_v2]
=> loading checkpoint '/project/3018078.01/Gaziv/Wormholes_FB/checkpoints/imagenet_vanilla_v2.pt'
=> loaded checkpoint '/project/3018078.01/Gaziv/Wormholes_FB/checkpoints/imagenet_vanilla_v2.pt' (epoch 171)
Model-subject [resnet50_robust_mapped_RIN_l2_10_0]
=> loading checkpoint '/project/3018078.01/Gaziv/Wormholes_FB/checkpoints/imagenet_l2_10_0.pt'
=> loaded checkpoint '/project/3018078.01/Gaziv/Wormholes_FB/checkpoints/imagenet_l2_10_0.pt' (epoch 106)
Done.
Running iteration: 11
Job [11]
Total number of configs: 64
0) ('resnet50_robust_mapped_RIN_l2_10_0', 0.0, 0, 0.0, nan)
1) ('resnet50_robust_mapped_RIN_l2_10_0', 0.1, 200, 0.02, nan)
2) ('resnet50_robust_mapped_RIN_l2_10_0', 0.5, 200, 0.1, nan)
3) ('resnet50_robust_mapped_RIN_l2_10_0', 1.0, 200, 0.3, nan)
4) ('resnet50_robust_mapped_RIN_l2_10_0', 2.0, 200, 0.3, nan)
5) ('resnet50_robust_mapped_RIN_l2_10_0', 3.0, 200, 0.3, nan)
6) ('resnet50_robust_mapped_RIN_l2_10_0', 5.0, 500, 0.5, nan)
7) ('resnet50_robust_mapped_RIN_l2_10_0', 7.5, 500, 0.5, nan)
8) ('resnet50_robust_mapped_RIN_l2_10_0', 10.0, 500, 0.5, nan)
9) ('resnet50_robust_mapped_RIN_l2_10_0', 15.0, 500, 0.5, nan)
10) ('resnet50_robust_mapped_RIN_l2_10_0', 20.0, 1000, 0.5, nan)
11) ('resnet50_robust_mapped_RIN_l2_10_0', 25.0, 1000, 0.5, nan)
12) ('resnet50_robust_mapped_RIN_l2_10_0', 30.0, 2000, 2.0, nan)
13) ('resnet50_robust_mapped_RIN_l2_10_0', 40.0, 2000, 2.0, nan)
14) ('resnet50_robust_mapped_RIN_l2_10_0', 50.0, 2000, 2.0, nan)
15) ('resnet50_robust_mapped_RIN_l2_10_0', 100.0, 5000, 2.0, nan)
16) ('resnet50_robust_mapped_RIN_l2_1_0', 0.0, 0, 0.0, nan)
17) ('resnet50_robust_mapped_RIN_l2_1_0', 0.1, 200, 0.02, nan)
18) ('resnet50_robust_mapped_RIN_l2_1_0', 0.5, 200, 0.1, nan)
19) ('resnet50_robust_mapped_RIN_l2_1_0', 1.0, 200, 0.3, nan)
20) ('resnet50_robust_mapped_RIN_l2_1_0', 2.0, 200, 0.3, nan)
21) ('resnet50_robust_mapped_RIN_l2_1_0', 3.0, 200, 0.3, nan)
22) ('resnet50_robust_mapped_RIN_l2_1_0', 5.0, 500, 0.5, nan)
23) ('resnet50_robust_mapped_RIN_l2_1_0', 7.5, 500, 0.5, nan)
24) ('resnet50_robust_mapped_RIN_l2_1_0', 10.0, 500, 0.5, nan)
25) ('resnet50_robust_mapped_RIN_l2_1_0', 15.0, 500, 0.5, nan)
26) ('resnet50_robust_mapped_RIN_l2_1_0', 20.0, 1000, 0.5, nan)
27) ('resnet50_robust_mapped_RIN_l2_1_0', 25.0, 1000, 0.5, nan)
28) ('resnet50_robust_mapped_RIN_l2_1_0', 30.0, 2000, 2.0, nan)
29) ('resnet50_robust_mapped_RIN_l2_1_0', 40.0, 2000, 2.0, nan)
30) ('resnet50_robust_mapped_RIN_l2_1_0', 50.0, 2000, 2.0, nan)
31) ('resnet50_robust_mapped_RIN_l2_1_0', 100.0, 5000, 2.0, nan)
32) ('resnet50_robust_mapped_RIN_l2_3_0', 0.0, 0, 0.0, nan)
33) ('resnet50_robust_mapped_RIN_l2_3_0', 0.1, 200, 0.02, nan)
34) ('resnet50_robust_mapped_RIN_l2_3_0', 0.5, 200, 0.1, nan)
35) ('resnet50_robust_mapped_RIN_l2_3_0', 1.0, 200, 0.3, nan)
36) ('resnet50_robust_mapped_RIN_l2_3_0', 2.0, 200, 0.3, nan)
37) ('resnet50_robust_mapped_RIN_l2_3_0', 3.0, 200, 0.3, nan)
38) ('resnet50_robust_mapped_RIN_l2_3_0', 5.0, 500, 0.5, nan)
39) ('resnet50_robust_mapped_RIN_l2_3_0', 7.5, 500, 0.5, nan)
40) ('resnet50_robust_mapped_RIN_l2_3_0', 10.0, 500, 0.5, nan)
41) ('resnet50_robust_mapped_RIN_l2_3_0', 15.0, 500, 0.5, nan)
42) ('resnet50_robust_mapped_RIN_l2_3_0', 20.0, 1000, 0.5, nan)
43) ('resnet50_robust_mapped_RIN_l2_3_0', 25.0, 1000, 0.5, nan)
44) ('resnet50_robust_mapped_RIN_l2_3_0', 30.0, 2000, 2.0, nan)
45) ('resnet50_robust_mapped_RIN_l2_3_0', 40.0, 2000, 2.0, nan)
46) ('resnet50_robust_mapped_RIN_l2_3_0', 50.0, 2000, 2.0, nan)
47) ('resnet50_robust_mapped_RIN_l2_3_0', 100.0, 5000, 2.0, nan)
48) ('resnet50_vanilla_mapped_RIN', 0.0, 0, 0.0, nan)
49) ('resnet50_vanilla_mapped_RIN', 0.1, 200, 0.02, nan)
50) ('resnet50_vanilla_mapped_RIN', 0.5, 200, 0.1, nan)
51) ('resnet50_vanilla_mapped_RIN', 1.0, 200, 0.3, nan)
52) ('resnet50_vanilla_mapped_RIN', 2.0, 200, 0.3, nan)
53) ('resnet50_vanilla_mapped_RIN', 3.0, 200, 0.3, nan)
54) ('resnet50_vanilla_mapped_RIN', 5.0, 500, 0.5, nan)
55) ('resnet50_vanilla_mapped_RIN', 7.5, 500, 0.5, nan)
56) ('resnet50_vanilla_mapped_RIN', 10.0, 500, 0.5, nan)
57) ('resnet50_vanilla_mapped_RIN', 15.0, 500, 0.5, nan)
58) ('resnet50_vanilla_mapped_RIN', 20.0, 1000, 0.5, nan)
59) ('resnet50_vanilla_mapped_RIN', 25.0, 1000, 0.5, nan)
60) ('resnet50_vanilla_mapped_RIN', 30.0, 2000, 2.0, nan)
61) ('resnet50_vanilla_mapped_RIN', 40.0, 2000, 2.0, nan)
62) ('resnet50_vanilla_mapped_RIN', 50.0, 2000, 2.0, nan)
63) ('resnet50_vanilla_mapped_RIN', 100.0, 5000, 2.0, nan)
(*) group(model_name='resnet50_robust_mapped_RIN_l2_10_0', budget=25.0, n_iter=1000, step_size=0.5, interp_alpha=nan)
=> loading checkpoint '/project/3018078.01/Gaziv/Wormholes_FB/checkpoints/imagenet_l2_10_0.pt'
=> loaded checkpoint '/project/3018078.01/Gaziv/Wormholes_FB/checkpoints/imagenet_l2_10_0.pt' (epoch 106)
chunk [1/8]
chunk [2/8]
chunk [3/8]
chunk [4/8]
chunk [5/8]
chunk [6/8]
chunk [7/8]
chunk [8/8]
Model-subject [resnet50_robust_mapped_RIN_l2_1_0_v2]
=> loading checkpoint '/project/3018078.01/Gaziv/Wormholes_FB/checkpoints/imagenet_l2_1_0_v2.pt'
=> loaded checkpoint '/project/3018078.01/Gaziv/Wormholes_FB/checkpoints/imagenet_l2_1_0_v2.pt' (epoch 176)
Model-subject [resnet50_robust_mapped_RIN_l2_3_0_v2]
=> loading checkpoint '/project/3018078.01/Gaziv/Wormholes_FB/checkpoints/imagenet_l2_3_0_v2.pt'
=> loaded checkpoint '/project/3018078.01/Gaziv/Wormholes_FB/checkpoints/imagenet_l2_3_0_v2.pt' (epoch 131)
Model-subject [resnet50_robust_mapped_RIN_l2_10_0_v2]
=> loading checkpoint '/project/3018078.01/Gaziv/Wormholes_FB/checkpoints/imagenet_l2_10_0_v2.pt'
=> loaded checkpoint '/project/3018078.01/Gaziv/Wormholes_FB/checkpoints/imagenet_l2_10_0_v2.pt' (epoch 200)
Model-subject [resnet50_vanilla_mapped_RIN_v2]
=> loading checkpoint '/project/3018078.01/Gaziv/Wormholes_FB/checkpoints/imagenet_vanilla_v2.pt'
=> loaded checkpoint '/project/3018078.01/Gaziv/Wormholes_FB/checkpoints/imagenet_vanilla_v2.pt' (epoch 171)
Model-subject [resnet50_robust_mapped_RIN_l2_10_0]
=> loading checkpoint '/project/3018078.01/Gaziv/Wormholes_FB/checkpoints/imagenet_l2_10_0.pt'
=> loaded checkpoint '/project/3018078.01/Gaziv/Wormholes_FB/checkpoints/imagenet_l2_10_0.pt' (epoch 106)
Done.
Running iteration: 12
Job [12]
Total number of configs: 64
0) ('resnet50_robust_mapped_RIN_l2_10_0', 0.0, 0, 0.0, nan)
1) ('resnet50_robust_mapped_RIN_l2_10_0', 0.1, 200, 0.02, nan)
2) ('resnet50_robust_mapped_RIN_l2_10_0', 0.5, 200, 0.1, nan)
3) ('resnet50_robust_mapped_RIN_l2_10_0', 1.0, 200, 0.3, nan)
4) ('resnet50_robust_mapped_RIN_l2_10_0', 2.0, 200, 0.3, nan)
5) ('resnet50_robust_mapped_RIN_l2_10_0', 3.0, 200, 0.3, nan)
6) ('resnet50_robust_mapped_RIN_l2_10_0', 5.0, 500, 0.5, nan)
7) ('resnet50_robust_mapped_RIN_l2_10_0', 7.5, 500, 0.5, nan)
8) ('resnet50_robust_mapped_RIN_l2_10_0', 10.0, 500, 0.5, nan)
9) ('resnet50_robust_mapped_RIN_l2_10_0', 15.0, 500, 0.5, nan)
10) ('resnet50_robust_mapped_RIN_l2_10_0', 20.0, 1000, 0.5, nan)
11) ('resnet50_robust_mapped_RIN_l2_10_0', 25.0, 1000, 0.5, nan)
12) ('resnet50_robust_mapped_RIN_l2_10_0', 30.0, 2000, 2.0, nan)
13) ('resnet50_robust_mapped_RIN_l2_10_0', 40.0, 2000, 2.0, nan)
14) ('resnet50_robust_mapped_RIN_l2_10_0', 50.0, 2000, 2.0, nan)
15) ('resnet50_robust_mapped_RIN_l2_10_0', 100.0, 5000, 2.0, nan)
16) ('resnet50_robust_mapped_RIN_l2_1_0', 0.0, 0, 0.0, nan)
17) ('resnet50_robust_mapped_RIN_l2_1_0', 0.1, 200, 0.02, nan)
18) ('resnet50_robust_mapped_RIN_l2_1_0', 0.5, 200, 0.1, nan)
19) ('resnet50_robust_mapped_RIN_l2_1_0', 1.0, 200, 0.3, nan)
20) ('resnet50_robust_mapped_RIN_l2_1_0', 2.0, 200, 0.3, nan)
21) ('resnet50_robust_mapped_RIN_l2_1_0', 3.0, 200, 0.3, nan)
22) ('resnet50_robust_mapped_RIN_l2_1_0', 5.0, 500, 0.5, nan)
23) ('resnet50_robust_mapped_RIN_l2_1_0', 7.5, 500, 0.5, nan)
24) ('resnet50_robust_mapped_RIN_l2_1_0', 10.0, 500, 0.5, nan)
25) ('resnet50_robust_mapped_RIN_l2_1_0', 15.0, 500, 0.5, nan)
26) ('resnet50_robust_mapped_RIN_l2_1_0', 20.0, 1000, 0.5, nan)
27) ('resnet50_robust_mapped_RIN_l2_1_0', 25.0, 1000, 0.5, nan)
28) ('resnet50_robust_mapped_RIN_l2_1_0', 30.0, 2000, 2.0, nan)
29) ('resnet50_robust_mapped_RIN_l2_1_0', 40.0, 2000, 2.0, nan)
30) ('resnet50_robust_mapped_RIN_l2_1_0', 50.0, 2000, 2.0, nan)
31) ('resnet50_robust_mapped_RIN_l2_1_0', 100.0, 5000, 2.0, nan)
32) ('resnet50_robust_mapped_RIN_l2_3_0', 0.0, 0, 0.0, nan)
33) ('resnet50_robust_mapped_RIN_l2_3_0', 0.1, 200, 0.02, nan)
34) ('resnet50_robust_mapped_RIN_l2_3_0', 0.5, 200, 0.1, nan)
35) ('resnet50_robust_mapped_RIN_l2_3_0', 1.0, 200, 0.3, nan)
36) ('resnet50_robust_mapped_RIN_l2_3_0', 2.0, 200, 0.3, nan)
37) ('resnet50_robust_mapped_RIN_l2_3_0', 3.0, 200, 0.3, nan)
38) ('resnet50_robust_mapped_RIN_l2_3_0', 5.0, 500, 0.5, nan)
39) ('resnet50_robust_mapped_RIN_l2_3_0', 7.5, 500, 0.5, nan)
40) ('resnet50_robust_mapped_RIN_l2_3_0', 10.0, 500, 0.5, nan)
41) ('resnet50_robust_mapped_RIN_l2_3_0', 15.0, 500, 0.5, nan)
42) ('resnet50_robust_mapped_RIN_l2_3_0', 20.0, 1000, 0.5, nan)
43) ('resnet50_robust_mapped_RIN_l2_3_0', 25.0, 1000, 0.5, nan)
44) ('resnet50_robust_mapped_RIN_l2_3_0', 30.0, 2000, 2.0, nan)
45) ('resnet50_robust_mapped_RIN_l2_3_0', 40.0, 2000, 2.0, nan)
46) ('resnet50_robust_mapped_RIN_l2_3_0', 50.0, 2000, 2.0, nan)
47) ('resnet50_robust_mapped_RIN_l2_3_0', 100.0, 5000, 2.0, nan)
48) ('resnet50_vanilla_mapped_RIN', 0.0, 0, 0.0, nan)
49) ('resnet50_vanilla_mapped_RIN', 0.1, 200, 0.02, nan)
50) ('resnet50_vanilla_mapped_RIN', 0.5, 200, 0.1, nan)
51) ('resnet50_vanilla_mapped_RIN', 1.0, 200, 0.3, nan)
52) ('resnet50_vanilla_mapped_RIN', 2.0, 200, 0.3, nan)
53) ('resnet50_vanilla_mapped_RIN', 3.0, 200, 0.3, nan)
54) ('resnet50_vanilla_mapped_RIN', 5.0, 500, 0.5, nan)
55) ('resnet50_vanilla_mapped_RIN', 7.5, 500, 0.5, nan)
56) ('resnet50_vanilla_mapped_RIN', 10.0, 500, 0.5, nan)
57) ('resnet50_vanilla_mapped_RIN', 15.0, 500, 0.5, nan)
58) ('resnet50_vanilla_mapped_RIN', 20.0, 1000, 0.5, nan)
59) ('resnet50_vanilla_mapped_RIN', 25.0, 1000, 0.5, nan)
60) ('resnet50_vanilla_mapped_RIN', 30.0, 2000, 2.0, nan)
61) ('resnet50_vanilla_mapped_RIN', 40.0, 2000, 2.0, nan)
62) ('resnet50_vanilla_mapped_RIN', 50.0, 2000, 2.0, nan)
63) ('resnet50_vanilla_mapped_RIN', 100.0, 5000, 2.0, nan)
(*) group(model_name='resnet50_robust_mapped_RIN_l2_10_0', budget=30.0, n_iter=2000, step_size=2.0, interp_alpha=nan)
=> loading checkpoint '/project/3018078.01/Gaziv/Wormholes_FB/checkpoints/imagenet_l2_10_0.pt'
=> loaded checkpoint '/project/3018078.01/Gaziv/Wormholes_FB/checkpoints/imagenet_l2_10_0.pt' (epoch 106)
chunk [1/8]
chunk [2/8]
chunk [3/8]
chunk [4/8]
chunk [5/8]
chunk [6/8]
chunk [7/8]
chunk [8/8]
Model-subject [resnet50_robust_mapped_RIN_l2_1_0_v2]
=> loading checkpoint '/project/3018078.01/Gaziv/Wormholes_FB/checkpoints/imagenet_l2_1_0_v2.pt'
=> loaded checkpoint '/project/3018078.01/Gaziv/Wormholes_FB/checkpoints/imagenet_l2_1_0_v2.pt' (epoch 176)
Model-subject [resnet50_robust_mapped_RIN_l2_3_0_v2]
=> loading checkpoint '/project/3018078.01/Gaziv/Wormholes_FB/checkpoints/imagenet_l2_3_0_v2.pt'
=> loaded checkpoint '/project/3018078.01/Gaziv/Wormholes_FB/checkpoints/imagenet_l2_3_0_v2.pt' (epoch 131)
Model-subject [resnet50_robust_mapped_RIN_l2_10_0_v2]
=> loading checkpoint '/project/3018078.01/Gaziv/Wormholes_FB/checkpoints/imagenet_l2_10_0_v2.pt'
=> loaded checkpoint '/project/3018078.01/Gaziv/Wormholes_FB/checkpoints/imagenet_l2_10_0_v2.pt' (epoch 200)
Model-subject [resnet50_vanilla_mapped_RIN_v2]
=> loading checkpoint '/project/3018078.01/Gaziv/Wormholes_FB/checkpoints/imagenet_vanilla_v2.pt'
=> loaded checkpoint '/project/3018078.01/Gaziv/Wormholes_FB/checkpoints/imagenet_vanilla_v2.pt' (epoch 171)
Model-subject [resnet50_robust_mapped_RIN_l2_10_0]
=> loading checkpoint '/project/3018078.01/Gaziv/Wormholes_FB/checkpoints/imagenet_l2_10_0.pt'
=> loaded checkpoint '/project/3018078.01/Gaziv/Wormholes_FB/checkpoints/imagenet_l2_10_0.pt' (epoch 106)
Done.
Running iteration: 13
Job [13]
Total number of configs: 64
0) ('resnet50_robust_mapped_RIN_l2_10_0', 0.0, 0, 0.0, nan)
1) ('resnet50_robust_mapped_RIN_l2_10_0', 0.1, 200, 0.02, nan)
2) ('resnet50_robust_mapped_RIN_l2_10_0', 0.5, 200, 0.1, nan)
3) ('resnet50_robust_mapped_RIN_l2_10_0', 1.0, 200, 0.3, nan)
4) ('resnet50_robust_mapped_RIN_l2_10_0', 2.0, 200, 0.3, nan)
5) ('resnet50_robust_mapped_RIN_l2_10_0', 3.0, 200, 0.3, nan)
6) ('resnet50_robust_mapped_RIN_l2_10_0', 5.0, 500, 0.5, nan)
7) ('resnet50_robust_mapped_RIN_l2_10_0', 7.5, 500, 0.5, nan)
8) ('resnet50_robust_mapped_RIN_l2_10_0', 10.0, 500, 0.5, nan)
9) ('resnet50_robust_mapped_RIN_l2_10_0', 15.0, 500, 0.5, nan)
10) ('resnet50_robust_mapped_RIN_l2_10_0', 20.0, 1000, 0.5, nan)
11) ('resnet50_robust_mapped_RIN_l2_10_0', 25.0, 1000, 0.5, nan)
12) ('resnet50_robust_mapped_RIN_l2_10_0', 30.0, 2000, 2.0, nan)
13) ('resnet50_robust_mapped_RIN_l2_10_0', 40.0, 2000, 2.0, nan)
14) ('resnet50_robust_mapped_RIN_l2_10_0', 50.0, 2000, 2.0, nan)
15) ('resnet50_robust_mapped_RIN_l2_10_0', 100.0, 5000, 2.0, nan)
16) ('resnet50_robust_mapped_RIN_l2_1_0', 0.0, 0, 0.0, nan)
17) ('resnet50_robust_mapped_RIN_l2_1_0', 0.1, 200, 0.02, nan)
18) ('resnet50_robust_mapped_RIN_l2_1_0', 0.5, 200, 0.1, nan)
19) ('resnet50_robust_mapped_RIN_l2_1_0', 1.0, 200, 0.3, nan)
20) ('resnet50_robust_mapped_RIN_l2_1_0', 2.0, 200, 0.3, nan)
21) ('resnet50_robust_mapped_RIN_l2_1_0', 3.0, 200, 0.3, nan)
22) ('resnet50_robust_mapped_RIN_l2_1_0', 5.0, 500, 0.5, nan)
23) ('resnet50_robust_mapped_RIN_l2_1_0', 7.5, 500, 0.5, nan)
24) ('resnet50_robust_mapped_RIN_l2_1_0', 10.0, 500, 0.5, nan)
25) ('resnet50_robust_mapped_RIN_l2_1_0', 15.0, 500, 0.5, nan)
26) ('resnet50_robust_mapped_RIN_l2_1_0', 20.0, 1000, 0.5, nan)
27) ('resnet50_robust_mapped_RIN_l2_1_0', 25.0, 1000, 0.5, nan)
28) ('resnet50_robust_mapped_RIN_l2_1_0', 30.0, 2000, 2.0, nan)
29) ('resnet50_robust_mapped_RIN_l2_1_0', 40.0, 2000, 2.0, nan)
30) ('resnet50_robust_mapped_RIN_l2_1_0', 50.0, 2000, 2.0, nan)
31) ('resnet50_robust_mapped_RIN_l2_1_0', 100.0, 5000, 2.0, nan)
32) ('resnet50_robust_mapped_RIN_l2_3_0', 0.0, 0, 0.0, nan)
33) ('resnet50_robust_mapped_RIN_l2_3_0', 0.1, 200, 0.02, nan)
34) ('resnet50_robust_mapped_RIN_l2_3_0', 0.5, 200, 0.1, nan)
35) ('resnet50_robust_mapped_RIN_l2_3_0', 1.0, 200, 0.3, nan)
36) ('resnet50_robust_mapped_RIN_l2_3_0', 2.0, 200, 0.3, nan)
37) ('resnet50_robust_mapped_RIN_l2_3_0', 3.0, 200, 0.3, nan)
38) ('resnet50_robust_mapped_RIN_l2_3_0', 5.0, 500, 0.5, nan)
39) ('resnet50_robust_mapped_RIN_l2_3_0', 7.5, 500, 0.5, nan)
40) ('resnet50_robust_mapped_RIN_l2_3_0', 10.0, 500, 0.5, nan)
41) ('resnet50_robust_mapped_RIN_l2_3_0', 15.0, 500, 0.5, nan)
42) ('resnet50_robust_mapped_RIN_l2_3_0', 20.0, 1000, 0.5, nan)
43) ('resnet50_robust_mapped_RIN_l2_3_0', 25.0, 1000, 0.5, nan)
44) ('resnet50_robust_mapped_RIN_l2_3_0', 30.0, 2000, 2.0, nan)
45) ('resnet50_robust_mapped_RIN_l2_3_0', 40.0, 2000, 2.0, nan)
46) ('resnet50_robust_mapped_RIN_l2_3_0', 50.0, 2000, 2.0, nan)
47) ('resnet50_robust_mapped_RIN_l2_3_0', 100.0, 5000, 2.0, nan)
48) ('resnet50_vanilla_mapped_RIN', 0.0, 0, 0.0, nan)
49) ('resnet50_vanilla_mapped_RIN', 0.1, 200, 0.02, nan)
50) ('resnet50_vanilla_mapped_RIN', 0.5, 200, 0.1, nan)
51) ('resnet50_vanilla_mapped_RIN', 1.0, 200, 0.3, nan)
52) ('resnet50_vanilla_mapped_RIN', 2.0, 200, 0.3, nan)
53) ('resnet50_vanilla_mapped_RIN', 3.0, 200, 0.3, nan)
54) ('resnet50_vanilla_mapped_RIN', 5.0, 500, 0.5, nan)
55) ('resnet50_vanilla_mapped_RIN', 7.5, 500, 0.5, nan)
56) ('resnet50_vanilla_mapped_RIN', 10.0, 500, 0.5, nan)
57) ('resnet50_vanilla_mapped_RIN', 15.0, 500, 0.5, nan)
58) ('resnet50_vanilla_mapped_RIN', 20.0, 1000, 0.5, nan)
59) ('resnet50_vanilla_mapped_RIN', 25.0, 1000, 0.5, nan)
60) ('resnet50_vanilla_mapped_RIN', 30.0, 2000, 2.0, nan)
61) ('resnet50_vanilla_mapped_RIN', 40.0, 2000, 2.0, nan)
62) ('resnet50_vanilla_mapped_RIN', 50.0, 2000, 2.0, nan)
63) ('resnet50_vanilla_mapped_RIN', 100.0, 5000, 2.0, nan)
(*) group(model_name='resnet50_robust_mapped_RIN_l2_10_0', budget=40.0, n_iter=2000, step_size=2.0, interp_alpha=nan)
=> loading checkpoint '/project/3018078.01/Gaziv/Wormholes_FB/checkpoints/imagenet_l2_10_0.pt'
=> loaded checkpoint '/project/3018078.01/Gaziv/Wormholes_FB/checkpoints/imagenet_l2_10_0.pt' (epoch 106)
chunk [1/8]
chunk [2/8]
chunk [3/8]
chunk [4/8]
chunk [5/8]
chunk [6/8]
chunk [7/8]
chunk [8/8]
Model-subject [resnet50_robust_mapped_RIN_l2_1_0_v2]
=> loading checkpoint '/project/3018078.01/Gaziv/Wormholes_FB/checkpoints/imagenet_l2_1_0_v2.pt'
=> loaded checkpoint '/project/3018078.01/Gaziv/Wormholes_FB/checkpoints/imagenet_l2_1_0_v2.pt' (epoch 176)
Model-subject [resnet50_robust_mapped_RIN_l2_3_0_v2]
=> loading checkpoint '/project/3018078.01/Gaziv/Wormholes_FB/checkpoints/imagenet_l2_3_0_v2.pt'
=> loaded checkpoint '/project/3018078.01/Gaziv/Wormholes_FB/checkpoints/imagenet_l2_3_0_v2.pt' (epoch 131)
Model-subject [resnet50_robust_mapped_RIN_l2_10_0_v2]
=> loading checkpoint '/project/3018078.01/Gaziv/Wormholes_FB/checkpoints/imagenet_l2_10_0_v2.pt'
=> loaded checkpoint '/project/3018078.01/Gaziv/Wormholes_FB/checkpoints/imagenet_l2_10_0_v2.pt' (epoch 200)
Model-subject [resnet50_vanilla_mapped_RIN_v2]
=> loading checkpoint '/project/3018078.01/Gaziv/Wormholes_FB/checkpoints/imagenet_vanilla_v2.pt'
=> loaded checkpoint '/project/3018078.01/Gaziv/Wormholes_FB/checkpoints/imagenet_vanilla_v2.pt' (epoch 171)
Model-subject [resnet50_robust_mapped_RIN_l2_10_0]
=> loading checkpoint '/project/3018078.01/Gaziv/Wormholes_FB/checkpoints/imagenet_l2_10_0.pt'
=> loaded checkpoint '/project/3018078.01/Gaziv/Wormholes_FB/checkpoints/imagenet_l2_10_0.pt' (epoch 106)
Done.
Running iteration: 14
Job [14]
Total number of configs: 64
0) ('resnet50_robust_mapped_RIN_l2_10_0', 0.0, 0, 0.0, nan)
1) ('resnet50_robust_mapped_RIN_l2_10_0', 0.1, 200, 0.02, nan)
2) ('resnet50_robust_mapped_RIN_l2_10_0', 0.5, 200, 0.1, nan)
3) ('resnet50_robust_mapped_RIN_l2_10_0', 1.0, 200, 0.3, nan)
4) ('resnet50_robust_mapped_RIN_l2_10_0', 2.0, 200, 0.3, nan)
5) ('resnet50_robust_mapped_RIN_l2_10_0', 3.0, 200, 0.3, nan)
6) ('resnet50_robust_mapped_RIN_l2_10_0', 5.0, 500, 0.5, nan)
7) ('resnet50_robust_mapped_RIN_l2_10_0', 7.5, 500, 0.5, nan)
8) ('resnet50_robust_mapped_RIN_l2_10_0', 10.0, 500, 0.5, nan)
9) ('resnet50_robust_mapped_RIN_l2_10_0', 15.0, 500, 0.5, nan)
10) ('resnet50_robust_mapped_RIN_l2_10_0', 20.0, 1000, 0.5, nan)
11) ('resnet50_robust_mapped_RIN_l2_10_0', 25.0, 1000, 0.5, nan)
12) ('resnet50_robust_mapped_RIN_l2_10_0', 30.0, 2000, 2.0, nan)
13) ('resnet50_robust_mapped_RIN_l2_10_0', 40.0, 2000, 2.0, nan)
14) ('resnet50_robust_mapped_RIN_l2_10_0', 50.0, 2000, 2.0, nan)
15) ('resnet50_robust_mapped_RIN_l2_10_0', 100.0, 5000, 2.0, nan)
16) ('resnet50_robust_mapped_RIN_l2_1_0', 0.0, 0, 0.0, nan)
17) ('resnet50_robust_mapped_RIN_l2_1_0', 0.1, 200, 0.02, nan)
18) ('resnet50_robust_mapped_RIN_l2_1_0', 0.5, 200, 0.1, nan)
19) ('resnet50_robust_mapped_RIN_l2_1_0', 1.0, 200, 0.3, nan)
20) ('resnet50_robust_mapped_RIN_l2_1_0', 2.0, 200, 0.3, nan)
21) ('resnet50_robust_mapped_RIN_l2_1_0', 3.0, 200, 0.3, nan)
22) ('resnet50_robust_mapped_RIN_l2_1_0', 5.0, 500, 0.5, nan)
23) ('resnet50_robust_mapped_RIN_l2_1_0', 7.5, 500, 0.5, nan)
24) ('resnet50_robust_mapped_RIN_l2_1_0', 10.0, 500, 0.5, nan)
25) ('resnet50_robust_mapped_RIN_l2_1_0', 15.0, 500, 0.5, nan)
26) ('resnet50_robust_mapped_RIN_l2_1_0', 20.0, 1000, 0.5, nan)
27) ('resnet50_robust_mapped_RIN_l2_1_0', 25.0, 1000, 0.5, nan)
28) ('resnet50_robust_mapped_RIN_l2_1_0', 30.0, 2000, 2.0, nan)
29) ('resnet50_robust_mapped_RIN_l2_1_0', 40.0, 2000, 2.0, nan)
30) ('resnet50_robust_mapped_RIN_l2_1_0', 50.0, 2000, 2.0, nan)
31) ('resnet50_robust_mapped_RIN_l2_1_0', 100.0, 5000, 2.0, nan)
32) ('resnet50_robust_mapped_RIN_l2_3_0', 0.0, 0, 0.0, nan)
33) ('resnet50_robust_mapped_RIN_l2_3_0', 0.1, 200, 0.02, nan)
34) ('resnet50_robust_mapped_RIN_l2_3_0', 0.5, 200, 0.1, nan)
35) ('resnet50_robust_mapped_RIN_l2_3_0', 1.0, 200, 0.3, nan)
36) ('resnet50_robust_mapped_RIN_l2_3_0', 2.0, 200, 0.3, nan)
37) ('resnet50_robust_mapped_RIN_l2_3_0', 3.0, 200, 0.3, nan)
38) ('resnet50_robust_mapped_RIN_l2_3_0', 5.0, 500, 0.5, nan)
39) ('resnet50_robust_mapped_RIN_l2_3_0', 7.5, 500, 0.5, nan)
40) ('resnet50_robust_mapped_RIN_l2_3_0', 10.0, 500, 0.5, nan)
41) ('resnet50_robust_mapped_RIN_l2_3_0', 15.0, 500, 0.5, nan)
42) ('resnet50_robust_mapped_RIN_l2_3_0', 20.0, 1000, 0.5, nan)
43) ('resnet50_robust_mapped_RIN_l2_3_0', 25.0, 1000, 0.5, nan)
44) ('resnet50_robust_mapped_RIN_l2_3_0', 30.0, 2000, 2.0, nan)
45) ('resnet50_robust_mapped_RIN_l2_3_0', 40.0, 2000, 2.0, nan)
46) ('resnet50_robust_mapped_RIN_l2_3_0', 50.0, 2000, 2.0, nan)
47) ('resnet50_robust_mapped_RIN_l2_3_0', 100.0, 5000, 2.0, nan)
48) ('resnet50_vanilla_mapped_RIN', 0.0, 0, 0.0, nan)
49) ('resnet50_vanilla_mapped_RIN', 0.1, 200, 0.02, nan)
50) ('resnet50_vanilla_mapped_RIN', 0.5, 200, 0.1, nan)
51) ('resnet50_vanilla_mapped_RIN', 1.0, 200, 0.3, nan)
52) ('resnet50_vanilla_mapped_RIN', 2.0, 200, 0.3, nan)
53) ('resnet50_vanilla_mapped_RIN', 3.0, 200, 0.3, nan)
54) ('resnet50_vanilla_mapped_RIN', 5.0, 500, 0.5, nan)
55) ('resnet50_vanilla_mapped_RIN', 7.5, 500, 0.5, nan)
56) ('resnet50_vanilla_mapped_RIN', 10.0, 500, 0.5, nan)
57) ('resnet50_vanilla_mapped_RIN', 15.0, 500, 0.5, nan)
58) ('resnet50_vanilla_mapped_RIN', 20.0, 1000, 0.5, nan)
59) ('resnet50_vanilla_mapped_RIN', 25.0, 1000, 0.5, nan)
60) ('resnet50_vanilla_mapped_RIN', 30.0, 2000, 2.0, nan)
61) ('resnet50_vanilla_mapped_RIN', 40.0, 2000, 2.0, nan)
62) ('resnet50_vanilla_mapped_RIN', 50.0, 2000, 2.0, nan)
63) ('resnet50_vanilla_mapped_RIN', 100.0, 5000, 2.0, nan)
(*) group(model_name='resnet50_robust_mapped_RIN_l2_10_0', budget=50.0, n_iter=2000, step_size=2.0, interp_alpha=nan)
=> loading checkpoint '/project/3018078.01/Gaziv/Wormholes_FB/checkpoints/imagenet_l2_10_0.pt'
=> loaded checkpoint '/project/3018078.01/Gaziv/Wormholes_FB/checkpoints/imagenet_l2_10_0.pt' (epoch 106)
chunk [1/8]
chunk [2/8]
chunk [3/8]
chunk [4/8]
chunk [5/8]
chunk [6/8]
chunk [7/8]
chunk [8/8]
Model-subject [resnet50_robust_mapped_RIN_l2_1_0_v2]
=> loading checkpoint '/project/3018078.01/Gaziv/Wormholes_FB/checkpoints/imagenet_l2_1_0_v2.pt'
=> loaded checkpoint '/project/3018078.01/Gaziv/Wormholes_FB/checkpoints/imagenet_l2_1_0_v2.pt' (epoch 176)
Model-subject [resnet50_robust_mapped_RIN_l2_3_0_v2]
=> loading checkpoint '/project/3018078.01/Gaziv/Wormholes_FB/checkpoints/imagenet_l2_3_0_v2.pt'
=> loaded checkpoint '/project/3018078.01/Gaziv/Wormholes_FB/checkpoints/imagenet_l2_3_0_v2.pt' (epoch 131)
Model-subject [resnet50_robust_mapped_RIN_l2_10_0_v2]
=> loading checkpoint '/project/3018078.01/Gaziv/Wormholes_FB/checkpoints/imagenet_l2_10_0_v2.pt'
=> loaded checkpoint '/project/3018078.01/Gaziv/Wormholes_FB/checkpoints/imagenet_l2_10_0_v2.pt' (epoch 200)
Model-subject [resnet50_vanilla_mapped_RIN_v2]
=> loading checkpoint '/project/3018078.01/Gaziv/Wormholes_FB/checkpoints/imagenet_vanilla_v2.pt'
=> loaded checkpoint '/project/3018078.01/Gaziv/Wormholes_FB/checkpoints/imagenet_vanilla_v2.pt' (epoch 171)
Model-subject [resnet50_robust_mapped_RIN_l2_10_0]
=> loading checkpoint '/project/3018078.01/Gaziv/Wormholes_FB/checkpoints/imagenet_l2_10_0.pt'
=> loaded checkpoint '/project/3018078.01/Gaziv/Wormholes_FB/checkpoints/imagenet_l2_10_0.pt' (epoch 106)
Done.
Running iteration: 15
Job [15]
Total number of configs: 64
0) ('resnet50_robust_mapped_RIN_l2_10_0', 0.0, 0, 0.0, nan)
1) ('resnet50_robust_mapped_RIN_l2_10_0', 0.1, 200, 0.02, nan)
2) ('resnet50_robust_mapped_RIN_l2_10_0', 0.5, 200, 0.1, nan)
3) ('resnet50_robust_mapped_RIN_l2_10_0', 1.0, 200, 0.3, nan)
4) ('resnet50_robust_mapped_RIN_l2_10_0', 2.0, 200, 0.3, nan)
5) ('resnet50_robust_mapped_RIN_l2_10_0', 3.0, 200, 0.3, nan)
6) ('resnet50_robust_mapped_RIN_l2_10_0', 5.0, 500, 0.5, nan)
7) ('resnet50_robust_mapped_RIN_l2_10_0', 7.5, 500, 0.5, nan)
8) ('resnet50_robust_mapped_RIN_l2_10_0', 10.0, 500, 0.5, nan)
9) ('resnet50_robust_mapped_RIN_l2_10_0', 15.0, 500, 0.5, nan)
10) ('resnet50_robust_mapped_RIN_l2_10_0', 20.0, 1000, 0.5, nan)
11) ('resnet50_robust_mapped_RIN_l2_10_0', 25.0, 1000, 0.5, nan)
12) ('resnet50_robust_mapped_RIN_l2_10_0', 30.0, 2000, 2.0, nan)
13) ('resnet50_robust_mapped_RIN_l2_10_0', 40.0, 2000, 2.0, nan)
14) ('resnet50_robust_mapped_RIN_l2_10_0', 50.0, 2000, 2.0, nan)
15) ('resnet50_robust_mapped_RIN_l2_10_0', 100.0, 5000, 2.0, nan)
16) ('resnet50_robust_mapped_RIN_l2_1_0', 0.0, 0, 0.0, nan)
17) ('resnet50_robust_mapped_RIN_l2_1_0', 0.1, 200, 0.02, nan)
18) ('resnet50_robust_mapped_RIN_l2_1_0', 0.5, 200, 0.1, nan)
19) ('resnet50_robust_mapped_RIN_l2_1_0', 1.0, 200, 0.3, nan)
20) ('resnet50_robust_mapped_RIN_l2_1_0', 2.0, 200, 0.3, nan)
21) ('resnet50_robust_mapped_RIN_l2_1_0', 3.0, 200, 0.3, nan)
22) ('resnet50_robust_mapped_RIN_l2_1_0', 5.0, 500, 0.5, nan)
23) ('resnet50_robust_mapped_RIN_l2_1_0', 7.5, 500, 0.5, nan)
24) ('resnet50_robust_mapped_RIN_l2_1_0', 10.0, 500, 0.5, nan)
25) ('resnet50_robust_mapped_RIN_l2_1_0', 15.0, 500, 0.5, nan)
26) ('resnet50_robust_mapped_RIN_l2_1_0', 20.0, 1000, 0.5, nan)
27) ('resnet50_robust_mapped_RIN_l2_1_0', 25.0, 1000, 0.5, nan)
28) ('resnet50_robust_mapped_RIN_l2_1_0', 30.0, 2000, 2.0, nan)
29) ('resnet50_robust_mapped_RIN_l2_1_0', 40.0, 2000, 2.0, nan)
30) ('resnet50_robust_mapped_RIN_l2_1_0', 50.0, 2000, 2.0, nan)
31) ('resnet50_robust_mapped_RIN_l2_1_0', 100.0, 5000, 2.0, nan)
32) ('resnet50_robust_mapped_RIN_l2_3_0', 0.0, 0, 0.0, nan)
33) ('resnet50_robust_mapped_RIN_l2_3_0', 0.1, 200, 0.02, nan)
34) ('resnet50_robust_mapped_RIN_l2_3_0', 0.5, 200, 0.1, nan)
35) ('resnet50_robust_mapped_RIN_l2_3_0', 1.0, 200, 0.3, nan)
36) ('resnet50_robust_mapped_RIN_l2_3_0', 2.0, 200, 0.3, nan)
37) ('resnet50_robust_mapped_RIN_l2_3_0', 3.0, 200, 0.3, nan)
38) ('resnet50_robust_mapped_RIN_l2_3_0', 5.0, 500, 0.5, nan)
39) ('resnet50_robust_mapped_RIN_l2_3_0', 7.5, 500, 0.5, nan)
40) ('resnet50_robust_mapped_RIN_l2_3_0', 10.0, 500, 0.5, nan)
41) ('resnet50_robust_mapped_RIN_l2_3_0', 15.0, 500, 0.5, nan)
42) ('resnet50_robust_mapped_RIN_l2_3_0', 20.0, 1000, 0.5, nan)
43) ('resnet50_robust_mapped_RIN_l2_3_0', 25.0, 1000, 0.5, nan)
44) ('resnet50_robust_mapped_RIN_l2_3_0', 30.0, 2000, 2.0, nan)
45) ('resnet50_robust_mapped_RIN_l2_3_0', 40.0, 2000, 2.0, nan)
46) ('resnet50_robust_mapped_RIN_l2_3_0', 50.0, 2000, 2.0, nan)
47) ('resnet50_robust_mapped_RIN_l2_3_0', 100.0, 5000, 2.0, nan)
48) ('resnet50_vanilla_mapped_RIN', 0.0, 0, 0.0, nan)
49) ('resnet50_vanilla_mapped_RIN', 0.1, 200, 0.02, nan)
50) ('resnet50_vanilla_mapped_RIN', 0.5, 200, 0.1, nan)
51) ('resnet50_vanilla_mapped_RIN', 1.0, 200, 0.3, nan)
52) ('resnet50_vanilla_mapped_RIN', 2.0, 200, 0.3, nan)
53) ('resnet50_vanilla_mapped_RIN', 3.0, 200, 0.3, nan)
54) ('resnet50_vanilla_mapped_RIN', 5.0, 500, 0.5, nan)
55) ('resnet50_vanilla_mapped_RIN', 7.5, 500, 0.5, nan)
56) ('resnet50_vanilla_mapped_RIN', 10.0, 500, 0.5, nan)
57) ('resnet50_vanilla_mapped_RIN', 15.0, 500, 0.5, nan)
58) ('resnet50_vanilla_mapped_RIN', 20.0, 1000, 0.5, nan)
59) ('resnet50_vanilla_mapped_RIN', 25.0, 1000, 0.5, nan)
60) ('resnet50_vanilla_mapped_RIN', 30.0, 2000, 2.0, nan)
61) ('resnet50_vanilla_mapped_RIN', 40.0, 2000, 2.0, nan)
62) ('resnet50_vanilla_mapped_RIN', 50.0, 2000, 2.0, nan)
63) ('resnet50_vanilla_mapped_RIN', 100.0, 5000, 2.0, nan)
(*) group(model_name='resnet50_robust_mapped_RIN_l2_10_0', budget=100.0, n_iter=5000, step_size=2.0, interp_alpha=nan)
=> loading checkpoint '/project/3018078.01/Gaziv/Wormholes_FB/checkpoints/imagenet_l2_10_0.pt'
=> loaded checkpoint '/project/3018078.01/Gaziv/Wormholes_FB/checkpoints/imagenet_l2_10_0.pt' (epoch 106)
chunk [1/8]
chunk [2/8]
chunk [3/8]
chunk [4/8]
chunk [5/8]
chunk [6/8]
chunk [7/8]
chunk [8/8]
Model-subject [resnet50_robust_mapped_RIN_l2_1_0_v2]
=> loading checkpoint '/project/3018078.01/Gaziv/Wormholes_FB/checkpoints/imagenet_l2_1_0_v2.pt'
=> loaded checkpoint '/project/3018078.01/Gaziv/Wormholes_FB/checkpoints/imagenet_l2_1_0_v2.pt' (epoch 176)
Model-subject [resnet50_robust_mapped_RIN_l2_3_0_v2]
=> loading checkpoint '/project/3018078.01/Gaziv/Wormholes_FB/checkpoints/imagenet_l2_3_0_v2.pt'
=> loaded checkpoint '/project/3018078.01/Gaziv/Wormholes_FB/checkpoints/imagenet_l2_3_0_v2.pt' (epoch 131)
Model-subject [resnet50_robust_mapped_RIN_l2_10_0_v2]
=> loading checkpoint '/project/3018078.01/Gaziv/Wormholes_FB/checkpoints/imagenet_l2_10_0_v2.pt'
=> loaded checkpoint '/project/3018078.01/Gaziv/Wormholes_FB/checkpoints/imagenet_l2_10_0_v2.pt' (epoch 200)
Model-subject [resnet50_vanilla_mapped_RIN_v2]
=> loading checkpoint '/project/3018078.01/Gaziv/Wormholes_FB/checkpoints/imagenet_vanilla_v2.pt'
=> loaded checkpoint '/project/3018078.01/Gaziv/Wormholes_FB/checkpoints/imagenet_vanilla_v2.pt' (epoch 171)
Model-subject [resnet50_robust_mapped_RIN_l2_10_0]
=> loading checkpoint '/project/3018078.01/Gaziv/Wormholes_FB/checkpoints/imagenet_l2_10_0.pt'
=> loaded checkpoint '/project/3018078.01/Gaziv/Wormholes_FB/checkpoints/imagenet_l2_10_0.pt' (epoch 106)
Done.
Running iteration: 16
Job [16]
Total number of configs: 64
0) ('resnet50_robust_mapped_RIN_l2_10_0', 0.0, 0, 0.0, nan)
1) ('resnet50_robust_mapped_RIN_l2_10_0', 0.1, 200, 0.02, nan)
2) ('resnet50_robust_mapped_RIN_l2_10_0', 0.5, 200, 0.1, nan)
3) ('resnet50_robust_mapped_RIN_l2_10_0', 1.0, 200, 0.3, nan)
4) ('resnet50_robust_mapped_RIN_l2_10_0', 2.0, 200, 0.3, nan)
5) ('resnet50_robust_mapped_RIN_l2_10_0', 3.0, 200, 0.3, nan)
6) ('resnet50_robust_mapped_RIN_l2_10_0', 5.0, 500, 0.5, nan)
7) ('resnet50_robust_mapped_RIN_l2_10_0', 7.5, 500, 0.5, nan)
8) ('resnet50_robust_mapped_RIN_l2_10_0', 10.0, 500, 0.5, nan)
9) ('resnet50_robust_mapped_RIN_l2_10_0', 15.0, 500, 0.5, nan)
10) ('resnet50_robust_mapped_RIN_l2_10_0', 20.0, 1000, 0.5, nan)
11) ('resnet50_robust_mapped_RIN_l2_10_0', 25.0, 1000, 0.5, nan)
12) ('resnet50_robust_mapped_RIN_l2_10_0', 30.0, 2000, 2.0, nan)
13) ('resnet50_robust_mapped_RIN_l2_10_0', 40.0, 2000, 2.0, nan)
14) ('resnet50_robust_mapped_RIN_l2_10_0', 50.0, 2000, 2.0, nan)
15) ('resnet50_robust_mapped_RIN_l2_10_0', 100.0, 5000, 2.0, nan)
16) ('resnet50_robust_mapped_RIN_l2_1_0', 0.0, 0, 0.0, nan)
17) ('resnet50_robust_mapped_RIN_l2_1_0', 0.1, 200, 0.02, nan)
18) ('resnet50_robust_mapped_RIN_l2_1_0', 0.5, 200, 0.1, nan)
19) ('resnet50_robust_mapped_RIN_l2_1_0', 1.0, 200, 0.3, nan)
20) ('resnet50_robust_mapped_RIN_l2_1_0', 2.0, 200, 0.3, nan)
21) ('resnet50_robust_mapped_RIN_l2_1_0', 3.0, 200, 0.3, nan)
22) ('resnet50_robust_mapped_RIN_l2_1_0', 5.0, 500, 0.5, nan)
23) ('resnet50_robust_mapped_RIN_l2_1_0', 7.5, 500, 0.5, nan)
24) ('resnet50_robust_mapped_RIN_l2_1_0', 10.0, 500, 0.5, nan)
25) ('resnet50_robust_mapped_RIN_l2_1_0', 15.0, 500, 0.5, nan)
26) ('resnet50_robust_mapped_RIN_l2_1_0', 20.0, 1000, 0.5, nan)
27) ('resnet50_robust_mapped_RIN_l2_1_0', 25.0, 1000, 0.5, nan)
28) ('resnet50_robust_mapped_RIN_l2_1_0', 30.0, 2000, 2.0, nan)
29) ('resnet50_robust_mapped_RIN_l2_1_0', 40.0, 2000, 2.0, nan)
30) ('resnet50_robust_mapped_RIN_l2_1_0', 50.0, 2000, 2.0, nan)
31) ('resnet50_robust_mapped_RIN_l2_1_0', 100.0, 5000, 2.0, nan)
32) ('resnet50_robust_mapped_RIN_l2_3_0', 0.0, 0, 0.0, nan)
33) ('resnet50_robust_mapped_RIN_l2_3_0', 0.1, 200, 0.02, nan)
34) ('resnet50_robust_mapped_RIN_l2_3_0', 0.5, 200, 0.1, nan)
35) ('resnet50_robust_mapped_RIN_l2_3_0', 1.0, 200, 0.3, nan)
36) ('resnet50_robust_mapped_RIN_l2_3_0', 2.0, 200, 0.3, nan)
37) ('resnet50_robust_mapped_RIN_l2_3_0', 3.0, 200, 0.3, nan)
38) ('resnet50_robust_mapped_RIN_l2_3_0', 5.0, 500, 0.5, nan)
39) ('resnet50_robust_mapped_RIN_l2_3_0', 7.5, 500, 0.5, nan)
40) ('resnet50_robust_mapped_RIN_l2_3_0', 10.0, 500, 0.5, nan)
41) ('resnet50_robust_mapped_RIN_l2_3_0', 15.0, 500, 0.5, nan)
42) ('resnet50_robust_mapped_RIN_l2_3_0', 20.0, 1000, 0.5, nan)
43) ('resnet50_robust_mapped_RIN_l2_3_0', 25.0, 1000, 0.5, nan)
44) ('resnet50_robust_mapped_RIN_l2_3_0', 30.0, 2000, 2.0, nan)
45) ('resnet50_robust_mapped_RIN_l2_3_0', 40.0, 2000, 2.0, nan)
46) ('resnet50_robust_mapped_RIN_l2_3_0', 50.0, 2000, 2.0, nan)
47) ('resnet50_robust_mapped_RIN_l2_3_0', 100.0, 5000, 2.0, nan)
48) ('resnet50_vanilla_mapped_RIN', 0.0, 0, 0.0, nan)
49) ('resnet50_vanilla_mapped_RIN', 0.1, 200, 0.02, nan)
50) ('resnet50_vanilla_mapped_RIN', 0.5, 200, 0.1, nan)
51) ('resnet50_vanilla_mapped_RIN', 1.0, 200, 0.3, nan)
52) ('resnet50_vanilla_mapped_RIN', 2.0, 200, 0.3, nan)
53) ('resnet50_vanilla_mapped_RIN', 3.0, 200, 0.3, nan)
54) ('resnet50_vanilla_mapped_RIN', 5.0, 500, 0.5, nan)
55) ('resnet50_vanilla_mapped_RIN', 7.5, 500, 0.5, nan)
56) ('resnet50_vanilla_mapped_RIN', 10.0, 500, 0.5, nan)
57) ('resnet50_vanilla_mapped_RIN', 15.0, 500, 0.5, nan)
58) ('resnet50_vanilla_mapped_RIN', 20.0, 1000, 0.5, nan)
59) ('resnet50_vanilla_mapped_RIN', 25.0, 1000, 0.5, nan)
60) ('resnet50_vanilla_mapped_RIN', 30.0, 2000, 2.0, nan)
61) ('resnet50_vanilla_mapped_RIN', 40.0, 2000, 2.0, nan)
62) ('resnet50_vanilla_mapped_RIN', 50.0, 2000, 2.0, nan)
63) ('resnet50_vanilla_mapped_RIN', 100.0, 5000, 2.0, nan)
(*) group(model_name='resnet50_robust_mapped_RIN_l2_1_0', budget=0.0, n_iter=0, step_size=0.0, interp_alpha=nan)
=> loading checkpoint '/project/3018078.01/Gaziv/Wormholes_FB/checkpoints/imagenet_l2_1_0.pt'
=> loaded checkpoint '/project/3018078.01/Gaziv/Wormholes_FB/checkpoints/imagenet_l2_1_0.pt' (epoch 181)
chunk [1/8]
chunk [2/8]
chunk [3/8]
chunk [4/8]
chunk [5/8]
chunk [6/8]
chunk [7/8]
chunk [8/8]
Model-subject [resnet50_robust_mapped_RIN_l2_1_0_v2]
=> loading checkpoint '/project/3018078.01/Gaziv/Wormholes_FB/checkpoints/imagenet_l2_1_0_v2.pt'
=> loaded checkpoint '/project/3018078.01/Gaziv/Wormholes_FB/checkpoints/imagenet_l2_1_0_v2.pt' (epoch 176)
Model-subject [resnet50_robust_mapped_RIN_l2_3_0_v2]
=> loading checkpoint '/project/3018078.01/Gaziv/Wormholes_FB/checkpoints/imagenet_l2_3_0_v2.pt'
=> loaded checkpoint '/project/3018078.01/Gaziv/Wormholes_FB/checkpoints/imagenet_l2_3_0_v2.pt' (epoch 131)
Model-subject [resnet50_robust_mapped_RIN_l2_10_0_v2]
=> loading checkpoint '/project/3018078.01/Gaziv/Wormholes_FB/checkpoints/imagenet_l2_10_0_v2.pt'
=> loaded checkpoint '/project/3018078.01/Gaziv/Wormholes_FB/checkpoints/imagenet_l2_10_0_v2.pt' (epoch 200)
Model-subject [resnet50_vanilla_mapped_RIN_v2]
=> loading checkpoint '/project/3018078.01/Gaziv/Wormholes_FB/checkpoints/imagenet_vanilla_v2.pt'
=> loaded checkpoint '/project/3018078.01/Gaziv/Wormholes_FB/checkpoints/imagenet_vanilla_v2.pt' (epoch 171)
Model-subject [resnet50_robust_mapped_RIN_l2_1_0]
=> loading checkpoint '/project/3018078.01/Gaziv/Wormholes_FB/checkpoints/imagenet_l2_1_0.pt'
=> loaded checkpoint '/project/3018078.01/Gaziv/Wormholes_FB/checkpoints/imagenet_l2_1_0.pt' (epoch 181)
Done.
Running iteration: 17
Job [17]
Total number of configs: 64
0) ('resnet50_robust_mapped_RIN_l2_10_0', 0.0, 0, 0.0, nan)
1) ('resnet50_robust_mapped_RIN_l2_10_0', 0.1, 200, 0.02, nan)
2) ('resnet50_robust_mapped_RIN_l2_10_0', 0.5, 200, 0.1, nan)
3) ('resnet50_robust_mapped_RIN_l2_10_0', 1.0, 200, 0.3, nan)
4) ('resnet50_robust_mapped_RIN_l2_10_0', 2.0, 200, 0.3, nan)
5) ('resnet50_robust_mapped_RIN_l2_10_0', 3.0, 200, 0.3, nan)
6) ('resnet50_robust_mapped_RIN_l2_10_0', 5.0, 500, 0.5, nan)
7) ('resnet50_robust_mapped_RIN_l2_10_0', 7.5, 500, 0.5, nan)
8) ('resnet50_robust_mapped_RIN_l2_10_0', 10.0, 500, 0.5, nan)
9) ('resnet50_robust_mapped_RIN_l2_10_0', 15.0, 500, 0.5, nan)
10) ('resnet50_robust_mapped_RIN_l2_10_0', 20.0, 1000, 0.5, nan)
11) ('resnet50_robust_mapped_RIN_l2_10_0', 25.0, 1000, 0.5, nan)
12) ('resnet50_robust_mapped_RIN_l2_10_0', 30.0, 2000, 2.0, nan)
13) ('resnet50_robust_mapped_RIN_l2_10_0', 40.0, 2000, 2.0, nan)
14) ('resnet50_robust_mapped_RIN_l2_10_0', 50.0, 2000, 2.0, nan)
15) ('resnet50_robust_mapped_RIN_l2_10_0', 100.0, 5000, 2.0, nan)
16) ('resnet50_robust_mapped_RIN_l2_1_0', 0.0, 0, 0.0, nan)
17) ('resnet50_robust_mapped_RIN_l2_1_0', 0.1, 200, 0.02, nan)
18) ('resnet50_robust_mapped_RIN_l2_1_0', 0.5, 200, 0.1, nan)
19) ('resnet50_robust_mapped_RIN_l2_1_0', 1.0, 200, 0.3, nan)
20) ('resnet50_robust_mapped_RIN_l2_1_0', 2.0, 200, 0.3, nan)
21) ('resnet50_robust_mapped_RIN_l2_1_0', 3.0, 200, 0.3, nan)
22) ('resnet50_robust_mapped_RIN_l2_1_0', 5.0, 500, 0.5, nan)
23) ('resnet50_robust_mapped_RIN_l2_1_0', 7.5, 500, 0.5, nan)
24) ('resnet50_robust_mapped_RIN_l2_1_0', 10.0, 500, 0.5, nan)
25) ('resnet50_robust_mapped_RIN_l2_1_0', 15.0, 500, 0.5, nan)
26) ('resnet50_robust_mapped_RIN_l2_1_0', 20.0, 1000, 0.5, nan)
27) ('resnet50_robust_mapped_RIN_l2_1_0', 25.0, 1000, 0.5, nan)
28) ('resnet50_robust_mapped_RIN_l2_1_0', 30.0, 2000, 2.0, nan)
29) ('resnet50_robust_mapped_RIN_l2_1_0', 40.0, 2000, 2.0, nan)
30) ('resnet50_robust_mapped_RIN_l2_1_0', 50.0, 2000, 2.0, nan)
31) ('resnet50_robust_mapped_RIN_l2_1_0', 100.0, 5000, 2.0, nan)
32) ('resnet50_robust_mapped_RIN_l2_3_0', 0.0, 0, 0.0, nan)
33) ('resnet50_robust_mapped_RIN_l2_3_0', 0.1, 200, 0.02, nan)
34) ('resnet50_robust_mapped_RIN_l2_3_0', 0.5, 200, 0.1, nan)
35) ('resnet50_robust_mapped_RIN_l2_3_0', 1.0, 200, 0.3, nan)
36) ('resnet50_robust_mapped_RIN_l2_3_0', 2.0, 200, 0.3, nan)
37) ('resnet50_robust_mapped_RIN_l2_3_0', 3.0, 200, 0.3, nan)
38) ('resnet50_robust_mapped_RIN_l2_3_0', 5.0, 500, 0.5, nan)
39) ('resnet50_robust_mapped_RIN_l2_3_0', 7.5, 500, 0.5, nan)
40) ('resnet50_robust_mapped_RIN_l2_3_0', 10.0, 500, 0.5, nan)
41) ('resnet50_robust_mapped_RIN_l2_3_0', 15.0, 500, 0.5, nan)
42) ('resnet50_robust_mapped_RIN_l2_3_0', 20.0, 1000, 0.5, nan)
43) ('resnet50_robust_mapped_RIN_l2_3_0', 25.0, 1000, 0.5, nan)
44) ('resnet50_robust_mapped_RIN_l2_3_0', 30.0, 2000, 2.0, nan)
45) ('resnet50_robust_mapped_RIN_l2_3_0', 40.0, 2000, 2.0, nan)
46) ('resnet50_robust_mapped_RIN_l2_3_0', 50.0, 2000, 2.0, nan)
47) ('resnet50_robust_mapped_RIN_l2_3_0', 100.0, 5000, 2.0, nan)
48) ('resnet50_vanilla_mapped_RIN', 0.0, 0, 0.0, nan)
49) ('resnet50_vanilla_mapped_RIN', 0.1, 200, 0.02, nan)
50) ('resnet50_vanilla_mapped_RIN', 0.5, 200, 0.1, nan)
51) ('resnet50_vanilla_mapped_RIN', 1.0, 200, 0.3, nan)
52) ('resnet50_vanilla_mapped_RIN', 2.0, 200, 0.3, nan)
53) ('resnet50_vanilla_mapped_RIN', 3.0, 200, 0.3, nan)
54) ('resnet50_vanilla_mapped_RIN', 5.0, 500, 0.5, nan)
55) ('resnet50_vanilla_mapped_RIN', 7.5, 500, 0.5, nan)
56) ('resnet50_vanilla_mapped_RIN', 10.0, 500, 0.5, nan)
57) ('resnet50_vanilla_mapped_RIN', 15.0, 500, 0.5, nan)
58) ('resnet50_vanilla_mapped_RIN', 20.0, 1000, 0.5, nan)
59) ('resnet50_vanilla_mapped_RIN', 25.0, 1000, 0.5, nan)
60) ('resnet50_vanilla_mapped_RIN', 30.0, 2000, 2.0, nan)
61) ('resnet50_vanilla_mapped_RIN', 40.0, 2000, 2.0, nan)
62) ('resnet50_vanilla_mapped_RIN', 50.0, 2000, 2.0, nan)
63) ('resnet50_vanilla_mapped_RIN', 100.0, 5000, 2.0, nan)
(*) group(model_name='resnet50_robust_mapped_RIN_l2_1_0', budget=0.1, n_iter=200, step_size=0.02, interp_alpha=nan)
=> loading checkpoint '/project/3018078.01/Gaziv/Wormholes_FB/checkpoints/imagenet_l2_1_0.pt'
=> loaded checkpoint '/project/3018078.01/Gaziv/Wormholes_FB/checkpoints/imagenet_l2_1_0.pt' (epoch 181)
chunk [1/8]
chunk [2/8]
chunk [3/8]
chunk [4/8]
chunk [5/8]
chunk [6/8]
chunk [7/8]
chunk [8/8]
Model-subject [resnet50_robust_mapped_RIN_l2_1_0_v2]
=> loading checkpoint '/project/3018078.01/Gaziv/Wormholes_FB/checkpoints/imagenet_l2_1_0_v2.pt'
=> loaded checkpoint '/project/3018078.01/Gaziv/Wormholes_FB/checkpoints/imagenet_l2_1_0_v2.pt' (epoch 176)
Model-subject [resnet50_robust_mapped_RIN_l2_3_0_v2]
=> loading checkpoint '/project/3018078.01/Gaziv/Wormholes_FB/checkpoints/imagenet_l2_3_0_v2.pt'
=> loaded checkpoint '/project/3018078.01/Gaziv/Wormholes_FB/checkpoints/imagenet_l2_3_0_v2.pt' (epoch 131)
Model-subject [resnet50_robust_mapped_RIN_l2_10_0_v2]
=> loading checkpoint '/project/3018078.01/Gaziv/Wormholes_FB/checkpoints/imagenet_l2_10_0_v2.pt'
=> loaded checkpoint '/project/3018078.01/Gaziv/Wormholes_FB/checkpoints/imagenet_l2_10_0_v2.pt' (epoch 200)
Model-subject [resnet50_vanilla_mapped_RIN_v2]
=> loading checkpoint '/project/3018078.01/Gaziv/Wormholes_FB/checkpoints/imagenet_vanilla_v2.pt'
=> loaded checkpoint '/project/3018078.01/Gaziv/Wormholes_FB/checkpoints/imagenet_vanilla_v2.pt' (epoch 171)
Model-subject [resnet50_robust_mapped_RIN_l2_1_0]
=> loading checkpoint '/project/3018078.01/Gaziv/Wormholes_FB/checkpoints/imagenet_l2_1_0.pt'
=> loaded checkpoint '/project/3018078.01/Gaziv/Wormholes_FB/checkpoints/imagenet_l2_1_0.pt' (epoch 181)
Done.
Running iteration: 18
Job [18]
Total number of configs: 64
0) ('resnet50_robust_mapped_RIN_l2_10_0', 0.0, 0, 0.0, nan)
1) ('resnet50_robust_mapped_RIN_l2_10_0', 0.1, 200, 0.02, nan)
2) ('resnet50_robust_mapped_RIN_l2_10_0', 0.5, 200, 0.1, nan)
3) ('resnet50_robust_mapped_RIN_l2_10_0', 1.0, 200, 0.3, nan)
4) ('resnet50_robust_mapped_RIN_l2_10_0', 2.0, 200, 0.3, nan)
5) ('resnet50_robust_mapped_RIN_l2_10_0', 3.0, 200, 0.3, nan)
6) ('resnet50_robust_mapped_RIN_l2_10_0', 5.0, 500, 0.5, nan)
7) ('resnet50_robust_mapped_RIN_l2_10_0', 7.5, 500, 0.5, nan)
8) ('resnet50_robust_mapped_RIN_l2_10_0', 10.0, 500, 0.5, nan)
9) ('resnet50_robust_mapped_RIN_l2_10_0', 15.0, 500, 0.5, nan)
10) ('resnet50_robust_mapped_RIN_l2_10_0', 20.0, 1000, 0.5, nan)
11) ('resnet50_robust_mapped_RIN_l2_10_0', 25.0, 1000, 0.5, nan)
12) ('resnet50_robust_mapped_RIN_l2_10_0', 30.0, 2000, 2.0, nan)
13) ('resnet50_robust_mapped_RIN_l2_10_0', 40.0, 2000, 2.0, nan)
14) ('resnet50_robust_mapped_RIN_l2_10_0', 50.0, 2000, 2.0, nan)
15) ('resnet50_robust_mapped_RIN_l2_10_0', 100.0, 5000, 2.0, nan)
16) ('resnet50_robust_mapped_RIN_l2_1_0', 0.0, 0, 0.0, nan)
17) ('resnet50_robust_mapped_RIN_l2_1_0', 0.1, 200, 0.02, nan)
18) ('resnet50_robust_mapped_RIN_l2_1_0', 0.5, 200, 0.1, nan)
19) ('resnet50_robust_mapped_RIN_l2_1_0', 1.0, 200, 0.3, nan)
20) ('resnet50_robust_mapped_RIN_l2_1_0', 2.0, 200, 0.3, nan)
21) ('resnet50_robust_mapped_RIN_l2_1_0', 3.0, 200, 0.3, nan)
22) ('resnet50_robust_mapped_RIN_l2_1_0', 5.0, 500, 0.5, nan)
23) ('resnet50_robust_mapped_RIN_l2_1_0', 7.5, 500, 0.5, nan)
24) ('resnet50_robust_mapped_RIN_l2_1_0', 10.0, 500, 0.5, nan)
25) ('resnet50_robust_mapped_RIN_l2_1_0', 15.0, 500, 0.5, nan)
26) ('resnet50_robust_mapped_RIN_l2_1_0', 20.0, 1000, 0.5, nan)
27) ('resnet50_robust_mapped_RIN_l2_1_0', 25.0, 1000, 0.5, nan)
28) ('resnet50_robust_mapped_RIN_l2_1_0', 30.0, 2000, 2.0, nan)
29) ('resnet50_robust_mapped_RIN_l2_1_0', 40.0, 2000, 2.0, nan)
30) ('resnet50_robust_mapped_RIN_l2_1_0', 50.0, 2000, 2.0, nan)
31) ('resnet50_robust_mapped_RIN_l2_1_0', 100.0, 5000, 2.0, nan)
32) ('resnet50_robust_mapped_RIN_l2_3_0', 0.0, 0, 0.0, nan)
33) ('resnet50_robust_mapped_RIN_l2_3_0', 0.1, 200, 0.02, nan)
34) ('resnet50_robust_mapped_RIN_l2_3_0', 0.5, 200, 0.1, nan)
35) ('resnet50_robust_mapped_RIN_l2_3_0', 1.0, 200, 0.3, nan)
36) ('resnet50_robust_mapped_RIN_l2_3_0', 2.0, 200, 0.3, nan)
37) ('resnet50_robust_mapped_RIN_l2_3_0', 3.0, 200, 0.3, nan)
38) ('resnet50_robust_mapped_RIN_l2_3_0', 5.0, 500, 0.5, nan)
39) ('resnet50_robust_mapped_RIN_l2_3_0', 7.5, 500, 0.5, nan)
40) ('resnet50_robust_mapped_RIN_l2_3_0', 10.0, 500, 0.5, nan)
41) ('resnet50_robust_mapped_RIN_l2_3_0', 15.0, 500, 0.5, nan)
42) ('resnet50_robust_mapped_RIN_l2_3_0', 20.0, 1000, 0.5, nan)
43) ('resnet50_robust_mapped_RIN_l2_3_0', 25.0, 1000, 0.5, nan)
44) ('resnet50_robust_mapped_RIN_l2_3_0', 30.0, 2000, 2.0, nan)
45) ('resnet50_robust_mapped_RIN_l2_3_0', 40.0, 2000, 2.0, nan)
46) ('resnet50_robust_mapped_RIN_l2_3_0', 50.0, 2000, 2.0, nan)
47) ('resnet50_robust_mapped_RIN_l2_3_0', 100.0, 5000, 2.0, nan)
48) ('resnet50_vanilla_mapped_RIN', 0.0, 0, 0.0, nan)
49) ('resnet50_vanilla_mapped_RIN', 0.1, 200, 0.02, nan)
50) ('resnet50_vanilla_mapped_RIN', 0.5, 200, 0.1, nan)
51) ('resnet50_vanilla_mapped_RIN', 1.0, 200, 0.3, nan)
52) ('resnet50_vanilla_mapped_RIN', 2.0, 200, 0.3, nan)
53) ('resnet50_vanilla_mapped_RIN', 3.0, 200, 0.3, nan)
54) ('resnet50_vanilla_mapped_RIN', 5.0, 500, 0.5, nan)
55) ('resnet50_vanilla_mapped_RIN', 7.5, 500, 0.5, nan)
56) ('resnet50_vanilla_mapped_RIN', 10.0, 500, 0.5, nan)
57) ('resnet50_vanilla_mapped_RIN', 15.0, 500, 0.5, nan)
58) ('resnet50_vanilla_mapped_RIN', 20.0, 1000, 0.5, nan)
59) ('resnet50_vanilla_mapped_RIN', 25.0, 1000, 0.5, nan)
60) ('resnet50_vanilla_mapped_RIN', 30.0, 2000, 2.0, nan)
61) ('resnet50_vanilla_mapped_RIN', 40.0, 2000, 2.0, nan)
62) ('resnet50_vanilla_mapped_RIN', 50.0, 2000, 2.0, nan)
63) ('resnet50_vanilla_mapped_RIN', 100.0, 5000, 2.0, nan)
(*) group(model_name='resnet50_robust_mapped_RIN_l2_1_0', budget=0.5, n_iter=200, step_size=0.1, interp_alpha=nan)
=> loading checkpoint '/project/3018078.01/Gaziv/Wormholes_FB/checkpoints/imagenet_l2_1_0.pt'
=> loaded checkpoint '/project/3018078.01/Gaziv/Wormholes_FB/checkpoints/imagenet_l2_1_0.pt' (epoch 181)
chunk [1/8]
chunk [2/8]
chunk [3/8]
chunk [4/8]
chunk [5/8]
chunk [6/8]
chunk [7/8]
chunk [8/8]
Model-subject [resnet50_robust_mapped_RIN_l2_1_0_v2]
=> loading checkpoint '/project/3018078.01/Gaziv/Wormholes_FB/checkpoints/imagenet_l2_1_0_v2.pt'
=> loaded checkpoint '/project/3018078.01/Gaziv/Wormholes_FB/checkpoints/imagenet_l2_1_0_v2.pt' (epoch 176)
Model-subject [resnet50_robust_mapped_RIN_l2_3_0_v2]
=> loading checkpoint '/project/3018078.01/Gaziv/Wormholes_FB/checkpoints/imagenet_l2_3_0_v2.pt'
=> loaded checkpoint '/project/3018078.01/Gaziv/Wormholes_FB/checkpoints/imagenet_l2_3_0_v2.pt' (epoch 131)
Model-subject [resnet50_robust_mapped_RIN_l2_10_0_v2]
=> loading checkpoint '/project/3018078.01/Gaziv/Wormholes_FB/checkpoints/imagenet_l2_10_0_v2.pt'
=> loaded checkpoint '/project/3018078.01/Gaziv/Wormholes_FB/checkpoints/imagenet_l2_10_0_v2.pt' (epoch 200)
Model-subject [resnet50_vanilla_mapped_RIN_v2]
=> loading checkpoint '/project/3018078.01/Gaziv/Wormholes_FB/checkpoints/imagenet_vanilla_v2.pt'
=> loaded checkpoint '/project/3018078.01/Gaziv/Wormholes_FB/checkpoints/imagenet_vanilla_v2.pt' (epoch 171)
Model-subject [resnet50_robust_mapped_RIN_l2_1_0]
=> loading checkpoint '/project/3018078.01/Gaziv/Wormholes_FB/checkpoints/imagenet_l2_1_0.pt'
=> loaded checkpoint '/project/3018078.01/Gaziv/Wormholes_FB/checkpoints/imagenet_l2_1_0.pt' (epoch 181)
Done.
Running iteration: 19
Job [19]
Total number of configs: 64
0) ('resnet50_robust_mapped_RIN_l2_10_0', 0.0, 0, 0.0, nan)
1) ('resnet50_robust_mapped_RIN_l2_10_0', 0.1, 200, 0.02, nan)
2) ('resnet50_robust_mapped_RIN_l2_10_0', 0.5, 200, 0.1, nan)
3) ('resnet50_robust_mapped_RIN_l2_10_0', 1.0, 200, 0.3, nan)
4) ('resnet50_robust_mapped_RIN_l2_10_0', 2.0, 200, 0.3, nan)
5) ('resnet50_robust_mapped_RIN_l2_10_0', 3.0, 200, 0.3, nan)
6) ('resnet50_robust_mapped_RIN_l2_10_0', 5.0, 500, 0.5, nan)
7) ('resnet50_robust_mapped_RIN_l2_10_0', 7.5, 500, 0.5, nan)
8) ('resnet50_robust_mapped_RIN_l2_10_0', 10.0, 500, 0.5, nan)
9) ('resnet50_robust_mapped_RIN_l2_10_0', 15.0, 500, 0.5, nan)
10) ('resnet50_robust_mapped_RIN_l2_10_0', 20.0, 1000, 0.5, nan)
11) ('resnet50_robust_mapped_RIN_l2_10_0', 25.0, 1000, 0.5, nan)
12) ('resnet50_robust_mapped_RIN_l2_10_0', 30.0, 2000, 2.0, nan)
13) ('resnet50_robust_mapped_RIN_l2_10_0', 40.0, 2000, 2.0, nan)
14) ('resnet50_robust_mapped_RIN_l2_10_0', 50.0, 2000, 2.0, nan)
15) ('resnet50_robust_mapped_RIN_l2_10_0', 100.0, 5000, 2.0, nan)
16) ('resnet50_robust_mapped_RIN_l2_1_0', 0.0, 0, 0.0, nan)
17) ('resnet50_robust_mapped_RIN_l2_1_0', 0.1, 200, 0.02, nan)
18) ('resnet50_robust_mapped_RIN_l2_1_0', 0.5, 200, 0.1, nan)
19) ('resnet50_robust_mapped_RIN_l2_1_0', 1.0, 200, 0.3, nan)
20) ('resnet50_robust_mapped_RIN_l2_1_0', 2.0, 200, 0.3, nan)
21) ('resnet50_robust_mapped_RIN_l2_1_0', 3.0, 200, 0.3, nan)
22) ('resnet50_robust_mapped_RIN_l2_1_0', 5.0, 500, 0.5, nan)
23) ('resnet50_robust_mapped_RIN_l2_1_0', 7.5, 500, 0.5, nan)
24) ('resnet50_robust_mapped_RIN_l2_1_0', 10.0, 500, 0.5, nan)
25) ('resnet50_robust_mapped_RIN_l2_1_0', 15.0, 500, 0.5, nan)
26) ('resnet50_robust_mapped_RIN_l2_1_0', 20.0, 1000, 0.5, nan)
27) ('resnet50_robust_mapped_RIN_l2_1_0', 25.0, 1000, 0.5, nan)
28) ('resnet50_robust_mapped_RIN_l2_1_0', 30.0, 2000, 2.0, nan)
29) ('resnet50_robust_mapped_RIN_l2_1_0', 40.0, 2000, 2.0, nan)
30) ('resnet50_robust_mapped_RIN_l2_1_0', 50.0, 2000, 2.0, nan)
31) ('resnet50_robust_mapped_RIN_l2_1_0', 100.0, 5000, 2.0, nan)
32) ('resnet50_robust_mapped_RIN_l2_3_0', 0.0, 0, 0.0, nan)
33) ('resnet50_robust_mapped_RIN_l2_3_0', 0.1, 200, 0.02, nan)
34) ('resnet50_robust_mapped_RIN_l2_3_0', 0.5, 200, 0.1, nan)
35) ('resnet50_robust_mapped_RIN_l2_3_0', 1.0, 200, 0.3, nan)
36) ('resnet50_robust_mapped_RIN_l2_3_0', 2.0, 200, 0.3, nan)
37) ('resnet50_robust_mapped_RIN_l2_3_0', 3.0, 200, 0.3, nan)
38) ('resnet50_robust_mapped_RIN_l2_3_0', 5.0, 500, 0.5, nan)
39) ('resnet50_robust_mapped_RIN_l2_3_0', 7.5, 500, 0.5, nan)
40) ('resnet50_robust_mapped_RIN_l2_3_0', 10.0, 500, 0.5, nan)
41) ('resnet50_robust_mapped_RIN_l2_3_0', 15.0, 500, 0.5, nan)
42) ('resnet50_robust_mapped_RIN_l2_3_0', 20.0, 1000, 0.5, nan)
43) ('resnet50_robust_mapped_RIN_l2_3_0', 25.0, 1000, 0.5, nan)
44) ('resnet50_robust_mapped_RIN_l2_3_0', 30.0, 2000, 2.0, nan)
45) ('resnet50_robust_mapped_RIN_l2_3_0', 40.0, 2000, 2.0, nan)
46) ('resnet50_robust_mapped_RIN_l2_3_0', 50.0, 2000, 2.0, nan)
47) ('resnet50_robust_mapped_RIN_l2_3_0', 100.0, 5000, 2.0, nan)
48) ('resnet50_vanilla_mapped_RIN', 0.0, 0, 0.0, nan)
49) ('resnet50_vanilla_mapped_RIN', 0.1, 200, 0.02, nan)
50) ('resnet50_vanilla_mapped_RIN', 0.5, 200, 0.1, nan)
51) ('resnet50_vanilla_mapped_RIN', 1.0, 200, 0.3, nan)
52) ('resnet50_vanilla_mapped_RIN', 2.0, 200, 0.3, nan)
53) ('resnet50_vanilla_mapped_RIN', 3.0, 200, 0.3, nan)
54) ('resnet50_vanilla_mapped_RIN', 5.0, 500, 0.5, nan)
55) ('resnet50_vanilla_mapped_RIN', 7.5, 500, 0.5, nan)
56) ('resnet50_vanilla_mapped_RIN', 10.0, 500, 0.5, nan)
57) ('resnet50_vanilla_mapped_RIN', 15.0, 500, 0.5, nan)
58) ('resnet50_vanilla_mapped_RIN', 20.0, 1000, 0.5, nan)
59) ('resnet50_vanilla_mapped_RIN', 25.0, 1000, 0.5, nan)
60) ('resnet50_vanilla_mapped_RIN', 30.0, 2000, 2.0, nan)
61) ('resnet50_vanilla_mapped_RIN', 40.0, 2000, 2.0, nan)
62) ('resnet50_vanilla_mapped_RIN', 50.0, 2000, 2.0, nan)
63) ('resnet50_vanilla_mapped_RIN', 100.0, 5000, 2.0, nan)
(*) group(model_name='resnet50_robust_mapped_RIN_l2_1_0', budget=1.0, n_iter=200, step_size=0.3, interp_alpha=nan)
=> loading checkpoint '/project/3018078.01/Gaziv/Wormholes_FB/checkpoints/imagenet_l2_1_0.pt'
=> loaded checkpoint '/project/3018078.01/Gaziv/Wormholes_FB/checkpoints/imagenet_l2_1_0.pt' (epoch 181)
chunk [1/8]
chunk [2/8]
chunk [3/8]
chunk [4/8]
chunk [5/8]
chunk [6/8]
chunk [7/8]
chunk [8/8]
Model-subject [resnet50_robust_mapped_RIN_l2_1_0_v2]
=> loading checkpoint '/project/3018078.01/Gaziv/Wormholes_FB/checkpoints/imagenet_l2_1_0_v2.pt'
=> loaded checkpoint '/project/3018078.01/Gaziv/Wormholes_FB/checkpoints/imagenet_l2_1_0_v2.pt' (epoch 176)
Model-subject [resnet50_robust_mapped_RIN_l2_3_0_v2]
=> loading checkpoint '/project/3018078.01/Gaziv/Wormholes_FB/checkpoints/imagenet_l2_3_0_v2.pt'
=> loaded checkpoint '/project/3018078.01/Gaziv/Wormholes_FB/checkpoints/imagenet_l2_3_0_v2.pt' (epoch 131)
Model-subject [resnet50_robust_mapped_RIN_l2_10_0_v2]
=> loading checkpoint '/project/3018078.01/Gaziv/Wormholes_FB/checkpoints/imagenet_l2_10_0_v2.pt'
=> loaded checkpoint '/project/3018078.01/Gaziv/Wormholes_FB/checkpoints/imagenet_l2_10_0_v2.pt' (epoch 200)
Model-subject [resnet50_vanilla_mapped_RIN_v2]
=> loading checkpoint '/project/3018078.01/Gaziv/Wormholes_FB/checkpoints/imagenet_vanilla_v2.pt'
=> loaded checkpoint '/project/3018078.01/Gaziv/Wormholes_FB/checkpoints/imagenet_vanilla_v2.pt' (epoch 171)
Model-subject [resnet50_robust_mapped_RIN_l2_1_0]
=> loading checkpoint '/project/3018078.01/Gaziv/Wormholes_FB/checkpoints/imagenet_l2_1_0.pt'
=> loaded checkpoint '/project/3018078.01/Gaziv/Wormholes_FB/checkpoints/imagenet_l2_1_0.pt' (epoch 181)
Done.
Running iteration: 20
Job [20]
Total number of configs: 64
0) ('resnet50_robust_mapped_RIN_l2_10_0', 0.0, 0, 0.0, nan)
1) ('resnet50_robust_mapped_RIN_l2_10_0', 0.1, 200, 0.02, nan)
2) ('resnet50_robust_mapped_RIN_l2_10_0', 0.5, 200, 0.1, nan)
3) ('resnet50_robust_mapped_RIN_l2_10_0', 1.0, 200, 0.3, nan)
4) ('resnet50_robust_mapped_RIN_l2_10_0', 2.0, 200, 0.3, nan)
5) ('resnet50_robust_mapped_RIN_l2_10_0', 3.0, 200, 0.3, nan)
6) ('resnet50_robust_mapped_RIN_l2_10_0', 5.0, 500, 0.5, nan)
7) ('resnet50_robust_mapped_RIN_l2_10_0', 7.5, 500, 0.5, nan)
8) ('resnet50_robust_mapped_RIN_l2_10_0', 10.0, 500, 0.5, nan)
9) ('resnet50_robust_mapped_RIN_l2_10_0', 15.0, 500, 0.5, nan)
10) ('resnet50_robust_mapped_RIN_l2_10_0', 20.0, 1000, 0.5, nan)
11) ('resnet50_robust_mapped_RIN_l2_10_0', 25.0, 1000, 0.5, nan)
12) ('resnet50_robust_mapped_RIN_l2_10_0', 30.0, 2000, 2.0, nan)
13) ('resnet50_robust_mapped_RIN_l2_10_0', 40.0, 2000, 2.0, nan)
14) ('resnet50_robust_mapped_RIN_l2_10_0', 50.0, 2000, 2.0, nan)
15) ('resnet50_robust_mapped_RIN_l2_10_0', 100.0, 5000, 2.0, nan)
16) ('resnet50_robust_mapped_RIN_l2_1_0', 0.0, 0, 0.0, nan)
17) ('resnet50_robust_mapped_RIN_l2_1_0', 0.1, 200, 0.02, nan)
18) ('resnet50_robust_mapped_RIN_l2_1_0', 0.5, 200, 0.1, nan)
19) ('resnet50_robust_mapped_RIN_l2_1_0', 1.0, 200, 0.3, nan)
20) ('resnet50_robust_mapped_RIN_l2_1_0', 2.0, 200, 0.3, nan)
21) ('resnet50_robust_mapped_RIN_l2_1_0', 3.0, 200, 0.3, nan)
22) ('resnet50_robust_mapped_RIN_l2_1_0', 5.0, 500, 0.5, nan)
23) ('resnet50_robust_mapped_RIN_l2_1_0', 7.5, 500, 0.5, nan)
24) ('resnet50_robust_mapped_RIN_l2_1_0', 10.0, 500, 0.5, nan)
25) ('resnet50_robust_mapped_RIN_l2_1_0', 15.0, 500, 0.5, nan)
26) ('resnet50_robust_mapped_RIN_l2_1_0', 20.0, 1000, 0.5, nan)
27) ('resnet50_robust_mapped_RIN_l2_1_0', 25.0, 1000, 0.5, nan)
28) ('resnet50_robust_mapped_RIN_l2_1_0', 30.0, 2000, 2.0, nan)
29) ('resnet50_robust_mapped_RIN_l2_1_0', 40.0, 2000, 2.0, nan)
30) ('resnet50_robust_mapped_RIN_l2_1_0', 50.0, 2000, 2.0, nan)
31) ('resnet50_robust_mapped_RIN_l2_1_0', 100.0, 5000, 2.0, nan)
32) ('resnet50_robust_mapped_RIN_l2_3_0', 0.0, 0, 0.0, nan)
33) ('resnet50_robust_mapped_RIN_l2_3_0', 0.1, 200, 0.02, nan)
34) ('resnet50_robust_mapped_RIN_l2_3_0', 0.5, 200, 0.1, nan)
35) ('resnet50_robust_mapped_RIN_l2_3_0', 1.0, 200, 0.3, nan)
36) ('resnet50_robust_mapped_RIN_l2_3_0', 2.0, 200, 0.3, nan)
37) ('resnet50_robust_mapped_RIN_l2_3_0', 3.0, 200, 0.3, nan)
38) ('resnet50_robust_mapped_RIN_l2_3_0', 5.0, 500, 0.5, nan)
39) ('resnet50_robust_mapped_RIN_l2_3_0', 7.5, 500, 0.5, nan)
40) ('resnet50_robust_mapped_RIN_l2_3_0', 10.0, 500, 0.5, nan)
41) ('resnet50_robust_mapped_RIN_l2_3_0', 15.0, 500, 0.5, nan)
42) ('resnet50_robust_mapped_RIN_l2_3_0', 20.0, 1000, 0.5, nan)
43) ('resnet50_robust_mapped_RIN_l2_3_0', 25.0, 1000, 0.5, nan)
44) ('resnet50_robust_mapped_RIN_l2_3_0', 30.0, 2000, 2.0, nan)
45) ('resnet50_robust_mapped_RIN_l2_3_0', 40.0, 2000, 2.0, nan)
46) ('resnet50_robust_mapped_RIN_l2_3_0', 50.0, 2000, 2.0, nan)
47) ('resnet50_robust_mapped_RIN_l2_3_0', 100.0, 5000, 2.0, nan)
48) ('resnet50_vanilla_mapped_RIN', 0.0, 0, 0.0, nan)
49) ('resnet50_vanilla_mapped_RIN', 0.1, 200, 0.02, nan)
50) ('resnet50_vanilla_mapped_RIN', 0.5, 200, 0.1, nan)
51) ('resnet50_vanilla_mapped_RIN', 1.0, 200, 0.3, nan)
52) ('resnet50_vanilla_mapped_RIN', 2.0, 200, 0.3, nan)
53) ('resnet50_vanilla_mapped_RIN', 3.0, 200, 0.3, nan)
54) ('resnet50_vanilla_mapped_RIN', 5.0, 500, 0.5, nan)
55) ('resnet50_vanilla_mapped_RIN', 7.5, 500, 0.5, nan)
56) ('resnet50_vanilla_mapped_RIN', 10.0, 500, 0.5, nan)
57) ('resnet50_vanilla_mapped_RIN', 15.0, 500, 0.5, nan)
58) ('resnet50_vanilla_mapped_RIN', 20.0, 1000, 0.5, nan)
59) ('resnet50_vanilla_mapped_RIN', 25.0, 1000, 0.5, nan)
60) ('resnet50_vanilla_mapped_RIN', 30.0, 2000, 2.0, nan)
61) ('resnet50_vanilla_mapped_RIN', 40.0, 2000, 2.0, nan)
62) ('resnet50_vanilla_mapped_RIN', 50.0, 2000, 2.0, nan)
63) ('resnet50_vanilla_mapped_RIN', 100.0, 5000, 2.0, nan)
(*) group(model_name='resnet50_robust_mapped_RIN_l2_1_0', budget=2.0, n_iter=200, step_size=0.3, interp_alpha=nan)
=> loading checkpoint '/project/3018078.01/Gaziv/Wormholes_FB/checkpoints/imagenet_l2_1_0.pt'
=> loaded checkpoint '/project/3018078.01/Gaziv/Wormholes_FB/checkpoints/imagenet_l2_1_0.pt' (epoch 181)
chunk [1/8]
chunk [2/8]
chunk [3/8]
chunk [4/8]
chunk [5/8]
chunk [6/8]
chunk [7/8]
chunk [8/8]
Model-subject [resnet50_robust_mapped_RIN_l2_1_0_v2]
=> loading checkpoint '/project/3018078.01/Gaziv/Wormholes_FB/checkpoints/imagenet_l2_1_0_v2.pt'
=> loaded checkpoint '/project/3018078.01/Gaziv/Wormholes_FB/checkpoints/imagenet_l2_1_0_v2.pt' (epoch 176)
Model-subject [resnet50_robust_mapped_RIN_l2_3_0_v2]
=> loading checkpoint '/project/3018078.01/Gaziv/Wormholes_FB/checkpoints/imagenet_l2_3_0_v2.pt'
=> loaded checkpoint '/project/3018078.01/Gaziv/Wormholes_FB/checkpoints/imagenet_l2_3_0_v2.pt' (epoch 131)
Model-subject [resnet50_robust_mapped_RIN_l2_10_0_v2]
=> loading checkpoint '/project/3018078.01/Gaziv/Wormholes_FB/checkpoints/imagenet_l2_10_0_v2.pt'
=> loaded checkpoint '/project/3018078.01/Gaziv/Wormholes_FB/checkpoints/imagenet_l2_10_0_v2.pt' (epoch 200)
Model-subject [resnet50_vanilla_mapped_RIN_v2]
=> loading checkpoint '/project/3018078.01/Gaziv/Wormholes_FB/checkpoints/imagenet_vanilla_v2.pt'
=> loaded checkpoint '/project/3018078.01/Gaziv/Wormholes_FB/checkpoints/imagenet_vanilla_v2.pt' (epoch 171)
Model-subject [resnet50_robust_mapped_RIN_l2_1_0]
=> loading checkpoint '/project/3018078.01/Gaziv/Wormholes_FB/checkpoints/imagenet_l2_1_0.pt'
=> loaded checkpoint '/project/3018078.01/Gaziv/Wormholes_FB/checkpoints/imagenet_l2_1_0.pt' (epoch 181)
Done.
Running iteration: 21
Job [21]
Total number of configs: 64
0) ('resnet50_robust_mapped_RIN_l2_10_0', 0.0, 0, 0.0, nan)
1) ('resnet50_robust_mapped_RIN_l2_10_0', 0.1, 200, 0.02, nan)
2) ('resnet50_robust_mapped_RIN_l2_10_0', 0.5, 200, 0.1, nan)
3) ('resnet50_robust_mapped_RIN_l2_10_0', 1.0, 200, 0.3, nan)
4) ('resnet50_robust_mapped_RIN_l2_10_0', 2.0, 200, 0.3, nan)
5) ('resnet50_robust_mapped_RIN_l2_10_0', 3.0, 200, 0.3, nan)
6) ('resnet50_robust_mapped_RIN_l2_10_0', 5.0, 500, 0.5, nan)
7) ('resnet50_robust_mapped_RIN_l2_10_0', 7.5, 500, 0.5, nan)
8) ('resnet50_robust_mapped_RIN_l2_10_0', 10.0, 500, 0.5, nan)
9) ('resnet50_robust_mapped_RIN_l2_10_0', 15.0, 500, 0.5, nan)
10) ('resnet50_robust_mapped_RIN_l2_10_0', 20.0, 1000, 0.5, nan)
11) ('resnet50_robust_mapped_RIN_l2_10_0', 25.0, 1000, 0.5, nan)
12) ('resnet50_robust_mapped_RIN_l2_10_0', 30.0, 2000, 2.0, nan)
13) ('resnet50_robust_mapped_RIN_l2_10_0', 40.0, 2000, 2.0, nan)
14) ('resnet50_robust_mapped_RIN_l2_10_0', 50.0, 2000, 2.0, nan)
15) ('resnet50_robust_mapped_RIN_l2_10_0', 100.0, 5000, 2.0, nan)
16) ('resnet50_robust_mapped_RIN_l2_1_0', 0.0, 0, 0.0, nan)
17) ('resnet50_robust_mapped_RIN_l2_1_0', 0.1, 200, 0.02, nan)
18) ('resnet50_robust_mapped_RIN_l2_1_0', 0.5, 200, 0.1, nan)
19) ('resnet50_robust_mapped_RIN_l2_1_0', 1.0, 200, 0.3, nan)
20) ('resnet50_robust_mapped_RIN_l2_1_0', 2.0, 200, 0.3, nan)
21) ('resnet50_robust_mapped_RIN_l2_1_0', 3.0, 200, 0.3, nan)
22) ('resnet50_robust_mapped_RIN_l2_1_0', 5.0, 500, 0.5, nan)
23) ('resnet50_robust_mapped_RIN_l2_1_0', 7.5, 500, 0.5, nan)
24) ('resnet50_robust_mapped_RIN_l2_1_0', 10.0, 500, 0.5, nan)
25) ('resnet50_robust_mapped_RIN_l2_1_0', 15.0, 500, 0.5, nan)
26) ('resnet50_robust_mapped_RIN_l2_1_0', 20.0, 1000, 0.5, nan)
27) ('resnet50_robust_mapped_RIN_l2_1_0', 25.0, 1000, 0.5, nan)
28) ('resnet50_robust_mapped_RIN_l2_1_0', 30.0, 2000, 2.0, nan)
29) ('resnet50_robust_mapped_RIN_l2_1_0', 40.0, 2000, 2.0, nan)
30) ('resnet50_robust_mapped_RIN_l2_1_0', 50.0, 2000, 2.0, nan)
31) ('resnet50_robust_mapped_RIN_l2_1_0', 100.0, 5000, 2.0, nan)
32) ('resnet50_robust_mapped_RIN_l2_3_0', 0.0, 0, 0.0, nan)
33) ('resnet50_robust_mapped_RIN_l2_3_0', 0.1, 200, 0.02, nan)
34) ('resnet50_robust_mapped_RIN_l2_3_0', 0.5, 200, 0.1, nan)
35) ('resnet50_robust_mapped_RIN_l2_3_0', 1.0, 200, 0.3, nan)
36) ('resnet50_robust_mapped_RIN_l2_3_0', 2.0, 200, 0.3, nan)
37) ('resnet50_robust_mapped_RIN_l2_3_0', 3.0, 200, 0.3, nan)
38) ('resnet50_robust_mapped_RIN_l2_3_0', 5.0, 500, 0.5, nan)
39) ('resnet50_robust_mapped_RIN_l2_3_0', 7.5, 500, 0.5, nan)
40) ('resnet50_robust_mapped_RIN_l2_3_0', 10.0, 500, 0.5, nan)
41) ('resnet50_robust_mapped_RIN_l2_3_0', 15.0, 500, 0.5, nan)
42) ('resnet50_robust_mapped_RIN_l2_3_0', 20.0, 1000, 0.5, nan)
43) ('resnet50_robust_mapped_RIN_l2_3_0', 25.0, 1000, 0.5, nan)
44) ('resnet50_robust_mapped_RIN_l2_3_0', 30.0, 2000, 2.0, nan)
45) ('resnet50_robust_mapped_RIN_l2_3_0', 40.0, 2000, 2.0, nan)
46) ('resnet50_robust_mapped_RIN_l2_3_0', 50.0, 2000, 2.0, nan)
47) ('resnet50_robust_mapped_RIN_l2_3_0', 100.0, 5000, 2.0, nan)
48) ('resnet50_vanilla_mapped_RIN', 0.0, 0, 0.0, nan)
49) ('resnet50_vanilla_mapped_RIN', 0.1, 200, 0.02, nan)
50) ('resnet50_vanilla_mapped_RIN', 0.5, 200, 0.1, nan)
51) ('resnet50_vanilla_mapped_RIN', 1.0, 200, 0.3, nan)
52) ('resnet50_vanilla_mapped_RIN', 2.0, 200, 0.3, nan)
53) ('resnet50_vanilla_mapped_RIN', 3.0, 200, 0.3, nan)
54) ('resnet50_vanilla_mapped_RIN', 5.0, 500, 0.5, nan)
55) ('resnet50_vanilla_mapped_RIN', 7.5, 500, 0.5, nan)
56) ('resnet50_vanilla_mapped_RIN', 10.0, 500, 0.5, nan)
57) ('resnet50_vanilla_mapped_RIN', 15.0, 500, 0.5, nan)
58) ('resnet50_vanilla_mapped_RIN', 20.0, 1000, 0.5, nan)
59) ('resnet50_vanilla_mapped_RIN', 25.0, 1000, 0.5, nan)
60) ('resnet50_vanilla_mapped_RIN', 30.0, 2000, 2.0, nan)
61) ('resnet50_vanilla_mapped_RIN', 40.0, 2000, 2.0, nan)
62) ('resnet50_vanilla_mapped_RIN', 50.0, 2000, 2.0, nan)
63) ('resnet50_vanilla_mapped_RIN', 100.0, 5000, 2.0, nan)
(*) group(model_name='resnet50_robust_mapped_RIN_l2_1_0', budget=3.0, n_iter=200, step_size=0.3, interp_alpha=nan)
=> loading checkpoint '/project/3018078.01/Gaziv/Wormholes_FB/checkpoints/imagenet_l2_1_0.pt'
=> loaded checkpoint '/project/3018078.01/Gaziv/Wormholes_FB/checkpoints/imagenet_l2_1_0.pt' (epoch 181)
chunk [1/8]
chunk [2/8]
chunk [3/8]
chunk [4/8]
chunk [5/8]
chunk [6/8]
chunk [7/8]
chunk [8/8]
Model-subject [resnet50_robust_mapped_RIN_l2_1_0_v2]
=> loading checkpoint '/project/3018078.01/Gaziv/Wormholes_FB/checkpoints/imagenet_l2_1_0_v2.pt'
=> loaded checkpoint '/project/3018078.01/Gaziv/Wormholes_FB/checkpoints/imagenet_l2_1_0_v2.pt' (epoch 176)
Model-subject [resnet50_robust_mapped_RIN_l2_3_0_v2]
=> loading checkpoint '/project/3018078.01/Gaziv/Wormholes_FB/checkpoints/imagenet_l2_3_0_v2.pt'
=> loaded checkpoint '/project/3018078.01/Gaziv/Wormholes_FB/checkpoints/imagenet_l2_3_0_v2.pt' (epoch 131)
Model-subject [resnet50_robust_mapped_RIN_l2_10_0_v2]
=> loading checkpoint '/project/3018078.01/Gaziv/Wormholes_FB/checkpoints/imagenet_l2_10_0_v2.pt'
=> loaded checkpoint '/project/3018078.01/Gaziv/Wormholes_FB/checkpoints/imagenet_l2_10_0_v2.pt' (epoch 200)
Model-subject [resnet50_vanilla_mapped_RIN_v2]
=> loading checkpoint '/project/3018078.01/Gaziv/Wormholes_FB/checkpoints/imagenet_vanilla_v2.pt'
=> loaded checkpoint '/project/3018078.01/Gaziv/Wormholes_FB/checkpoints/imagenet_vanilla_v2.pt' (epoch 171)
Model-subject [resnet50_robust_mapped_RIN_l2_1_0]
=> loading checkpoint '/project/3018078.01/Gaziv/Wormholes_FB/checkpoints/imagenet_l2_1_0.pt'
=> loaded checkpoint '/project/3018078.01/Gaziv/Wormholes_FB/checkpoints/imagenet_l2_1_0.pt' (epoch 181)
Done.
Running iteration: 22
Job [22]
Total number of configs: 64
0) ('resnet50_robust_mapped_RIN_l2_10_0', 0.0, 0, 0.0, nan)
1) ('resnet50_robust_mapped_RIN_l2_10_0', 0.1, 200, 0.02, nan)
2) ('resnet50_robust_mapped_RIN_l2_10_0', 0.5, 200, 0.1, nan)
3) ('resnet50_robust_mapped_RIN_l2_10_0', 1.0, 200, 0.3, nan)
4) ('resnet50_robust_mapped_RIN_l2_10_0', 2.0, 200, 0.3, nan)
5) ('resnet50_robust_mapped_RIN_l2_10_0', 3.0, 200, 0.3, nan)
6) ('resnet50_robust_mapped_RIN_l2_10_0', 5.0, 500, 0.5, nan)
7) ('resnet50_robust_mapped_RIN_l2_10_0', 7.5, 500, 0.5, nan)
8) ('resnet50_robust_mapped_RIN_l2_10_0', 10.0, 500, 0.5, nan)
9) ('resnet50_robust_mapped_RIN_l2_10_0', 15.0, 500, 0.5, nan)
10) ('resnet50_robust_mapped_RIN_l2_10_0', 20.0, 1000, 0.5, nan)
11) ('resnet50_robust_mapped_RIN_l2_10_0', 25.0, 1000, 0.5, nan)
12) ('resnet50_robust_mapped_RIN_l2_10_0', 30.0, 2000, 2.0, nan)
13) ('resnet50_robust_mapped_RIN_l2_10_0', 40.0, 2000, 2.0, nan)
14) ('resnet50_robust_mapped_RIN_l2_10_0', 50.0, 2000, 2.0, nan)
15) ('resnet50_robust_mapped_RIN_l2_10_0', 100.0, 5000, 2.0, nan)
16) ('resnet50_robust_mapped_RIN_l2_1_0', 0.0, 0, 0.0, nan)
17) ('resnet50_robust_mapped_RIN_l2_1_0', 0.1, 200, 0.02, nan)
18) ('resnet50_robust_mapped_RIN_l2_1_0', 0.5, 200, 0.1, nan)
19) ('resnet50_robust_mapped_RIN_l2_1_0', 1.0, 200, 0.3, nan)
20) ('resnet50_robust_mapped_RIN_l2_1_0', 2.0, 200, 0.3, nan)
21) ('resnet50_robust_mapped_RIN_l2_1_0', 3.0, 200, 0.3, nan)
22) ('resnet50_robust_mapped_RIN_l2_1_0', 5.0, 500, 0.5, nan)
23) ('resnet50_robust_mapped_RIN_l2_1_0', 7.5, 500, 0.5, nan)
24) ('resnet50_robust_mapped_RIN_l2_1_0', 10.0, 500, 0.5, nan)
25) ('resnet50_robust_mapped_RIN_l2_1_0', 15.0, 500, 0.5, nan)
26) ('resnet50_robust_mapped_RIN_l2_1_0', 20.0, 1000, 0.5, nan)
27) ('resnet50_robust_mapped_RIN_l2_1_0', 25.0, 1000, 0.5, nan)
28) ('resnet50_robust_mapped_RIN_l2_1_0', 30.0, 2000, 2.0, nan)
29) ('resnet50_robust_mapped_RIN_l2_1_0', 40.0, 2000, 2.0, nan)
30) ('resnet50_robust_mapped_RIN_l2_1_0', 50.0, 2000, 2.0, nan)
31) ('resnet50_robust_mapped_RIN_l2_1_0', 100.0, 5000, 2.0, nan)
32) ('resnet50_robust_mapped_RIN_l2_3_0', 0.0, 0, 0.0, nan)
33) ('resnet50_robust_mapped_RIN_l2_3_0', 0.1, 200, 0.02, nan)
34) ('resnet50_robust_mapped_RIN_l2_3_0', 0.5, 200, 0.1, nan)
35) ('resnet50_robust_mapped_RIN_l2_3_0', 1.0, 200, 0.3, nan)
36) ('resnet50_robust_mapped_RIN_l2_3_0', 2.0, 200, 0.3, nan)
37) ('resnet50_robust_mapped_RIN_l2_3_0', 3.0, 200, 0.3, nan)
38) ('resnet50_robust_mapped_RIN_l2_3_0', 5.0, 500, 0.5, nan)
39) ('resnet50_robust_mapped_RIN_l2_3_0', 7.5, 500, 0.5, nan)
40) ('resnet50_robust_mapped_RIN_l2_3_0', 10.0, 500, 0.5, nan)
41) ('resnet50_robust_mapped_RIN_l2_3_0', 15.0, 500, 0.5, nan)
42) ('resnet50_robust_mapped_RIN_l2_3_0', 20.0, 1000, 0.5, nan)
43) ('resnet50_robust_mapped_RIN_l2_3_0', 25.0, 1000, 0.5, nan)
44) ('resnet50_robust_mapped_RIN_l2_3_0', 30.0, 2000, 2.0, nan)
45) ('resnet50_robust_mapped_RIN_l2_3_0', 40.0, 2000, 2.0, nan)
46) ('resnet50_robust_mapped_RIN_l2_3_0', 50.0, 2000, 2.0, nan)
47) ('resnet50_robust_mapped_RIN_l2_3_0', 100.0, 5000, 2.0, nan)
48) ('resnet50_vanilla_mapped_RIN', 0.0, 0, 0.0, nan)
49) ('resnet50_vanilla_mapped_RIN', 0.1, 200, 0.02, nan)
50) ('resnet50_vanilla_mapped_RIN', 0.5, 200, 0.1, nan)
51) ('resnet50_vanilla_mapped_RIN', 1.0, 200, 0.3, nan)
52) ('resnet50_vanilla_mapped_RIN', 2.0, 200, 0.3, nan)
53) ('resnet50_vanilla_mapped_RIN', 3.0, 200, 0.3, nan)
54) ('resnet50_vanilla_mapped_RIN', 5.0, 500, 0.5, nan)
55) ('resnet50_vanilla_mapped_RIN', 7.5, 500, 0.5, nan)
56) ('resnet50_vanilla_mapped_RIN', 10.0, 500, 0.5, nan)
57) ('resnet50_vanilla_mapped_RIN', 15.0, 500, 0.5, nan)
58) ('resnet50_vanilla_mapped_RIN', 20.0, 1000, 0.5, nan)
59) ('resnet50_vanilla_mapped_RIN', 25.0, 1000, 0.5, nan)
60) ('resnet50_vanilla_mapped_RIN', 30.0, 2000, 2.0, nan)
61) ('resnet50_vanilla_mapped_RIN', 40.0, 2000, 2.0, nan)
62) ('resnet50_vanilla_mapped_RIN', 50.0, 2000, 2.0, nan)
63) ('resnet50_vanilla_mapped_RIN', 100.0, 5000, 2.0, nan)
(*) group(model_name='resnet50_robust_mapped_RIN_l2_1_0', budget=5.0, n_iter=500, step_size=0.5, interp_alpha=nan)
=> loading checkpoint '/project/3018078.01/Gaziv/Wormholes_FB/checkpoints/imagenet_l2_1_0.pt'
=> loaded checkpoint '/project/3018078.01/Gaziv/Wormholes_FB/checkpoints/imagenet_l2_1_0.pt' (epoch 181)
chunk [1/8]
chunk [2/8]
chunk [3/8]
chunk [4/8]
chunk [5/8]
chunk [6/8]
chunk [7/8]
chunk [8/8]
Model-subject [resnet50_robust_mapped_RIN_l2_1_0_v2]
=> loading checkpoint '/project/3018078.01/Gaziv/Wormholes_FB/checkpoints/imagenet_l2_1_0_v2.pt'
=> loaded checkpoint '/project/3018078.01/Gaziv/Wormholes_FB/checkpoints/imagenet_l2_1_0_v2.pt' (epoch 176)
Model-subject [resnet50_robust_mapped_RIN_l2_3_0_v2]
=> loading checkpoint '/project/3018078.01/Gaziv/Wormholes_FB/checkpoints/imagenet_l2_3_0_v2.pt'
=> loaded checkpoint '/project/3018078.01/Gaziv/Wormholes_FB/checkpoints/imagenet_l2_3_0_v2.pt' (epoch 131)
Model-subject [resnet50_robust_mapped_RIN_l2_10_0_v2]
=> loading checkpoint '/project/3018078.01/Gaziv/Wormholes_FB/checkpoints/imagenet_l2_10_0_v2.pt'
=> loaded checkpoint '/project/3018078.01/Gaziv/Wormholes_FB/checkpoints/imagenet_l2_10_0_v2.pt' (epoch 200)
Model-subject [resnet50_vanilla_mapped_RIN_v2]
=> loading checkpoint '/project/3018078.01/Gaziv/Wormholes_FB/checkpoints/imagenet_vanilla_v2.pt'
=> loaded checkpoint '/project/3018078.01/Gaziv/Wormholes_FB/checkpoints/imagenet_vanilla_v2.pt' (epoch 171)
Model-subject [resnet50_robust_mapped_RIN_l2_1_0]
=> loading checkpoint '/project/3018078.01/Gaziv/Wormholes_FB/checkpoints/imagenet_l2_1_0.pt'
=> loaded checkpoint '/project/3018078.01/Gaziv/Wormholes_FB/checkpoints/imagenet_l2_1_0.pt' (epoch 181)
Done.
Running iteration: 23
Job [23]
Total number of configs: 64
0) ('resnet50_robust_mapped_RIN_l2_10_0', 0.0, 0, 0.0, nan)
1) ('resnet50_robust_mapped_RIN_l2_10_0', 0.1, 200, 0.02, nan)
2) ('resnet50_robust_mapped_RIN_l2_10_0', 0.5, 200, 0.1, nan)
3) ('resnet50_robust_mapped_RIN_l2_10_0', 1.0, 200, 0.3, nan)
4) ('resnet50_robust_mapped_RIN_l2_10_0', 2.0, 200, 0.3, nan)
5) ('resnet50_robust_mapped_RIN_l2_10_0', 3.0, 200, 0.3, nan)
6) ('resnet50_robust_mapped_RIN_l2_10_0', 5.0, 500, 0.5, nan)
7) ('resnet50_robust_mapped_RIN_l2_10_0', 7.5, 500, 0.5, nan)
8) ('resnet50_robust_mapped_RIN_l2_10_0', 10.0, 500, 0.5, nan)
9) ('resnet50_robust_mapped_RIN_l2_10_0', 15.0, 500, 0.5, nan)
10) ('resnet50_robust_mapped_RIN_l2_10_0', 20.0, 1000, 0.5, nan)
11) ('resnet50_robust_mapped_RIN_l2_10_0', 25.0, 1000, 0.5, nan)
12) ('resnet50_robust_mapped_RIN_l2_10_0', 30.0, 2000, 2.0, nan)
13) ('resnet50_robust_mapped_RIN_l2_10_0', 40.0, 2000, 2.0, nan)
14) ('resnet50_robust_mapped_RIN_l2_10_0', 50.0, 2000, 2.0, nan)
15) ('resnet50_robust_mapped_RIN_l2_10_0', 100.0, 5000, 2.0, nan)
16) ('resnet50_robust_mapped_RIN_l2_1_0', 0.0, 0, 0.0, nan)
17) ('resnet50_robust_mapped_RIN_l2_1_0', 0.1, 200, 0.02, nan)
18) ('resnet50_robust_mapped_RIN_l2_1_0', 0.5, 200, 0.1, nan)
19) ('resnet50_robust_mapped_RIN_l2_1_0', 1.0, 200, 0.3, nan)
20) ('resnet50_robust_mapped_RIN_l2_1_0', 2.0, 200, 0.3, nan)
21) ('resnet50_robust_mapped_RIN_l2_1_0', 3.0, 200, 0.3, nan)
22) ('resnet50_robust_mapped_RIN_l2_1_0', 5.0, 500, 0.5, nan)
23) ('resnet50_robust_mapped_RIN_l2_1_0', 7.5, 500, 0.5, nan)
24) ('resnet50_robust_mapped_RIN_l2_1_0', 10.0, 500, 0.5, nan)
25) ('resnet50_robust_mapped_RIN_l2_1_0', 15.0, 500, 0.5, nan)
26) ('resnet50_robust_mapped_RIN_l2_1_0', 20.0, 1000, 0.5, nan)
27) ('resnet50_robust_mapped_RIN_l2_1_0', 25.0, 1000, 0.5, nan)
28) ('resnet50_robust_mapped_RIN_l2_1_0', 30.0, 2000, 2.0, nan)
29) ('resnet50_robust_mapped_RIN_l2_1_0', 40.0, 2000, 2.0, nan)
30) ('resnet50_robust_mapped_RIN_l2_1_0', 50.0, 2000, 2.0, nan)
31) ('resnet50_robust_mapped_RIN_l2_1_0', 100.0, 5000, 2.0, nan)
32) ('resnet50_robust_mapped_RIN_l2_3_0', 0.0, 0, 0.0, nan)
33) ('resnet50_robust_mapped_RIN_l2_3_0', 0.1, 200, 0.02, nan)
34) ('resnet50_robust_mapped_RIN_l2_3_0', 0.5, 200, 0.1, nan)
35) ('resnet50_robust_mapped_RIN_l2_3_0', 1.0, 200, 0.3, nan)
36) ('resnet50_robust_mapped_RIN_l2_3_0', 2.0, 200, 0.3, nan)
37) ('resnet50_robust_mapped_RIN_l2_3_0', 3.0, 200, 0.3, nan)
38) ('resnet50_robust_mapped_RIN_l2_3_0', 5.0, 500, 0.5, nan)
39) ('resnet50_robust_mapped_RIN_l2_3_0', 7.5, 500, 0.5, nan)
40) ('resnet50_robust_mapped_RIN_l2_3_0', 10.0, 500, 0.5, nan)
41) ('resnet50_robust_mapped_RIN_l2_3_0', 15.0, 500, 0.5, nan)
42) ('resnet50_robust_mapped_RIN_l2_3_0', 20.0, 1000, 0.5, nan)
43) ('resnet50_robust_mapped_RIN_l2_3_0', 25.0, 1000, 0.5, nan)
44) ('resnet50_robust_mapped_RIN_l2_3_0', 30.0, 2000, 2.0, nan)
45) ('resnet50_robust_mapped_RIN_l2_3_0', 40.0, 2000, 2.0, nan)
46) ('resnet50_robust_mapped_RIN_l2_3_0', 50.0, 2000, 2.0, nan)
47) ('resnet50_robust_mapped_RIN_l2_3_0', 100.0, 5000, 2.0, nan)
48) ('resnet50_vanilla_mapped_RIN', 0.0, 0, 0.0, nan)
49) ('resnet50_vanilla_mapped_RIN', 0.1, 200, 0.02, nan)
50) ('resnet50_vanilla_mapped_RIN', 0.5, 200, 0.1, nan)
51) ('resnet50_vanilla_mapped_RIN', 1.0, 200, 0.3, nan)
52) ('resnet50_vanilla_mapped_RIN', 2.0, 200, 0.3, nan)
53) ('resnet50_vanilla_mapped_RIN', 3.0, 200, 0.3, nan)
54) ('resnet50_vanilla_mapped_RIN', 5.0, 500, 0.5, nan)
55) ('resnet50_vanilla_mapped_RIN', 7.5, 500, 0.5, nan)
56) ('resnet50_vanilla_mapped_RIN', 10.0, 500, 0.5, nan)
57) ('resnet50_vanilla_mapped_RIN', 15.0, 500, 0.5, nan)
58) ('resnet50_vanilla_mapped_RIN', 20.0, 1000, 0.5, nan)
59) ('resnet50_vanilla_mapped_RIN', 25.0, 1000, 0.5, nan)
60) ('resnet50_vanilla_mapped_RIN', 30.0, 2000, 2.0, nan)
61) ('resnet50_vanilla_mapped_RIN', 40.0, 2000, 2.0, nan)
62) ('resnet50_vanilla_mapped_RIN', 50.0, 2000, 2.0, nan)
63) ('resnet50_vanilla_mapped_RIN', 100.0, 5000, 2.0, nan)
(*) group(model_name='resnet50_robust_mapped_RIN_l2_1_0', budget=7.5, n_iter=500, step_size=0.5, interp_alpha=nan)
=> loading checkpoint '/project/3018078.01/Gaziv/Wormholes_FB/checkpoints/imagenet_l2_1_0.pt'
=> loaded checkpoint '/project/3018078.01/Gaziv/Wormholes_FB/checkpoints/imagenet_l2_1_0.pt' (epoch 181)
chunk [1/8]
chunk [2/8]
chunk [3/8]
chunk [4/8]
chunk [5/8]
chunk [6/8]
chunk [7/8]
chunk [8/8]
Model-subject [resnet50_robust_mapped_RIN_l2_1_0_v2]
=> loading checkpoint '/project/3018078.01/Gaziv/Wormholes_FB/checkpoints/imagenet_l2_1_0_v2.pt'
=> loaded checkpoint '/project/3018078.01/Gaziv/Wormholes_FB/checkpoints/imagenet_l2_1_0_v2.pt' (epoch 176)
Model-subject [resnet50_robust_mapped_RIN_l2_3_0_v2]
=> loading checkpoint '/project/3018078.01/Gaziv/Wormholes_FB/checkpoints/imagenet_l2_3_0_v2.pt'
=> loaded checkpoint '/project/3018078.01/Gaziv/Wormholes_FB/checkpoints/imagenet_l2_3_0_v2.pt' (epoch 131)
Model-subject [resnet50_robust_mapped_RIN_l2_10_0_v2]
=> loading checkpoint '/project/3018078.01/Gaziv/Wormholes_FB/checkpoints/imagenet_l2_10_0_v2.pt'
=> loaded checkpoint '/project/3018078.01/Gaziv/Wormholes_FB/checkpoints/imagenet_l2_10_0_v2.pt' (epoch 200)
Model-subject [resnet50_vanilla_mapped_RIN_v2]
=> loading checkpoint '/project/3018078.01/Gaziv/Wormholes_FB/checkpoints/imagenet_vanilla_v2.pt'
=> loaded checkpoint '/project/3018078.01/Gaziv/Wormholes_FB/checkpoints/imagenet_vanilla_v2.pt' (epoch 171)
Model-subject [resnet50_robust_mapped_RIN_l2_1_0]
=> loading checkpoint '/project/3018078.01/Gaziv/Wormholes_FB/checkpoints/imagenet_l2_1_0.pt'
=> loaded checkpoint '/project/3018078.01/Gaziv/Wormholes_FB/checkpoints/imagenet_l2_1_0.pt' (epoch 181)
Done.
Running iteration: 24
Job [24]
Total number of configs: 64
0) ('resnet50_robust_mapped_RIN_l2_10_0', 0.0, 0, 0.0, nan)
1) ('resnet50_robust_mapped_RIN_l2_10_0', 0.1, 200, 0.02, nan)
2) ('resnet50_robust_mapped_RIN_l2_10_0', 0.5, 200, 0.1, nan)
3) ('resnet50_robust_mapped_RIN_l2_10_0', 1.0, 200, 0.3, nan)
4) ('resnet50_robust_mapped_RIN_l2_10_0', 2.0, 200, 0.3, nan)
5) ('resnet50_robust_mapped_RIN_l2_10_0', 3.0, 200, 0.3, nan)
6) ('resnet50_robust_mapped_RIN_l2_10_0', 5.0, 500, 0.5, nan)
7) ('resnet50_robust_mapped_RIN_l2_10_0', 7.5, 500, 0.5, nan)
8) ('resnet50_robust_mapped_RIN_l2_10_0', 10.0, 500, 0.5, nan)
9) ('resnet50_robust_mapped_RIN_l2_10_0', 15.0, 500, 0.5, nan)
10) ('resnet50_robust_mapped_RIN_l2_10_0', 20.0, 1000, 0.5, nan)
11) ('resnet50_robust_mapped_RIN_l2_10_0', 25.0, 1000, 0.5, nan)
12) ('resnet50_robust_mapped_RIN_l2_10_0', 30.0, 2000, 2.0, nan)
13) ('resnet50_robust_mapped_RIN_l2_10_0', 40.0, 2000, 2.0, nan)
14) ('resnet50_robust_mapped_RIN_l2_10_0', 50.0, 2000, 2.0, nan)
15) ('resnet50_robust_mapped_RIN_l2_10_0', 100.0, 5000, 2.0, nan)
16) ('resnet50_robust_mapped_RIN_l2_1_0', 0.0, 0, 0.0, nan)
17) ('resnet50_robust_mapped_RIN_l2_1_0', 0.1, 200, 0.02, nan)
18) ('resnet50_robust_mapped_RIN_l2_1_0', 0.5, 200, 0.1, nan)
19) ('resnet50_robust_mapped_RIN_l2_1_0', 1.0, 200, 0.3, nan)
20) ('resnet50_robust_mapped_RIN_l2_1_0', 2.0, 200, 0.3, nan)
21) ('resnet50_robust_mapped_RIN_l2_1_0', 3.0, 200, 0.3, nan)
22) ('resnet50_robust_mapped_RIN_l2_1_0', 5.0, 500, 0.5, nan)
23) ('resnet50_robust_mapped_RIN_l2_1_0', 7.5, 500, 0.5, nan)
24) ('resnet50_robust_mapped_RIN_l2_1_0', 10.0, 500, 0.5, nan)
25) ('resnet50_robust_mapped_RIN_l2_1_0', 15.0, 500, 0.5, nan)
26) ('resnet50_robust_mapped_RIN_l2_1_0', 20.0, 1000, 0.5, nan)
27) ('resnet50_robust_mapped_RIN_l2_1_0', 25.0, 1000, 0.5, nan)
28) ('resnet50_robust_mapped_RIN_l2_1_0', 30.0, 2000, 2.0, nan)
29) ('resnet50_robust_mapped_RIN_l2_1_0', 40.0, 2000, 2.0, nan)
30) ('resnet50_robust_mapped_RIN_l2_1_0', 50.0, 2000, 2.0, nan)
31) ('resnet50_robust_mapped_RIN_l2_1_0', 100.0, 5000, 2.0, nan)
32) ('resnet50_robust_mapped_RIN_l2_3_0', 0.0, 0, 0.0, nan)
33) ('resnet50_robust_mapped_RIN_l2_3_0', 0.1, 200, 0.02, nan)
34) ('resnet50_robust_mapped_RIN_l2_3_0', 0.5, 200, 0.1, nan)
35) ('resnet50_robust_mapped_RIN_l2_3_0', 1.0, 200, 0.3, nan)
36) ('resnet50_robust_mapped_RIN_l2_3_0', 2.0, 200, 0.3, nan)
37) ('resnet50_robust_mapped_RIN_l2_3_0', 3.0, 200, 0.3, nan)
38) ('resnet50_robust_mapped_RIN_l2_3_0', 5.0, 500, 0.5, nan)
39) ('resnet50_robust_mapped_RIN_l2_3_0', 7.5, 500, 0.5, nan)
40) ('resnet50_robust_mapped_RIN_l2_3_0', 10.0, 500, 0.5, nan)
41) ('resnet50_robust_mapped_RIN_l2_3_0', 15.0, 500, 0.5, nan)
42) ('resnet50_robust_mapped_RIN_l2_3_0', 20.0, 1000, 0.5, nan)
43) ('resnet50_robust_mapped_RIN_l2_3_0', 25.0, 1000, 0.5, nan)
44) ('resnet50_robust_mapped_RIN_l2_3_0', 30.0, 2000, 2.0, nan)
45) ('resnet50_robust_mapped_RIN_l2_3_0', 40.0, 2000, 2.0, nan)
46) ('resnet50_robust_mapped_RIN_l2_3_0', 50.0, 2000, 2.0, nan)
47) ('resnet50_robust_mapped_RIN_l2_3_0', 100.0, 5000, 2.0, nan)
48) ('resnet50_vanilla_mapped_RIN', 0.0, 0, 0.0, nan)
49) ('resnet50_vanilla_mapped_RIN', 0.1, 200, 0.02, nan)
50) ('resnet50_vanilla_mapped_RIN', 0.5, 200, 0.1, nan)
51) ('resnet50_vanilla_mapped_RIN', 1.0, 200, 0.3, nan)
52) ('resnet50_vanilla_mapped_RIN', 2.0, 200, 0.3, nan)
53) ('resnet50_vanilla_mapped_RIN', 3.0, 200, 0.3, nan)
54) ('resnet50_vanilla_mapped_RIN', 5.0, 500, 0.5, nan)
55) ('resnet50_vanilla_mapped_RIN', 7.5, 500, 0.5, nan)
56) ('resnet50_vanilla_mapped_RIN', 10.0, 500, 0.5, nan)
57) ('resnet50_vanilla_mapped_RIN', 15.0, 500, 0.5, nan)
58) ('resnet50_vanilla_mapped_RIN', 20.0, 1000, 0.5, nan)
59) ('resnet50_vanilla_mapped_RIN', 25.0, 1000, 0.5, nan)
60) ('resnet50_vanilla_mapped_RIN', 30.0, 2000, 2.0, nan)
61) ('resnet50_vanilla_mapped_RIN', 40.0, 2000, 2.0, nan)
62) ('resnet50_vanilla_mapped_RIN', 50.0, 2000, 2.0, nan)
63) ('resnet50_vanilla_mapped_RIN', 100.0, 5000, 2.0, nan)
(*) group(model_name='resnet50_robust_mapped_RIN_l2_1_0', budget=10.0, n_iter=500, step_size=0.5, interp_alpha=nan)
=> loading checkpoint '/project/3018078.01/Gaziv/Wormholes_FB/checkpoints/imagenet_l2_1_0.pt'
=> loaded checkpoint '/project/3018078.01/Gaziv/Wormholes_FB/checkpoints/imagenet_l2_1_0.pt' (epoch 181)
chunk [1/8]
chunk [2/8]
chunk [3/8]
chunk [4/8]
chunk [5/8]
chunk [6/8]
chunk [7/8]
chunk [8/8]
Model-subject [resnet50_robust_mapped_RIN_l2_1_0_v2]
=> loading checkpoint '/project/3018078.01/Gaziv/Wormholes_FB/checkpoints/imagenet_l2_1_0_v2.pt'
=> loaded checkpoint '/project/3018078.01/Gaziv/Wormholes_FB/checkpoints/imagenet_l2_1_0_v2.pt' (epoch 176)
Model-subject [resnet50_robust_mapped_RIN_l2_3_0_v2]
=> loading checkpoint '/project/3018078.01/Gaziv/Wormholes_FB/checkpoints/imagenet_l2_3_0_v2.pt'
=> loaded checkpoint '/project/3018078.01/Gaziv/Wormholes_FB/checkpoints/imagenet_l2_3_0_v2.pt' (epoch 131)
Model-subject [resnet50_robust_mapped_RIN_l2_10_0_v2]
=> loading checkpoint '/project/3018078.01/Gaziv/Wormholes_FB/checkpoints/imagenet_l2_10_0_v2.pt'
=> loaded checkpoint '/project/3018078.01/Gaziv/Wormholes_FB/checkpoints/imagenet_l2_10_0_v2.pt' (epoch 200)
Model-subject [resnet50_vanilla_mapped_RIN_v2]
=> loading checkpoint '/project/3018078.01/Gaziv/Wormholes_FB/checkpoints/imagenet_vanilla_v2.pt'
=> loaded checkpoint '/project/3018078.01/Gaziv/Wormholes_FB/checkpoints/imagenet_vanilla_v2.pt' (epoch 171)
Model-subject [resnet50_robust_mapped_RIN_l2_1_0]
=> loading checkpoint '/project/3018078.01/Gaziv/Wormholes_FB/checkpoints/imagenet_l2_1_0.pt'
=> loaded checkpoint '/project/3018078.01/Gaziv/Wormholes_FB/checkpoints/imagenet_l2_1_0.pt' (epoch 181)
Done.
Running iteration: 25
Job [25]
Total number of configs: 64
0) ('resnet50_robust_mapped_RIN_l2_10_0', 0.0, 0, 0.0, nan)
1) ('resnet50_robust_mapped_RIN_l2_10_0', 0.1, 200, 0.02, nan)
2) ('resnet50_robust_mapped_RIN_l2_10_0', 0.5, 200, 0.1, nan)
3) ('resnet50_robust_mapped_RIN_l2_10_0', 1.0, 200, 0.3, nan)
4) ('resnet50_robust_mapped_RIN_l2_10_0', 2.0, 200, 0.3, nan)
5) ('resnet50_robust_mapped_RIN_l2_10_0', 3.0, 200, 0.3, nan)
6) ('resnet50_robust_mapped_RIN_l2_10_0', 5.0, 500, 0.5, nan)
7) ('resnet50_robust_mapped_RIN_l2_10_0', 7.5, 500, 0.5, nan)
8) ('resnet50_robust_mapped_RIN_l2_10_0', 10.0, 500, 0.5, nan)
9) ('resnet50_robust_mapped_RIN_l2_10_0', 15.0, 500, 0.5, nan)
10) ('resnet50_robust_mapped_RIN_l2_10_0', 20.0, 1000, 0.5, nan)
11) ('resnet50_robust_mapped_RIN_l2_10_0', 25.0, 1000, 0.5, nan)
12) ('resnet50_robust_mapped_RIN_l2_10_0', 30.0, 2000, 2.0, nan)
13) ('resnet50_robust_mapped_RIN_l2_10_0', 40.0, 2000, 2.0, nan)
14) ('resnet50_robust_mapped_RIN_l2_10_0', 50.0, 2000, 2.0, nan)
15) ('resnet50_robust_mapped_RIN_l2_10_0', 100.0, 5000, 2.0, nan)
16) ('resnet50_robust_mapped_RIN_l2_1_0', 0.0, 0, 0.0, nan)
17) ('resnet50_robust_mapped_RIN_l2_1_0', 0.1, 200, 0.02, nan)
18) ('resnet50_robust_mapped_RIN_l2_1_0', 0.5, 200, 0.1, nan)
19) ('resnet50_robust_mapped_RIN_l2_1_0', 1.0, 200, 0.3, nan)
20) ('resnet50_robust_mapped_RIN_l2_1_0', 2.0, 200, 0.3, nan)
21) ('resnet50_robust_mapped_RIN_l2_1_0', 3.0, 200, 0.3, nan)
22) ('resnet50_robust_mapped_RIN_l2_1_0', 5.0, 500, 0.5, nan)
23) ('resnet50_robust_mapped_RIN_l2_1_0', 7.5, 500, 0.5, nan)
24) ('resnet50_robust_mapped_RIN_l2_1_0', 10.0, 500, 0.5, nan)
25) ('resnet50_robust_mapped_RIN_l2_1_0', 15.0, 500, 0.5, nan)
26) ('resnet50_robust_mapped_RIN_l2_1_0', 20.0, 1000, 0.5, nan)
27) ('resnet50_robust_mapped_RIN_l2_1_0', 25.0, 1000, 0.5, nan)
28) ('resnet50_robust_mapped_RIN_l2_1_0', 30.0, 2000, 2.0, nan)
29) ('resnet50_robust_mapped_RIN_l2_1_0', 40.0, 2000, 2.0, nan)
30) ('resnet50_robust_mapped_RIN_l2_1_0', 50.0, 2000, 2.0, nan)
31) ('resnet50_robust_mapped_RIN_l2_1_0', 100.0, 5000, 2.0, nan)
32) ('resnet50_robust_mapped_RIN_l2_3_0', 0.0, 0, 0.0, nan)
33) ('resnet50_robust_mapped_RIN_l2_3_0', 0.1, 200, 0.02, nan)
34) ('resnet50_robust_mapped_RIN_l2_3_0', 0.5, 200, 0.1, nan)
35) ('resnet50_robust_mapped_RIN_l2_3_0', 1.0, 200, 0.3, nan)
36) ('resnet50_robust_mapped_RIN_l2_3_0', 2.0, 200, 0.3, nan)
37) ('resnet50_robust_mapped_RIN_l2_3_0', 3.0, 200, 0.3, nan)
38) ('resnet50_robust_mapped_RIN_l2_3_0', 5.0, 500, 0.5, nan)
39) ('resnet50_robust_mapped_RIN_l2_3_0', 7.5, 500, 0.5, nan)
40) ('resnet50_robust_mapped_RIN_l2_3_0', 10.0, 500, 0.5, nan)
41) ('resnet50_robust_mapped_RIN_l2_3_0', 15.0, 500, 0.5, nan)
42) ('resnet50_robust_mapped_RIN_l2_3_0', 20.0, 1000, 0.5, nan)
43) ('resnet50_robust_mapped_RIN_l2_3_0', 25.0, 1000, 0.5, nan)
44) ('resnet50_robust_mapped_RIN_l2_3_0', 30.0, 2000, 2.0, nan)
45) ('resnet50_robust_mapped_RIN_l2_3_0', 40.0, 2000, 2.0, nan)
46) ('resnet50_robust_mapped_RIN_l2_3_0', 50.0, 2000, 2.0, nan)
47) ('resnet50_robust_mapped_RIN_l2_3_0', 100.0, 5000, 2.0, nan)
48) ('resnet50_vanilla_mapped_RIN', 0.0, 0, 0.0, nan)
49) ('resnet50_vanilla_mapped_RIN', 0.1, 200, 0.02, nan)
50) ('resnet50_vanilla_mapped_RIN', 0.5, 200, 0.1, nan)
51) ('resnet50_vanilla_mapped_RIN', 1.0, 200, 0.3, nan)
52) ('resnet50_vanilla_mapped_RIN', 2.0, 200, 0.3, nan)
53) ('resnet50_vanilla_mapped_RIN', 3.0, 200, 0.3, nan)
54) ('resnet50_vanilla_mapped_RIN', 5.0, 500, 0.5, nan)
55) ('resnet50_vanilla_mapped_RIN', 7.5, 500, 0.5, nan)
56) ('resnet50_vanilla_mapped_RIN', 10.0, 500, 0.5, nan)
57) ('resnet50_vanilla_mapped_RIN', 15.0, 500, 0.5, nan)
58) ('resnet50_vanilla_mapped_RIN', 20.0, 1000, 0.5, nan)
59) ('resnet50_vanilla_mapped_RIN', 25.0, 1000, 0.5, nan)
60) ('resnet50_vanilla_mapped_RIN', 30.0, 2000, 2.0, nan)
61) ('resnet50_vanilla_mapped_RIN', 40.0, 2000, 2.0, nan)
62) ('resnet50_vanilla_mapped_RIN', 50.0, 2000, 2.0, nan)
63) ('resnet50_vanilla_mapped_RIN', 100.0, 5000, 2.0, nan)
(*) group(model_name='resnet50_robust_mapped_RIN_l2_1_0', budget=15.0, n_iter=500, step_size=0.5, interp_alpha=nan)
=> loading checkpoint '/project/3018078.01/Gaziv/Wormholes_FB/checkpoints/imagenet_l2_1_0.pt'
=> loaded checkpoint '/project/3018078.01/Gaziv/Wormholes_FB/checkpoints/imagenet_l2_1_0.pt' (epoch 181)
chunk [1/8]
chunk [2/8]
chunk [3/8]
chunk [4/8]
chunk [5/8]
chunk [6/8]
chunk [7/8]
chunk [8/8]
Model-subject [resnet50_robust_mapped_RIN_l2_1_0_v2]
=> loading checkpoint '/project/3018078.01/Gaziv/Wormholes_FB/checkpoints/imagenet_l2_1_0_v2.pt'
=> loaded checkpoint '/project/3018078.01/Gaziv/Wormholes_FB/checkpoints/imagenet_l2_1_0_v2.pt' (epoch 176)
Model-subject [resnet50_robust_mapped_RIN_l2_3_0_v2]
=> loading checkpoint '/project/3018078.01/Gaziv/Wormholes_FB/checkpoints/imagenet_l2_3_0_v2.pt'
=> loaded checkpoint '/project/3018078.01/Gaziv/Wormholes_FB/checkpoints/imagenet_l2_3_0_v2.pt' (epoch 131)
Model-subject [resnet50_robust_mapped_RIN_l2_10_0_v2]
=> loading checkpoint '/project/3018078.01/Gaziv/Wormholes_FB/checkpoints/imagenet_l2_10_0_v2.pt'
=> loaded checkpoint '/project/3018078.01/Gaziv/Wormholes_FB/checkpoints/imagenet_l2_10_0_v2.pt' (epoch 200)
Model-subject [resnet50_vanilla_mapped_RIN_v2]
=> loading checkpoint '/project/3018078.01/Gaziv/Wormholes_FB/checkpoints/imagenet_vanilla_v2.pt'
=> loaded checkpoint '/project/3018078.01/Gaziv/Wormholes_FB/checkpoints/imagenet_vanilla_v2.pt' (epoch 171)
Model-subject [resnet50_robust_mapped_RIN_l2_1_0]
=> loading checkpoint '/project/3018078.01/Gaziv/Wormholes_FB/checkpoints/imagenet_l2_1_0.pt'
=> loaded checkpoint '/project/3018078.01/Gaziv/Wormholes_FB/checkpoints/imagenet_l2_1_0.pt' (epoch 181)
Done.
Running iteration: 26
Job [26]
Total number of configs: 64
0) ('resnet50_robust_mapped_RIN_l2_10_0', 0.0, 0, 0.0, nan)
1) ('resnet50_robust_mapped_RIN_l2_10_0', 0.1, 200, 0.02, nan)
2) ('resnet50_robust_mapped_RIN_l2_10_0', 0.5, 200, 0.1, nan)
3) ('resnet50_robust_mapped_RIN_l2_10_0', 1.0, 200, 0.3, nan)
4) ('resnet50_robust_mapped_RIN_l2_10_0', 2.0, 200, 0.3, nan)
5) ('resnet50_robust_mapped_RIN_l2_10_0', 3.0, 200, 0.3, nan)
6) ('resnet50_robust_mapped_RIN_l2_10_0', 5.0, 500, 0.5, nan)
7) ('resnet50_robust_mapped_RIN_l2_10_0', 7.5, 500, 0.5, nan)
8) ('resnet50_robust_mapped_RIN_l2_10_0', 10.0, 500, 0.5, nan)
9) ('resnet50_robust_mapped_RIN_l2_10_0', 15.0, 500, 0.5, nan)
10) ('resnet50_robust_mapped_RIN_l2_10_0', 20.0, 1000, 0.5, nan)
11) ('resnet50_robust_mapped_RIN_l2_10_0', 25.0, 1000, 0.5, nan)
12) ('resnet50_robust_mapped_RIN_l2_10_0', 30.0, 2000, 2.0, nan)
13) ('resnet50_robust_mapped_RIN_l2_10_0', 40.0, 2000, 2.0, nan)
14) ('resnet50_robust_mapped_RIN_l2_10_0', 50.0, 2000, 2.0, nan)
15) ('resnet50_robust_mapped_RIN_l2_10_0', 100.0, 5000, 2.0, nan)
16) ('resnet50_robust_mapped_RIN_l2_1_0', 0.0, 0, 0.0, nan)
17) ('resnet50_robust_mapped_RIN_l2_1_0', 0.1, 200, 0.02, nan)
18) ('resnet50_robust_mapped_RIN_l2_1_0', 0.5, 200, 0.1, nan)
19) ('resnet50_robust_mapped_RIN_l2_1_0', 1.0, 200, 0.3, nan)
20) ('resnet50_robust_mapped_RIN_l2_1_0', 2.0, 200, 0.3, nan)
21) ('resnet50_robust_mapped_RIN_l2_1_0', 3.0, 200, 0.3, nan)
22) ('resnet50_robust_mapped_RIN_l2_1_0', 5.0, 500, 0.5, nan)
23) ('resnet50_robust_mapped_RIN_l2_1_0', 7.5, 500, 0.5, nan)
24) ('resnet50_robust_mapped_RIN_l2_1_0', 10.0, 500, 0.5, nan)
25) ('resnet50_robust_mapped_RIN_l2_1_0', 15.0, 500, 0.5, nan)
26) ('resnet50_robust_mapped_RIN_l2_1_0', 20.0, 1000, 0.5, nan)
27) ('resnet50_robust_mapped_RIN_l2_1_0', 25.0, 1000, 0.5, nan)
28) ('resnet50_robust_mapped_RIN_l2_1_0', 30.0, 2000, 2.0, nan)
29) ('resnet50_robust_mapped_RIN_l2_1_0', 40.0, 2000, 2.0, nan)
30) ('resnet50_robust_mapped_RIN_l2_1_0', 50.0, 2000, 2.0, nan)
31) ('resnet50_robust_mapped_RIN_l2_1_0', 100.0, 5000, 2.0, nan)
32) ('resnet50_robust_mapped_RIN_l2_3_0', 0.0, 0, 0.0, nan)
33) ('resnet50_robust_mapped_RIN_l2_3_0', 0.1, 200, 0.02, nan)
34) ('resnet50_robust_mapped_RIN_l2_3_0', 0.5, 200, 0.1, nan)
35) ('resnet50_robust_mapped_RIN_l2_3_0', 1.0, 200, 0.3, nan)
36) ('resnet50_robust_mapped_RIN_l2_3_0', 2.0, 200, 0.3, nan)
37) ('resnet50_robust_mapped_RIN_l2_3_0', 3.0, 200, 0.3, nan)
38) ('resnet50_robust_mapped_RIN_l2_3_0', 5.0, 500, 0.5, nan)
39) ('resnet50_robust_mapped_RIN_l2_3_0', 7.5, 500, 0.5, nan)
40) ('resnet50_robust_mapped_RIN_l2_3_0', 10.0, 500, 0.5, nan)
41) ('resnet50_robust_mapped_RIN_l2_3_0', 15.0, 500, 0.5, nan)
42) ('resnet50_robust_mapped_RIN_l2_3_0', 20.0, 1000, 0.5, nan)
43) ('resnet50_robust_mapped_RIN_l2_3_0', 25.0, 1000, 0.5, nan)
44) ('resnet50_robust_mapped_RIN_l2_3_0', 30.0, 2000, 2.0, nan)
45) ('resnet50_robust_mapped_RIN_l2_3_0', 40.0, 2000, 2.0, nan)
46) ('resnet50_robust_mapped_RIN_l2_3_0', 50.0, 2000, 2.0, nan)
47) ('resnet50_robust_mapped_RIN_l2_3_0', 100.0, 5000, 2.0, nan)
48) ('resnet50_vanilla_mapped_RIN', 0.0, 0, 0.0, nan)
49) ('resnet50_vanilla_mapped_RIN', 0.1, 200, 0.02, nan)
50) ('resnet50_vanilla_mapped_RIN', 0.5, 200, 0.1, nan)
51) ('resnet50_vanilla_mapped_RIN', 1.0, 200, 0.3, nan)
52) ('resnet50_vanilla_mapped_RIN', 2.0, 200, 0.3, nan)
53) ('resnet50_vanilla_mapped_RIN', 3.0, 200, 0.3, nan)
54) ('resnet50_vanilla_mapped_RIN', 5.0, 500, 0.5, nan)
55) ('resnet50_vanilla_mapped_RIN', 7.5, 500, 0.5, nan)
56) ('resnet50_vanilla_mapped_RIN', 10.0, 500, 0.5, nan)
57) ('resnet50_vanilla_mapped_RIN', 15.0, 500, 0.5, nan)
58) ('resnet50_vanilla_mapped_RIN', 20.0, 1000, 0.5, nan)
59) ('resnet50_vanilla_mapped_RIN', 25.0, 1000, 0.5, nan)
60) ('resnet50_vanilla_mapped_RIN', 30.0, 2000, 2.0, nan)
61) ('resnet50_vanilla_mapped_RIN', 40.0, 2000, 2.0, nan)
62) ('resnet50_vanilla_mapped_RIN', 50.0, 2000, 2.0, nan)
63) ('resnet50_vanilla_mapped_RIN', 100.0, 5000, 2.0, nan)
(*) group(model_name='resnet50_robust_mapped_RIN_l2_1_0', budget=20.0, n_iter=1000, step_size=0.5, interp_alpha=nan)
=> loading checkpoint '/project/3018078.01/Gaziv/Wormholes_FB/checkpoints/imagenet_l2_1_0.pt'
=> loaded checkpoint '/project/3018078.01/Gaziv/Wormholes_FB/checkpoints/imagenet_l2_1_0.pt' (epoch 181)
chunk [1/8]
chunk [2/8]
chunk [3/8]
chunk [4/8]
chunk [5/8]
chunk [6/8]
chunk [7/8]
chunk [8/8]
Model-subject [resnet50_robust_mapped_RIN_l2_1_0_v2]
=> loading checkpoint '/project/3018078.01/Gaziv/Wormholes_FB/checkpoints/imagenet_l2_1_0_v2.pt'
=> loaded checkpoint '/project/3018078.01/Gaziv/Wormholes_FB/checkpoints/imagenet_l2_1_0_v2.pt' (epoch 176)
Model-subject [resnet50_robust_mapped_RIN_l2_3_0_v2]
=> loading checkpoint '/project/3018078.01/Gaziv/Wormholes_FB/checkpoints/imagenet_l2_3_0_v2.pt'
=> loaded checkpoint '/project/3018078.01/Gaziv/Wormholes_FB/checkpoints/imagenet_l2_3_0_v2.pt' (epoch 131)
Model-subject [resnet50_robust_mapped_RIN_l2_10_0_v2]
=> loading checkpoint '/project/3018078.01/Gaziv/Wormholes_FB/checkpoints/imagenet_l2_10_0_v2.pt'
=> loaded checkpoint '/project/3018078.01/Gaziv/Wormholes_FB/checkpoints/imagenet_l2_10_0_v2.pt' (epoch 200)
Model-subject [resnet50_vanilla_mapped_RIN_v2]
=> loading checkpoint '/project/3018078.01/Gaziv/Wormholes_FB/checkpoints/imagenet_vanilla_v2.pt'
=> loaded checkpoint '/project/3018078.01/Gaziv/Wormholes_FB/checkpoints/imagenet_vanilla_v2.pt' (epoch 171)
Model-subject [resnet50_robust_mapped_RIN_l2_1_0]
=> loading checkpoint '/project/3018078.01/Gaziv/Wormholes_FB/checkpoints/imagenet_l2_1_0.pt'
=> loaded checkpoint '/project/3018078.01/Gaziv/Wormholes_FB/checkpoints/imagenet_l2_1_0.pt' (epoch 181)
Done.
Running iteration: 27
Job [27]
Total number of configs: 64
0) ('resnet50_robust_mapped_RIN_l2_10_0', 0.0, 0, 0.0, nan)
1) ('resnet50_robust_mapped_RIN_l2_10_0', 0.1, 200, 0.02, nan)
2) ('resnet50_robust_mapped_RIN_l2_10_0', 0.5, 200, 0.1, nan)
3) ('resnet50_robust_mapped_RIN_l2_10_0', 1.0, 200, 0.3, nan)
4) ('resnet50_robust_mapped_RIN_l2_10_0', 2.0, 200, 0.3, nan)
5) ('resnet50_robust_mapped_RIN_l2_10_0', 3.0, 200, 0.3, nan)
6) ('resnet50_robust_mapped_RIN_l2_10_0', 5.0, 500, 0.5, nan)
7) ('resnet50_robust_mapped_RIN_l2_10_0', 7.5, 500, 0.5, nan)
8) ('resnet50_robust_mapped_RIN_l2_10_0', 10.0, 500, 0.5, nan)
9) ('resnet50_robust_mapped_RIN_l2_10_0', 15.0, 500, 0.5, nan)
10) ('resnet50_robust_mapped_RIN_l2_10_0', 20.0, 1000, 0.5, nan)
11) ('resnet50_robust_mapped_RIN_l2_10_0', 25.0, 1000, 0.5, nan)
12) ('resnet50_robust_mapped_RIN_l2_10_0', 30.0, 2000, 2.0, nan)
13) ('resnet50_robust_mapped_RIN_l2_10_0', 40.0, 2000, 2.0, nan)
14) ('resnet50_robust_mapped_RIN_l2_10_0', 50.0, 2000, 2.0, nan)
15) ('resnet50_robust_mapped_RIN_l2_10_0', 100.0, 5000, 2.0, nan)
16) ('resnet50_robust_mapped_RIN_l2_1_0', 0.0, 0, 0.0, nan)
17) ('resnet50_robust_mapped_RIN_l2_1_0', 0.1, 200, 0.02, nan)
18) ('resnet50_robust_mapped_RIN_l2_1_0', 0.5, 200, 0.1, nan)
19) ('resnet50_robust_mapped_RIN_l2_1_0', 1.0, 200, 0.3, nan)
20) ('resnet50_robust_mapped_RIN_l2_1_0', 2.0, 200, 0.3, nan)
21) ('resnet50_robust_mapped_RIN_l2_1_0', 3.0, 200, 0.3, nan)
22) ('resnet50_robust_mapped_RIN_l2_1_0', 5.0, 500, 0.5, nan)
23) ('resnet50_robust_mapped_RIN_l2_1_0', 7.5, 500, 0.5, nan)
24) ('resnet50_robust_mapped_RIN_l2_1_0', 10.0, 500, 0.5, nan)
25) ('resnet50_robust_mapped_RIN_l2_1_0', 15.0, 500, 0.5, nan)
26) ('resnet50_robust_mapped_RIN_l2_1_0', 20.0, 1000, 0.5, nan)
27) ('resnet50_robust_mapped_RIN_l2_1_0', 25.0, 1000, 0.5, nan)
28) ('resnet50_robust_mapped_RIN_l2_1_0', 30.0, 2000, 2.0, nan)
29) ('resnet50_robust_mapped_RIN_l2_1_0', 40.0, 2000, 2.0, nan)
30) ('resnet50_robust_mapped_RIN_l2_1_0', 50.0, 2000, 2.0, nan)
31) ('resnet50_robust_mapped_RIN_l2_1_0', 100.0, 5000, 2.0, nan)
32) ('resnet50_robust_mapped_RIN_l2_3_0', 0.0, 0, 0.0, nan)
33) ('resnet50_robust_mapped_RIN_l2_3_0', 0.1, 200, 0.02, nan)
34) ('resnet50_robust_mapped_RIN_l2_3_0', 0.5, 200, 0.1, nan)
35) ('resnet50_robust_mapped_RIN_l2_3_0', 1.0, 200, 0.3, nan)
36) ('resnet50_robust_mapped_RIN_l2_3_0', 2.0, 200, 0.3, nan)
37) ('resnet50_robust_mapped_RIN_l2_3_0', 3.0, 200, 0.3, nan)
38) ('resnet50_robust_mapped_RIN_l2_3_0', 5.0, 500, 0.5, nan)
39) ('resnet50_robust_mapped_RIN_l2_3_0', 7.5, 500, 0.5, nan)
40) ('resnet50_robust_mapped_RIN_l2_3_0', 10.0, 500, 0.5, nan)
41) ('resnet50_robust_mapped_RIN_l2_3_0', 15.0, 500, 0.5, nan)
42) ('resnet50_robust_mapped_RIN_l2_3_0', 20.0, 1000, 0.5, nan)
43) ('resnet50_robust_mapped_RIN_l2_3_0', 25.0, 1000, 0.5, nan)
44) ('resnet50_robust_mapped_RIN_l2_3_0', 30.0, 2000, 2.0, nan)
45) ('resnet50_robust_mapped_RIN_l2_3_0', 40.0, 2000, 2.0, nan)
46) ('resnet50_robust_mapped_RIN_l2_3_0', 50.0, 2000, 2.0, nan)
47) ('resnet50_robust_mapped_RIN_l2_3_0', 100.0, 5000, 2.0, nan)
48) ('resnet50_vanilla_mapped_RIN', 0.0, 0, 0.0, nan)
49) ('resnet50_vanilla_mapped_RIN', 0.1, 200, 0.02, nan)
50) ('resnet50_vanilla_mapped_RIN', 0.5, 200, 0.1, nan)
51) ('resnet50_vanilla_mapped_RIN', 1.0, 200, 0.3, nan)
52) ('resnet50_vanilla_mapped_RIN', 2.0, 200, 0.3, nan)
53) ('resnet50_vanilla_mapped_RIN', 3.0, 200, 0.3, nan)
54) ('resnet50_vanilla_mapped_RIN', 5.0, 500, 0.5, nan)
55) ('resnet50_vanilla_mapped_RIN', 7.5, 500, 0.5, nan)
56) ('resnet50_vanilla_mapped_RIN', 10.0, 500, 0.5, nan)
57) ('resnet50_vanilla_mapped_RIN', 15.0, 500, 0.5, nan)
58) ('resnet50_vanilla_mapped_RIN', 20.0, 1000, 0.5, nan)
59) ('resnet50_vanilla_mapped_RIN', 25.0, 1000, 0.5, nan)
60) ('resnet50_vanilla_mapped_RIN', 30.0, 2000, 2.0, nan)
61) ('resnet50_vanilla_mapped_RIN', 40.0, 2000, 2.0, nan)
62) ('resnet50_vanilla_mapped_RIN', 50.0, 2000, 2.0, nan)
63) ('resnet50_vanilla_mapped_RIN', 100.0, 5000, 2.0, nan)
(*) group(model_name='resnet50_robust_mapped_RIN_l2_1_0', budget=25.0, n_iter=1000, step_size=0.5, interp_alpha=nan)
=> loading checkpoint '/project/3018078.01/Gaziv/Wormholes_FB/checkpoints/imagenet_l2_1_0.pt'
=> loaded checkpoint '/project/3018078.01/Gaziv/Wormholes_FB/checkpoints/imagenet_l2_1_0.pt' (epoch 181)
chunk [1/8]
chunk [2/8]
chunk [3/8]
chunk [4/8]
chunk [5/8]
chunk [6/8]
chunk [7/8]
chunk [8/8]
Model-subject [resnet50_robust_mapped_RIN_l2_1_0_v2]
=> loading checkpoint '/project/3018078.01/Gaziv/Wormholes_FB/checkpoints/imagenet_l2_1_0_v2.pt'
=> loaded checkpoint '/project/3018078.01/Gaziv/Wormholes_FB/checkpoints/imagenet_l2_1_0_v2.pt' (epoch 176)
Model-subject [resnet50_robust_mapped_RIN_l2_3_0_v2]
=> loading checkpoint '/project/3018078.01/Gaziv/Wormholes_FB/checkpoints/imagenet_l2_3_0_v2.pt'
=> loaded checkpoint '/project/3018078.01/Gaziv/Wormholes_FB/checkpoints/imagenet_l2_3_0_v2.pt' (epoch 131)
Model-subject [resnet50_robust_mapped_RIN_l2_10_0_v2]
=> loading checkpoint '/project/3018078.01/Gaziv/Wormholes_FB/checkpoints/imagenet_l2_10_0_v2.pt'
=> loaded checkpoint '/project/3018078.01/Gaziv/Wormholes_FB/checkpoints/imagenet_l2_10_0_v2.pt' (epoch 200)
Model-subject [resnet50_vanilla_mapped_RIN_v2]
=> loading checkpoint '/project/3018078.01/Gaziv/Wormholes_FB/checkpoints/imagenet_vanilla_v2.pt'
=> loaded checkpoint '/project/3018078.01/Gaziv/Wormholes_FB/checkpoints/imagenet_vanilla_v2.pt' (epoch 171)
Model-subject [resnet50_robust_mapped_RIN_l2_1_0]
=> loading checkpoint '/project/3018078.01/Gaziv/Wormholes_FB/checkpoints/imagenet_l2_1_0.pt'
=> loaded checkpoint '/project/3018078.01/Gaziv/Wormholes_FB/checkpoints/imagenet_l2_1_0.pt' (epoch 181)
Done.
Running iteration: 28
Job [28]
Total number of configs: 64
0) ('resnet50_robust_mapped_RIN_l2_10_0', 0.0, 0, 0.0, nan)
1) ('resnet50_robust_mapped_RIN_l2_10_0', 0.1, 200, 0.02, nan)
2) ('resnet50_robust_mapped_RIN_l2_10_0', 0.5, 200, 0.1, nan)
3) ('resnet50_robust_mapped_RIN_l2_10_0', 1.0, 200, 0.3, nan)
4) ('resnet50_robust_mapped_RIN_l2_10_0', 2.0, 200, 0.3, nan)
5) ('resnet50_robust_mapped_RIN_l2_10_0', 3.0, 200, 0.3, nan)
6) ('resnet50_robust_mapped_RIN_l2_10_0', 5.0, 500, 0.5, nan)
7) ('resnet50_robust_mapped_RIN_l2_10_0', 7.5, 500, 0.5, nan)
8) ('resnet50_robust_mapped_RIN_l2_10_0', 10.0, 500, 0.5, nan)
9) ('resnet50_robust_mapped_RIN_l2_10_0', 15.0, 500, 0.5, nan)
10) ('resnet50_robust_mapped_RIN_l2_10_0', 20.0, 1000, 0.5, nan)
11) ('resnet50_robust_mapped_RIN_l2_10_0', 25.0, 1000, 0.5, nan)
12) ('resnet50_robust_mapped_RIN_l2_10_0', 30.0, 2000, 2.0, nan)
13) ('resnet50_robust_mapped_RIN_l2_10_0', 40.0, 2000, 2.0, nan)
14) ('resnet50_robust_mapped_RIN_l2_10_0', 50.0, 2000, 2.0, nan)
15) ('resnet50_robust_mapped_RIN_l2_10_0', 100.0, 5000, 2.0, nan)
16) ('resnet50_robust_mapped_RIN_l2_1_0', 0.0, 0, 0.0, nan)
17) ('resnet50_robust_mapped_RIN_l2_1_0', 0.1, 200, 0.02, nan)
18) ('resnet50_robust_mapped_RIN_l2_1_0', 0.5, 200, 0.1, nan)
19) ('resnet50_robust_mapped_RIN_l2_1_0', 1.0, 200, 0.3, nan)
20) ('resnet50_robust_mapped_RIN_l2_1_0', 2.0, 200, 0.3, nan)
21) ('resnet50_robust_mapped_RIN_l2_1_0', 3.0, 200, 0.3, nan)
22) ('resnet50_robust_mapped_RIN_l2_1_0', 5.0, 500, 0.5, nan)
23) ('resnet50_robust_mapped_RIN_l2_1_0', 7.5, 500, 0.5, nan)
24) ('resnet50_robust_mapped_RIN_l2_1_0', 10.0, 500, 0.5, nan)
25) ('resnet50_robust_mapped_RIN_l2_1_0', 15.0, 500, 0.5, nan)
26) ('resnet50_robust_mapped_RIN_l2_1_0', 20.0, 1000, 0.5, nan)
27) ('resnet50_robust_mapped_RIN_l2_1_0', 25.0, 1000, 0.5, nan)
28) ('resnet50_robust_mapped_RIN_l2_1_0', 30.0, 2000, 2.0, nan)
29) ('resnet50_robust_mapped_RIN_l2_1_0', 40.0, 2000, 2.0, nan)
30) ('resnet50_robust_mapped_RIN_l2_1_0', 50.0, 2000, 2.0, nan)
31) ('resnet50_robust_mapped_RIN_l2_1_0', 100.0, 5000, 2.0, nan)
32) ('resnet50_robust_mapped_RIN_l2_3_0', 0.0, 0, 0.0, nan)
33) ('resnet50_robust_mapped_RIN_l2_3_0', 0.1, 200, 0.02, nan)
34) ('resnet50_robust_mapped_RIN_l2_3_0', 0.5, 200, 0.1, nan)
35) ('resnet50_robust_mapped_RIN_l2_3_0', 1.0, 200, 0.3, nan)
36) ('resnet50_robust_mapped_RIN_l2_3_0', 2.0, 200, 0.3, nan)
37) ('resnet50_robust_mapped_RIN_l2_3_0', 3.0, 200, 0.3, nan)
38) ('resnet50_robust_mapped_RIN_l2_3_0', 5.0, 500, 0.5, nan)
39) ('resnet50_robust_mapped_RIN_l2_3_0', 7.5, 500, 0.5, nan)
40) ('resnet50_robust_mapped_RIN_l2_3_0', 10.0, 500, 0.5, nan)
41) ('resnet50_robust_mapped_RIN_l2_3_0', 15.0, 500, 0.5, nan)
42) ('resnet50_robust_mapped_RIN_l2_3_0', 20.0, 1000, 0.5, nan)
43) ('resnet50_robust_mapped_RIN_l2_3_0', 25.0, 1000, 0.5, nan)
44) ('resnet50_robust_mapped_RIN_l2_3_0', 30.0, 2000, 2.0, nan)
45) ('resnet50_robust_mapped_RIN_l2_3_0', 40.0, 2000, 2.0, nan)
46) ('resnet50_robust_mapped_RIN_l2_3_0', 50.0, 2000, 2.0, nan)
47) ('resnet50_robust_mapped_RIN_l2_3_0', 100.0, 5000, 2.0, nan)
48) ('resnet50_vanilla_mapped_RIN', 0.0, 0, 0.0, nan)
49) ('resnet50_vanilla_mapped_RIN', 0.1, 200, 0.02, nan)
50) ('resnet50_vanilla_mapped_RIN', 0.5, 200, 0.1, nan)
51) ('resnet50_vanilla_mapped_RIN', 1.0, 200, 0.3, nan)
52) ('resnet50_vanilla_mapped_RIN', 2.0, 200, 0.3, nan)
53) ('resnet50_vanilla_mapped_RIN', 3.0, 200, 0.3, nan)
54) ('resnet50_vanilla_mapped_RIN', 5.0, 500, 0.5, nan)
55) ('resnet50_vanilla_mapped_RIN', 7.5, 500, 0.5, nan)
56) ('resnet50_vanilla_mapped_RIN', 10.0, 500, 0.5, nan)
57) ('resnet50_vanilla_mapped_RIN', 15.0, 500, 0.5, nan)
58) ('resnet50_vanilla_mapped_RIN', 20.0, 1000, 0.5, nan)
59) ('resnet50_vanilla_mapped_RIN', 25.0, 1000, 0.5, nan)
60) ('resnet50_vanilla_mapped_RIN', 30.0, 2000, 2.0, nan)
61) ('resnet50_vanilla_mapped_RIN', 40.0, 2000, 2.0, nan)
62) ('resnet50_vanilla_mapped_RIN', 50.0, 2000, 2.0, nan)
63) ('resnet50_vanilla_mapped_RIN', 100.0, 5000, 2.0, nan)
(*) group(model_name='resnet50_robust_mapped_RIN_l2_1_0', budget=30.0, n_iter=2000, step_size=2.0, interp_alpha=nan)
=> loading checkpoint '/project/3018078.01/Gaziv/Wormholes_FB/checkpoints/imagenet_l2_1_0.pt'
=> loaded checkpoint '/project/3018078.01/Gaziv/Wormholes_FB/checkpoints/imagenet_l2_1_0.pt' (epoch 181)
chunk [1/8]
chunk [2/8]
chunk [3/8]
chunk [4/8]
chunk [5/8]
chunk [6/8]
chunk [7/8]
chunk [8/8]
Model-subject [resnet50_robust_mapped_RIN_l2_1_0_v2]
=> loading checkpoint '/project/3018078.01/Gaziv/Wormholes_FB/checkpoints/imagenet_l2_1_0_v2.pt'
=> loaded checkpoint '/project/3018078.01/Gaziv/Wormholes_FB/checkpoints/imagenet_l2_1_0_v2.pt' (epoch 176)
Model-subject [resnet50_robust_mapped_RIN_l2_3_0_v2]
=> loading checkpoint '/project/3018078.01/Gaziv/Wormholes_FB/checkpoints/imagenet_l2_3_0_v2.pt'
=> loaded checkpoint '/project/3018078.01/Gaziv/Wormholes_FB/checkpoints/imagenet_l2_3_0_v2.pt' (epoch 131)
Model-subject [resnet50_robust_mapped_RIN_l2_10_0_v2]
=> loading checkpoint '/project/3018078.01/Gaziv/Wormholes_FB/checkpoints/imagenet_l2_10_0_v2.pt'
=> loaded checkpoint '/project/3018078.01/Gaziv/Wormholes_FB/checkpoints/imagenet_l2_10_0_v2.pt' (epoch 200)
Model-subject [resnet50_vanilla_mapped_RIN_v2]
=> loading checkpoint '/project/3018078.01/Gaziv/Wormholes_FB/checkpoints/imagenet_vanilla_v2.pt'
=> loaded checkpoint '/project/3018078.01/Gaziv/Wormholes_FB/checkpoints/imagenet_vanilla_v2.pt' (epoch 171)
Model-subject [resnet50_robust_mapped_RIN_l2_1_0]
=> loading checkpoint '/project/3018078.01/Gaziv/Wormholes_FB/checkpoints/imagenet_l2_1_0.pt'
=> loaded checkpoint '/project/3018078.01/Gaziv/Wormholes_FB/checkpoints/imagenet_l2_1_0.pt' (epoch 181)
Done.
Running iteration: 29
Job [29]
Total number of configs: 64
0) ('resnet50_robust_mapped_RIN_l2_10_0', 0.0, 0, 0.0, nan)
1) ('resnet50_robust_mapped_RIN_l2_10_0', 0.1, 200, 0.02, nan)
2) ('resnet50_robust_mapped_RIN_l2_10_0', 0.5, 200, 0.1, nan)
3) ('resnet50_robust_mapped_RIN_l2_10_0', 1.0, 200, 0.3, nan)
4) ('resnet50_robust_mapped_RIN_l2_10_0', 2.0, 200, 0.3, nan)
5) ('resnet50_robust_mapped_RIN_l2_10_0', 3.0, 200, 0.3, nan)
6) ('resnet50_robust_mapped_RIN_l2_10_0', 5.0, 500, 0.5, nan)
7) ('resnet50_robust_mapped_RIN_l2_10_0', 7.5, 500, 0.5, nan)
8) ('resnet50_robust_mapped_RIN_l2_10_0', 10.0, 500, 0.5, nan)
9) ('resnet50_robust_mapped_RIN_l2_10_0', 15.0, 500, 0.5, nan)
10) ('resnet50_robust_mapped_RIN_l2_10_0', 20.0, 1000, 0.5, nan)
11) ('resnet50_robust_mapped_RIN_l2_10_0', 25.0, 1000, 0.5, nan)
12) ('resnet50_robust_mapped_RIN_l2_10_0', 30.0, 2000, 2.0, nan)
13) ('resnet50_robust_mapped_RIN_l2_10_0', 40.0, 2000, 2.0, nan)
14) ('resnet50_robust_mapped_RIN_l2_10_0', 50.0, 2000, 2.0, nan)
15) ('resnet50_robust_mapped_RIN_l2_10_0', 100.0, 5000, 2.0, nan)
16) ('resnet50_robust_mapped_RIN_l2_1_0', 0.0, 0, 0.0, nan)
17) ('resnet50_robust_mapped_RIN_l2_1_0', 0.1, 200, 0.02, nan)
18) ('resnet50_robust_mapped_RIN_l2_1_0', 0.5, 200, 0.1, nan)
19) ('resnet50_robust_mapped_RIN_l2_1_0', 1.0, 200, 0.3, nan)
20) ('resnet50_robust_mapped_RIN_l2_1_0', 2.0, 200, 0.3, nan)
21) ('resnet50_robust_mapped_RIN_l2_1_0', 3.0, 200, 0.3, nan)
22) ('resnet50_robust_mapped_RIN_l2_1_0', 5.0, 500, 0.5, nan)
23) ('resnet50_robust_mapped_RIN_l2_1_0', 7.5, 500, 0.5, nan)
24) ('resnet50_robust_mapped_RIN_l2_1_0', 10.0, 500, 0.5, nan)
25) ('resnet50_robust_mapped_RIN_l2_1_0', 15.0, 500, 0.5, nan)
26) ('resnet50_robust_mapped_RIN_l2_1_0', 20.0, 1000, 0.5, nan)
27) ('resnet50_robust_mapped_RIN_l2_1_0', 25.0, 1000, 0.5, nan)
28) ('resnet50_robust_mapped_RIN_l2_1_0', 30.0, 2000, 2.0, nan)
29) ('resnet50_robust_mapped_RIN_l2_1_0', 40.0, 2000, 2.0, nan)
30) ('resnet50_robust_mapped_RIN_l2_1_0', 50.0, 2000, 2.0, nan)
31) ('resnet50_robust_mapped_RIN_l2_1_0', 100.0, 5000, 2.0, nan)
32) ('resnet50_robust_mapped_RIN_l2_3_0', 0.0, 0, 0.0, nan)
33) ('resnet50_robust_mapped_RIN_l2_3_0', 0.1, 200, 0.02, nan)
34) ('resnet50_robust_mapped_RIN_l2_3_0', 0.5, 200, 0.1, nan)
35) ('resnet50_robust_mapped_RIN_l2_3_0', 1.0, 200, 0.3, nan)
36) ('resnet50_robust_mapped_RIN_l2_3_0', 2.0, 200, 0.3, nan)
37) ('resnet50_robust_mapped_RIN_l2_3_0', 3.0, 200, 0.3, nan)
38) ('resnet50_robust_mapped_RIN_l2_3_0', 5.0, 500, 0.5, nan)
39) ('resnet50_robust_mapped_RIN_l2_3_0', 7.5, 500, 0.5, nan)
40) ('resnet50_robust_mapped_RIN_l2_3_0', 10.0, 500, 0.5, nan)
41) ('resnet50_robust_mapped_RIN_l2_3_0', 15.0, 500, 0.5, nan)
42) ('resnet50_robust_mapped_RIN_l2_3_0', 20.0, 1000, 0.5, nan)
43) ('resnet50_robust_mapped_RIN_l2_3_0', 25.0, 1000, 0.5, nan)
44) ('resnet50_robust_mapped_RIN_l2_3_0', 30.0, 2000, 2.0, nan)
45) ('resnet50_robust_mapped_RIN_l2_3_0', 40.0, 2000, 2.0, nan)
46) ('resnet50_robust_mapped_RIN_l2_3_0', 50.0, 2000, 2.0, nan)
47) ('resnet50_robust_mapped_RIN_l2_3_0', 100.0, 5000, 2.0, nan)
48) ('resnet50_vanilla_mapped_RIN', 0.0, 0, 0.0, nan)
49) ('resnet50_vanilla_mapped_RIN', 0.1, 200, 0.02, nan)
50) ('resnet50_vanilla_mapped_RIN', 0.5, 200, 0.1, nan)
51) ('resnet50_vanilla_mapped_RIN', 1.0, 200, 0.3, nan)
52) ('resnet50_vanilla_mapped_RIN', 2.0, 200, 0.3, nan)
53) ('resnet50_vanilla_mapped_RIN', 3.0, 200, 0.3, nan)
54) ('resnet50_vanilla_mapped_RIN', 5.0, 500, 0.5, nan)
55) ('resnet50_vanilla_mapped_RIN', 7.5, 500, 0.5, nan)
56) ('resnet50_vanilla_mapped_RIN', 10.0, 500, 0.5, nan)
57) ('resnet50_vanilla_mapped_RIN', 15.0, 500, 0.5, nan)
58) ('resnet50_vanilla_mapped_RIN', 20.0, 1000, 0.5, nan)
59) ('resnet50_vanilla_mapped_RIN', 25.0, 1000, 0.5, nan)
60) ('resnet50_vanilla_mapped_RIN', 30.0, 2000, 2.0, nan)
61) ('resnet50_vanilla_mapped_RIN', 40.0, 2000, 2.0, nan)
62) ('resnet50_vanilla_mapped_RIN', 50.0, 2000, 2.0, nan)
63) ('resnet50_vanilla_mapped_RIN', 100.0, 5000, 2.0, nan)
(*) group(model_name='resnet50_robust_mapped_RIN_l2_1_0', budget=40.0, n_iter=2000, step_size=2.0, interp_alpha=nan)
=> loading checkpoint '/project/3018078.01/Gaziv/Wormholes_FB/checkpoints/imagenet_l2_1_0.pt'
=> loaded checkpoint '/project/3018078.01/Gaziv/Wormholes_FB/checkpoints/imagenet_l2_1_0.pt' (epoch 181)
chunk [1/8]
chunk [2/8]
chunk [3/8]
chunk [4/8]
chunk [5/8]
chunk [6/8]
chunk [7/8]
chunk [8/8]
Model-subject [resnet50_robust_mapped_RIN_l2_1_0_v2]
=> loading checkpoint '/project/3018078.01/Gaziv/Wormholes_FB/checkpoints/imagenet_l2_1_0_v2.pt'
=> loaded checkpoint '/project/3018078.01/Gaziv/Wormholes_FB/checkpoints/imagenet_l2_1_0_v2.pt' (epoch 176)
Model-subject [resnet50_robust_mapped_RIN_l2_3_0_v2]
=> loading checkpoint '/project/3018078.01/Gaziv/Wormholes_FB/checkpoints/imagenet_l2_3_0_v2.pt'
=> loaded checkpoint '/project/3018078.01/Gaziv/Wormholes_FB/checkpoints/imagenet_l2_3_0_v2.pt' (epoch 131)
Model-subject [resnet50_robust_mapped_RIN_l2_10_0_v2]
=> loading checkpoint '/project/3018078.01/Gaziv/Wormholes_FB/checkpoints/imagenet_l2_10_0_v2.pt'
=> loaded checkpoint '/project/3018078.01/Gaziv/Wormholes_FB/checkpoints/imagenet_l2_10_0_v2.pt' (epoch 200)
Model-subject [resnet50_vanilla_mapped_RIN_v2]
=> loading checkpoint '/project/3018078.01/Gaziv/Wormholes_FB/checkpoints/imagenet_vanilla_v2.pt'
=> loaded checkpoint '/project/3018078.01/Gaziv/Wormholes_FB/checkpoints/imagenet_vanilla_v2.pt' (epoch 171)
Model-subject [resnet50_robust_mapped_RIN_l2_1_0]
=> loading checkpoint '/project/3018078.01/Gaziv/Wormholes_FB/checkpoints/imagenet_l2_1_0.pt'
=> loaded checkpoint '/project/3018078.01/Gaziv/Wormholes_FB/checkpoints/imagenet_l2_1_0.pt' (epoch 181)
Done.
Running iteration: 30
Job [30]
Total number of configs: 64
0) ('resnet50_robust_mapped_RIN_l2_10_0', 0.0, 0, 0.0, nan)
1) ('resnet50_robust_mapped_RIN_l2_10_0', 0.1, 200, 0.02, nan)
2) ('resnet50_robust_mapped_RIN_l2_10_0', 0.5, 200, 0.1, nan)
3) ('resnet50_robust_mapped_RIN_l2_10_0', 1.0, 200, 0.3, nan)
4) ('resnet50_robust_mapped_RIN_l2_10_0', 2.0, 200, 0.3, nan)
5) ('resnet50_robust_mapped_RIN_l2_10_0', 3.0, 200, 0.3, nan)
6) ('resnet50_robust_mapped_RIN_l2_10_0', 5.0, 500, 0.5, nan)
7) ('resnet50_robust_mapped_RIN_l2_10_0', 7.5, 500, 0.5, nan)
8) ('resnet50_robust_mapped_RIN_l2_10_0', 10.0, 500, 0.5, nan)
9) ('resnet50_robust_mapped_RIN_l2_10_0', 15.0, 500, 0.5, nan)
10) ('resnet50_robust_mapped_RIN_l2_10_0', 20.0, 1000, 0.5, nan)
11) ('resnet50_robust_mapped_RIN_l2_10_0', 25.0, 1000, 0.5, nan)
12) ('resnet50_robust_mapped_RIN_l2_10_0', 30.0, 2000, 2.0, nan)
13) ('resnet50_robust_mapped_RIN_l2_10_0', 40.0, 2000, 2.0, nan)
14) ('resnet50_robust_mapped_RIN_l2_10_0', 50.0, 2000, 2.0, nan)
15) ('resnet50_robust_mapped_RIN_l2_10_0', 100.0, 5000, 2.0, nan)
16) ('resnet50_robust_mapped_RIN_l2_1_0', 0.0, 0, 0.0, nan)
17) ('resnet50_robust_mapped_RIN_l2_1_0', 0.1, 200, 0.02, nan)
18) ('resnet50_robust_mapped_RIN_l2_1_0', 0.5, 200, 0.1, nan)
19) ('resnet50_robust_mapped_RIN_l2_1_0', 1.0, 200, 0.3, nan)
20) ('resnet50_robust_mapped_RIN_l2_1_0', 2.0, 200, 0.3, nan)
21) ('resnet50_robust_mapped_RIN_l2_1_0', 3.0, 200, 0.3, nan)
22) ('resnet50_robust_mapped_RIN_l2_1_0', 5.0, 500, 0.5, nan)
23) ('resnet50_robust_mapped_RIN_l2_1_0', 7.5, 500, 0.5, nan)
24) ('resnet50_robust_mapped_RIN_l2_1_0', 10.0, 500, 0.5, nan)
25) ('resnet50_robust_mapped_RIN_l2_1_0', 15.0, 500, 0.5, nan)
26) ('resnet50_robust_mapped_RIN_l2_1_0', 20.0, 1000, 0.5, nan)
27) ('resnet50_robust_mapped_RIN_l2_1_0', 25.0, 1000, 0.5, nan)
28) ('resnet50_robust_mapped_RIN_l2_1_0', 30.0, 2000, 2.0, nan)
29) ('resnet50_robust_mapped_RIN_l2_1_0', 40.0, 2000, 2.0, nan)
30) ('resnet50_robust_mapped_RIN_l2_1_0', 50.0, 2000, 2.0, nan)
31) ('resnet50_robust_mapped_RIN_l2_1_0', 100.0, 5000, 2.0, nan)
32) ('resnet50_robust_mapped_RIN_l2_3_0', 0.0, 0, 0.0, nan)
33) ('resnet50_robust_mapped_RIN_l2_3_0', 0.1, 200, 0.02, nan)
34) ('resnet50_robust_mapped_RIN_l2_3_0', 0.5, 200, 0.1, nan)
35) ('resnet50_robust_mapped_RIN_l2_3_0', 1.0, 200, 0.3, nan)
36) ('resnet50_robust_mapped_RIN_l2_3_0', 2.0, 200, 0.3, nan)
37) ('resnet50_robust_mapped_RIN_l2_3_0', 3.0, 200, 0.3, nan)
38) ('resnet50_robust_mapped_RIN_l2_3_0', 5.0, 500, 0.5, nan)
39) ('resnet50_robust_mapped_RIN_l2_3_0', 7.5, 500, 0.5, nan)
40) ('resnet50_robust_mapped_RIN_l2_3_0', 10.0, 500, 0.5, nan)
41) ('resnet50_robust_mapped_RIN_l2_3_0', 15.0, 500, 0.5, nan)
42) ('resnet50_robust_mapped_RIN_l2_3_0', 20.0, 1000, 0.5, nan)
43) ('resnet50_robust_mapped_RIN_l2_3_0', 25.0, 1000, 0.5, nan)
44) ('resnet50_robust_mapped_RIN_l2_3_0', 30.0, 2000, 2.0, nan)
45) ('resnet50_robust_mapped_RIN_l2_3_0', 40.0, 2000, 2.0, nan)
46) ('resnet50_robust_mapped_RIN_l2_3_0', 50.0, 2000, 2.0, nan)
47) ('resnet50_robust_mapped_RIN_l2_3_0', 100.0, 5000, 2.0, nan)
48) ('resnet50_vanilla_mapped_RIN', 0.0, 0, 0.0, nan)
49) ('resnet50_vanilla_mapped_RIN', 0.1, 200, 0.02, nan)
50) ('resnet50_vanilla_mapped_RIN', 0.5, 200, 0.1, nan)
51) ('resnet50_vanilla_mapped_RIN', 1.0, 200, 0.3, nan)
52) ('resnet50_vanilla_mapped_RIN', 2.0, 200, 0.3, nan)
53) ('resnet50_vanilla_mapped_RIN', 3.0, 200, 0.3, nan)
54) ('resnet50_vanilla_mapped_RIN', 5.0, 500, 0.5, nan)
55) ('resnet50_vanilla_mapped_RIN', 7.5, 500, 0.5, nan)
56) ('resnet50_vanilla_mapped_RIN', 10.0, 500, 0.5, nan)
57) ('resnet50_vanilla_mapped_RIN', 15.0, 500, 0.5, nan)
58) ('resnet50_vanilla_mapped_RIN', 20.0, 1000, 0.5, nan)
59) ('resnet50_vanilla_mapped_RIN', 25.0, 1000, 0.5, nan)
60) ('resnet50_vanilla_mapped_RIN', 30.0, 2000, 2.0, nan)
61) ('resnet50_vanilla_mapped_RIN', 40.0, 2000, 2.0, nan)
62) ('resnet50_vanilla_mapped_RIN', 50.0, 2000, 2.0, nan)
63) ('resnet50_vanilla_mapped_RIN', 100.0, 5000, 2.0, nan)
(*) group(model_name='resnet50_robust_mapped_RIN_l2_1_0', budget=50.0, n_iter=2000, step_size=2.0, interp_alpha=nan)
=> loading checkpoint '/project/3018078.01/Gaziv/Wormholes_FB/checkpoints/imagenet_l2_1_0.pt'
=> loaded checkpoint '/project/3018078.01/Gaziv/Wormholes_FB/checkpoints/imagenet_l2_1_0.pt' (epoch 181)
chunk [1/8]
chunk [2/8]
chunk [3/8]
chunk [4/8]
chunk [5/8]
chunk [6/8]
chunk [7/8]
chunk [8/8]
Model-subject [resnet50_robust_mapped_RIN_l2_1_0_v2]
=> loading checkpoint '/project/3018078.01/Gaziv/Wormholes_FB/checkpoints/imagenet_l2_1_0_v2.pt'
=> loaded checkpoint '/project/3018078.01/Gaziv/Wormholes_FB/checkpoints/imagenet_l2_1_0_v2.pt' (epoch 176)
Model-subject [resnet50_robust_mapped_RIN_l2_3_0_v2]
=> loading checkpoint '/project/3018078.01/Gaziv/Wormholes_FB/checkpoints/imagenet_l2_3_0_v2.pt'
=> loaded checkpoint '/project/3018078.01/Gaziv/Wormholes_FB/checkpoints/imagenet_l2_3_0_v2.pt' (epoch 131)
Model-subject [resnet50_robust_mapped_RIN_l2_10_0_v2]
=> loading checkpoint '/project/3018078.01/Gaziv/Wormholes_FB/checkpoints/imagenet_l2_10_0_v2.pt'
=> loaded checkpoint '/project/3018078.01/Gaziv/Wormholes_FB/checkpoints/imagenet_l2_10_0_v2.pt' (epoch 200)
Model-subject [resnet50_vanilla_mapped_RIN_v2]
=> loading checkpoint '/project/3018078.01/Gaziv/Wormholes_FB/checkpoints/imagenet_vanilla_v2.pt'
=> loaded checkpoint '/project/3018078.01/Gaziv/Wormholes_FB/checkpoints/imagenet_vanilla_v2.pt' (epoch 171)
Model-subject [resnet50_robust_mapped_RIN_l2_1_0]
=> loading checkpoint '/project/3018078.01/Gaziv/Wormholes_FB/checkpoints/imagenet_l2_1_0.pt'
=> loaded checkpoint '/project/3018078.01/Gaziv/Wormholes_FB/checkpoints/imagenet_l2_1_0.pt' (epoch 181)
Done.
Running iteration: 31
Job [31]
Total number of configs: 64
0) ('resnet50_robust_mapped_RIN_l2_10_0', 0.0, 0, 0.0, nan)
1) ('resnet50_robust_mapped_RIN_l2_10_0', 0.1, 200, 0.02, nan)
2) ('resnet50_robust_mapped_RIN_l2_10_0', 0.5, 200, 0.1, nan)
3) ('resnet50_robust_mapped_RIN_l2_10_0', 1.0, 200, 0.3, nan)
4) ('resnet50_robust_mapped_RIN_l2_10_0', 2.0, 200, 0.3, nan)
5) ('resnet50_robust_mapped_RIN_l2_10_0', 3.0, 200, 0.3, nan)
6) ('resnet50_robust_mapped_RIN_l2_10_0', 5.0, 500, 0.5, nan)
7) ('resnet50_robust_mapped_RIN_l2_10_0', 7.5, 500, 0.5, nan)
8) ('resnet50_robust_mapped_RIN_l2_10_0', 10.0, 500, 0.5, nan)
9) ('resnet50_robust_mapped_RIN_l2_10_0', 15.0, 500, 0.5, nan)
10) ('resnet50_robust_mapped_RIN_l2_10_0', 20.0, 1000, 0.5, nan)
11) ('resnet50_robust_mapped_RIN_l2_10_0', 25.0, 1000, 0.5, nan)
12) ('resnet50_robust_mapped_RIN_l2_10_0', 30.0, 2000, 2.0, nan)
13) ('resnet50_robust_mapped_RIN_l2_10_0', 40.0, 2000, 2.0, nan)
14) ('resnet50_robust_mapped_RIN_l2_10_0', 50.0, 2000, 2.0, nan)
15) ('resnet50_robust_mapped_RIN_l2_10_0', 100.0, 5000, 2.0, nan)
16) ('resnet50_robust_mapped_RIN_l2_1_0', 0.0, 0, 0.0, nan)
17) ('resnet50_robust_mapped_RIN_l2_1_0', 0.1, 200, 0.02, nan)
18) ('resnet50_robust_mapped_RIN_l2_1_0', 0.5, 200, 0.1, nan)
19) ('resnet50_robust_mapped_RIN_l2_1_0', 1.0, 200, 0.3, nan)
20) ('resnet50_robust_mapped_RIN_l2_1_0', 2.0, 200, 0.3, nan)
21) ('resnet50_robust_mapped_RIN_l2_1_0', 3.0, 200, 0.3, nan)
22) ('resnet50_robust_mapped_RIN_l2_1_0', 5.0, 500, 0.5, nan)
23) ('resnet50_robust_mapped_RIN_l2_1_0', 7.5, 500, 0.5, nan)
24) ('resnet50_robust_mapped_RIN_l2_1_0', 10.0, 500, 0.5, nan)
25) ('resnet50_robust_mapped_RIN_l2_1_0', 15.0, 500, 0.5, nan)
26) ('resnet50_robust_mapped_RIN_l2_1_0', 20.0, 1000, 0.5, nan)
27) ('resnet50_robust_mapped_RIN_l2_1_0', 25.0, 1000, 0.5, nan)
28) ('resnet50_robust_mapped_RIN_l2_1_0', 30.0, 2000, 2.0, nan)
29) ('resnet50_robust_mapped_RIN_l2_1_0', 40.0, 2000, 2.0, nan)
30) ('resnet50_robust_mapped_RIN_l2_1_0', 50.0, 2000, 2.0, nan)
31) ('resnet50_robust_mapped_RIN_l2_1_0', 100.0, 5000, 2.0, nan)
32) ('resnet50_robust_mapped_RIN_l2_3_0', 0.0, 0, 0.0, nan)
33) ('resnet50_robust_mapped_RIN_l2_3_0', 0.1, 200, 0.02, nan)
34) ('resnet50_robust_mapped_RIN_l2_3_0', 0.5, 200, 0.1, nan)
35) ('resnet50_robust_mapped_RIN_l2_3_0', 1.0, 200, 0.3, nan)
36) ('resnet50_robust_mapped_RIN_l2_3_0', 2.0, 200, 0.3, nan)
37) ('resnet50_robust_mapped_RIN_l2_3_0', 3.0, 200, 0.3, nan)
38) ('resnet50_robust_mapped_RIN_l2_3_0', 5.0, 500, 0.5, nan)
39) ('resnet50_robust_mapped_RIN_l2_3_0', 7.5, 500, 0.5, nan)
40) ('resnet50_robust_mapped_RIN_l2_3_0', 10.0, 500, 0.5, nan)
41) ('resnet50_robust_mapped_RIN_l2_3_0', 15.0, 500, 0.5, nan)
42) ('resnet50_robust_mapped_RIN_l2_3_0', 20.0, 1000, 0.5, nan)
43) ('resnet50_robust_mapped_RIN_l2_3_0', 25.0, 1000, 0.5, nan)
44) ('resnet50_robust_mapped_RIN_l2_3_0', 30.0, 2000, 2.0, nan)
45) ('resnet50_robust_mapped_RIN_l2_3_0', 40.0, 2000, 2.0, nan)
46) ('resnet50_robust_mapped_RIN_l2_3_0', 50.0, 2000, 2.0, nan)
47) ('resnet50_robust_mapped_RIN_l2_3_0', 100.0, 5000, 2.0, nan)
48) ('resnet50_vanilla_mapped_RIN', 0.0, 0, 0.0, nan)
49) ('resnet50_vanilla_mapped_RIN', 0.1, 200, 0.02, nan)
50) ('resnet50_vanilla_mapped_RIN', 0.5, 200, 0.1, nan)
51) ('resnet50_vanilla_mapped_RIN', 1.0, 200, 0.3, nan)
52) ('resnet50_vanilla_mapped_RIN', 2.0, 200, 0.3, nan)
53) ('resnet50_vanilla_mapped_RIN', 3.0, 200, 0.3, nan)
54) ('resnet50_vanilla_mapped_RIN', 5.0, 500, 0.5, nan)
55) ('resnet50_vanilla_mapped_RIN', 7.5, 500, 0.5, nan)
56) ('resnet50_vanilla_mapped_RIN', 10.0, 500, 0.5, nan)
57) ('resnet50_vanilla_mapped_RIN', 15.0, 500, 0.5, nan)
58) ('resnet50_vanilla_mapped_RIN', 20.0, 1000, 0.5, nan)
59) ('resnet50_vanilla_mapped_RIN', 25.0, 1000, 0.5, nan)
60) ('resnet50_vanilla_mapped_RIN', 30.0, 2000, 2.0, nan)
61) ('resnet50_vanilla_mapped_RIN', 40.0, 2000, 2.0, nan)
62) ('resnet50_vanilla_mapped_RIN', 50.0, 2000, 2.0, nan)
63) ('resnet50_vanilla_mapped_RIN', 100.0, 5000, 2.0, nan)
(*) group(model_name='resnet50_robust_mapped_RIN_l2_1_0', budget=100.0, n_iter=5000, step_size=2.0, interp_alpha=nan)
=> loading checkpoint '/project/3018078.01/Gaziv/Wormholes_FB/checkpoints/imagenet_l2_1_0.pt'
=> loaded checkpoint '/project/3018078.01/Gaziv/Wormholes_FB/checkpoints/imagenet_l2_1_0.pt' (epoch 181)
chunk [1/8]
chunk [2/8]
chunk [3/8]
chunk [4/8]
chunk [5/8]
chunk [6/8]
chunk [7/8]
chunk [8/8]
Model-subject [resnet50_robust_mapped_RIN_l2_1_0_v2]
=> loading checkpoint '/project/3018078.01/Gaziv/Wormholes_FB/checkpoints/imagenet_l2_1_0_v2.pt'
=> loaded checkpoint '/project/3018078.01/Gaziv/Wormholes_FB/checkpoints/imagenet_l2_1_0_v2.pt' (epoch 176)
Model-subject [resnet50_robust_mapped_RIN_l2_3_0_v2]
=> loading checkpoint '/project/3018078.01/Gaziv/Wormholes_FB/checkpoints/imagenet_l2_3_0_v2.pt'
=> loaded checkpoint '/project/3018078.01/Gaziv/Wormholes_FB/checkpoints/imagenet_l2_3_0_v2.pt' (epoch 131)
Model-subject [resnet50_robust_mapped_RIN_l2_10_0_v2]
=> loading checkpoint '/project/3018078.01/Gaziv/Wormholes_FB/checkpoints/imagenet_l2_10_0_v2.pt'
=> loaded checkpoint '/project/3018078.01/Gaziv/Wormholes_FB/checkpoints/imagenet_l2_10_0_v2.pt' (epoch 200)
Model-subject [resnet50_vanilla_mapped_RIN_v2]
=> loading checkpoint '/project/3018078.01/Gaziv/Wormholes_FB/checkpoints/imagenet_vanilla_v2.pt'
=> loaded checkpoint '/project/3018078.01/Gaziv/Wormholes_FB/checkpoints/imagenet_vanilla_v2.pt' (epoch 171)
Model-subject [resnet50_robust_mapped_RIN_l2_1_0]
=> loading checkpoint '/project/3018078.01/Gaziv/Wormholes_FB/checkpoints/imagenet_l2_1_0.pt'
=> loaded checkpoint '/project/3018078.01/Gaziv/Wormholes_FB/checkpoints/imagenet_l2_1_0.pt' (epoch 181)
Done.
Running iteration: 32
Job [32]
Total number of configs: 64
0) ('resnet50_robust_mapped_RIN_l2_10_0', 0.0, 0, 0.0, nan)
1) ('resnet50_robust_mapped_RIN_l2_10_0', 0.1, 200, 0.02, nan)
2) ('resnet50_robust_mapped_RIN_l2_10_0', 0.5, 200, 0.1, nan)
3) ('resnet50_robust_mapped_RIN_l2_10_0', 1.0, 200, 0.3, nan)
4) ('resnet50_robust_mapped_RIN_l2_10_0', 2.0, 200, 0.3, nan)
5) ('resnet50_robust_mapped_RIN_l2_10_0', 3.0, 200, 0.3, nan)
6) ('resnet50_robust_mapped_RIN_l2_10_0', 5.0, 500, 0.5, nan)
7) ('resnet50_robust_mapped_RIN_l2_10_0', 7.5, 500, 0.5, nan)
8) ('resnet50_robust_mapped_RIN_l2_10_0', 10.0, 500, 0.5, nan)
9) ('resnet50_robust_mapped_RIN_l2_10_0', 15.0, 500, 0.5, nan)
10) ('resnet50_robust_mapped_RIN_l2_10_0', 20.0, 1000, 0.5, nan)
11) ('resnet50_robust_mapped_RIN_l2_10_0', 25.0, 1000, 0.5, nan)
12) ('resnet50_robust_mapped_RIN_l2_10_0', 30.0, 2000, 2.0, nan)
13) ('resnet50_robust_mapped_RIN_l2_10_0', 40.0, 2000, 2.0, nan)
14) ('resnet50_robust_mapped_RIN_l2_10_0', 50.0, 2000, 2.0, nan)
15) ('resnet50_robust_mapped_RIN_l2_10_0', 100.0, 5000, 2.0, nan)
16) ('resnet50_robust_mapped_RIN_l2_1_0', 0.0, 0, 0.0, nan)
17) ('resnet50_robust_mapped_RIN_l2_1_0', 0.1, 200, 0.02, nan)
18) ('resnet50_robust_mapped_RIN_l2_1_0', 0.5, 200, 0.1, nan)
19) ('resnet50_robust_mapped_RIN_l2_1_0', 1.0, 200, 0.3, nan)
20) ('resnet50_robust_mapped_RIN_l2_1_0', 2.0, 200, 0.3, nan)
21) ('resnet50_robust_mapped_RIN_l2_1_0', 3.0, 200, 0.3, nan)
22) ('resnet50_robust_mapped_RIN_l2_1_0', 5.0, 500, 0.5, nan)
23) ('resnet50_robust_mapped_RIN_l2_1_0', 7.5, 500, 0.5, nan)
24) ('resnet50_robust_mapped_RIN_l2_1_0', 10.0, 500, 0.5, nan)
25) ('resnet50_robust_mapped_RIN_l2_1_0', 15.0, 500, 0.5, nan)
26) ('resnet50_robust_mapped_RIN_l2_1_0', 20.0, 1000, 0.5, nan)
27) ('resnet50_robust_mapped_RIN_l2_1_0', 25.0, 1000, 0.5, nan)
28) ('resnet50_robust_mapped_RIN_l2_1_0', 30.0, 2000, 2.0, nan)
29) ('resnet50_robust_mapped_RIN_l2_1_0', 40.0, 2000, 2.0, nan)
30) ('resnet50_robust_mapped_RIN_l2_1_0', 50.0, 2000, 2.0, nan)
31) ('resnet50_robust_mapped_RIN_l2_1_0', 100.0, 5000, 2.0, nan)
32) ('resnet50_robust_mapped_RIN_l2_3_0', 0.0, 0, 0.0, nan)
33) ('resnet50_robust_mapped_RIN_l2_3_0', 0.1, 200, 0.02, nan)
34) ('resnet50_robust_mapped_RIN_l2_3_0', 0.5, 200, 0.1, nan)
35) ('resnet50_robust_mapped_RIN_l2_3_0', 1.0, 200, 0.3, nan)
36) ('resnet50_robust_mapped_RIN_l2_3_0', 2.0, 200, 0.3, nan)
37) ('resnet50_robust_mapped_RIN_l2_3_0', 3.0, 200, 0.3, nan)
38) ('resnet50_robust_mapped_RIN_l2_3_0', 5.0, 500, 0.5, nan)
39) ('resnet50_robust_mapped_RIN_l2_3_0', 7.5, 500, 0.5, nan)
40) ('resnet50_robust_mapped_RIN_l2_3_0', 10.0, 500, 0.5, nan)
41) ('resnet50_robust_mapped_RIN_l2_3_0', 15.0, 500, 0.5, nan)
42) ('resnet50_robust_mapped_RIN_l2_3_0', 20.0, 1000, 0.5, nan)
43) ('resnet50_robust_mapped_RIN_l2_3_0', 25.0, 1000, 0.5, nan)
44) ('resnet50_robust_mapped_RIN_l2_3_0', 30.0, 2000, 2.0, nan)
45) ('resnet50_robust_mapped_RIN_l2_3_0', 40.0, 2000, 2.0, nan)
46) ('resnet50_robust_mapped_RIN_l2_3_0', 50.0, 2000, 2.0, nan)
47) ('resnet50_robust_mapped_RIN_l2_3_0', 100.0, 5000, 2.0, nan)
48) ('resnet50_vanilla_mapped_RIN', 0.0, 0, 0.0, nan)
49) ('resnet50_vanilla_mapped_RIN', 0.1, 200, 0.02, nan)
50) ('resnet50_vanilla_mapped_RIN', 0.5, 200, 0.1, nan)
51) ('resnet50_vanilla_mapped_RIN', 1.0, 200, 0.3, nan)
52) ('resnet50_vanilla_mapped_RIN', 2.0, 200, 0.3, nan)
53) ('resnet50_vanilla_mapped_RIN', 3.0, 200, 0.3, nan)
54) ('resnet50_vanilla_mapped_RIN', 5.0, 500, 0.5, nan)
55) ('resnet50_vanilla_mapped_RIN', 7.5, 500, 0.5, nan)
56) ('resnet50_vanilla_mapped_RIN', 10.0, 500, 0.5, nan)
57) ('resnet50_vanilla_mapped_RIN', 15.0, 500, 0.5, nan)
58) ('resnet50_vanilla_mapped_RIN', 20.0, 1000, 0.5, nan)
59) ('resnet50_vanilla_mapped_RIN', 25.0, 1000, 0.5, nan)
60) ('resnet50_vanilla_mapped_RIN', 30.0, 2000, 2.0, nan)
61) ('resnet50_vanilla_mapped_RIN', 40.0, 2000, 2.0, nan)
62) ('resnet50_vanilla_mapped_RIN', 50.0, 2000, 2.0, nan)
63) ('resnet50_vanilla_mapped_RIN', 100.0, 5000, 2.0, nan)
(*) group(model_name='resnet50_robust_mapped_RIN_l2_3_0', budget=0.0, n_iter=0, step_size=0.0, interp_alpha=nan)
=> loading checkpoint '/project/3018078.01/Gaziv/Wormholes_FB/checkpoints/imagenet_l2_3_0.pt'
=> loaded checkpoint '/project/3018078.01/Gaziv/Wormholes_FB/checkpoints/imagenet_l2_3_0.pt' (epoch 105)
chunk [1/8]
chunk [2/8]
chunk [3/8]
chunk [4/8]
chunk [5/8]
chunk [6/8]
chunk [7/8]
chunk [8/8]
Model-subject [resnet50_robust_mapped_RIN_l2_1_0_v2]
=> loading checkpoint '/project/3018078.01/Gaziv/Wormholes_FB/checkpoints/imagenet_l2_1_0_v2.pt'
=> loaded checkpoint '/project/3018078.01/Gaziv/Wormholes_FB/checkpoints/imagenet_l2_1_0_v2.pt' (epoch 176)
Model-subject [resnet50_robust_mapped_RIN_l2_3_0_v2]
=> loading checkpoint '/project/3018078.01/Gaziv/Wormholes_FB/checkpoints/imagenet_l2_3_0_v2.pt'
=> loaded checkpoint '/project/3018078.01/Gaziv/Wormholes_FB/checkpoints/imagenet_l2_3_0_v2.pt' (epoch 131)
Model-subject [resnet50_robust_mapped_RIN_l2_10_0_v2]
=> loading checkpoint '/project/3018078.01/Gaziv/Wormholes_FB/checkpoints/imagenet_l2_10_0_v2.pt'
=> loaded checkpoint '/project/3018078.01/Gaziv/Wormholes_FB/checkpoints/imagenet_l2_10_0_v2.pt' (epoch 200)
Model-subject [resnet50_vanilla_mapped_RIN_v2]
=> loading checkpoint '/project/3018078.01/Gaziv/Wormholes_FB/checkpoints/imagenet_vanilla_v2.pt'
=> loaded checkpoint '/project/3018078.01/Gaziv/Wormholes_FB/checkpoints/imagenet_vanilla_v2.pt' (epoch 171)
Model-subject [resnet50_robust_mapped_RIN_l2_3_0]
=> loading checkpoint '/project/3018078.01/Gaziv/Wormholes_FB/checkpoints/imagenet_l2_3_0.pt'
=> loaded checkpoint '/project/3018078.01/Gaziv/Wormholes_FB/checkpoints/imagenet_l2_3_0.pt' (epoch 105)
Done.
Running iteration: 33
Job [33]
Total number of configs: 64
0) ('resnet50_robust_mapped_RIN_l2_10_0', 0.0, 0, 0.0, nan)
1) ('resnet50_robust_mapped_RIN_l2_10_0', 0.1, 200, 0.02, nan)
2) ('resnet50_robust_mapped_RIN_l2_10_0', 0.5, 200, 0.1, nan)
3) ('resnet50_robust_mapped_RIN_l2_10_0', 1.0, 200, 0.3, nan)
4) ('resnet50_robust_mapped_RIN_l2_10_0', 2.0, 200, 0.3, nan)
5) ('resnet50_robust_mapped_RIN_l2_10_0', 3.0, 200, 0.3, nan)
6) ('resnet50_robust_mapped_RIN_l2_10_0', 5.0, 500, 0.5, nan)
7) ('resnet50_robust_mapped_RIN_l2_10_0', 7.5, 500, 0.5, nan)
8) ('resnet50_robust_mapped_RIN_l2_10_0', 10.0, 500, 0.5, nan)
9) ('resnet50_robust_mapped_RIN_l2_10_0', 15.0, 500, 0.5, nan)
10) ('resnet50_robust_mapped_RIN_l2_10_0', 20.0, 1000, 0.5, nan)
11) ('resnet50_robust_mapped_RIN_l2_10_0', 25.0, 1000, 0.5, nan)
12) ('resnet50_robust_mapped_RIN_l2_10_0', 30.0, 2000, 2.0, nan)
13) ('resnet50_robust_mapped_RIN_l2_10_0', 40.0, 2000, 2.0, nan)
14) ('resnet50_robust_mapped_RIN_l2_10_0', 50.0, 2000, 2.0, nan)
15) ('resnet50_robust_mapped_RIN_l2_10_0', 100.0, 5000, 2.0, nan)
16) ('resnet50_robust_mapped_RIN_l2_1_0', 0.0, 0, 0.0, nan)
17) ('resnet50_robust_mapped_RIN_l2_1_0', 0.1, 200, 0.02, nan)
18) ('resnet50_robust_mapped_RIN_l2_1_0', 0.5, 200, 0.1, nan)
19) ('resnet50_robust_mapped_RIN_l2_1_0', 1.0, 200, 0.3, nan)
20) ('resnet50_robust_mapped_RIN_l2_1_0', 2.0, 200, 0.3, nan)
21) ('resnet50_robust_mapped_RIN_l2_1_0', 3.0, 200, 0.3, nan)
22) ('resnet50_robust_mapped_RIN_l2_1_0', 5.0, 500, 0.5, nan)
23) ('resnet50_robust_mapped_RIN_l2_1_0', 7.5, 500, 0.5, nan)
24) ('resnet50_robust_mapped_RIN_l2_1_0', 10.0, 500, 0.5, nan)
25) ('resnet50_robust_mapped_RIN_l2_1_0', 15.0, 500, 0.5, nan)
26) ('resnet50_robust_mapped_RIN_l2_1_0', 20.0, 1000, 0.5, nan)
27) ('resnet50_robust_mapped_RIN_l2_1_0', 25.0, 1000, 0.5, nan)
28) ('resnet50_robust_mapped_RIN_l2_1_0', 30.0, 2000, 2.0, nan)
29) ('resnet50_robust_mapped_RIN_l2_1_0', 40.0, 2000, 2.0, nan)
30) ('resnet50_robust_mapped_RIN_l2_1_0', 50.0, 2000, 2.0, nan)
31) ('resnet50_robust_mapped_RIN_l2_1_0', 100.0, 5000, 2.0, nan)
32) ('resnet50_robust_mapped_RIN_l2_3_0', 0.0, 0, 0.0, nan)
33) ('resnet50_robust_mapped_RIN_l2_3_0', 0.1, 200, 0.02, nan)
34) ('resnet50_robust_mapped_RIN_l2_3_0', 0.5, 200, 0.1, nan)
35) ('resnet50_robust_mapped_RIN_l2_3_0', 1.0, 200, 0.3, nan)
36) ('resnet50_robust_mapped_RIN_l2_3_0', 2.0, 200, 0.3, nan)
37) ('resnet50_robust_mapped_RIN_l2_3_0', 3.0, 200, 0.3, nan)
38) ('resnet50_robust_mapped_RIN_l2_3_0', 5.0, 500, 0.5, nan)
39) ('resnet50_robust_mapped_RIN_l2_3_0', 7.5, 500, 0.5, nan)
40) ('resnet50_robust_mapped_RIN_l2_3_0', 10.0, 500, 0.5, nan)
41) ('resnet50_robust_mapped_RIN_l2_3_0', 15.0, 500, 0.5, nan)
42) ('resnet50_robust_mapped_RIN_l2_3_0', 20.0, 1000, 0.5, nan)
43) ('resnet50_robust_mapped_RIN_l2_3_0', 25.0, 1000, 0.5, nan)
44) ('resnet50_robust_mapped_RIN_l2_3_0', 30.0, 2000, 2.0, nan)
45) ('resnet50_robust_mapped_RIN_l2_3_0', 40.0, 2000, 2.0, nan)
46) ('resnet50_robust_mapped_RIN_l2_3_0', 50.0, 2000, 2.0, nan)
47) ('resnet50_robust_mapped_RIN_l2_3_0', 100.0, 5000, 2.0, nan)
48) ('resnet50_vanilla_mapped_RIN', 0.0, 0, 0.0, nan)
49) ('resnet50_vanilla_mapped_RIN', 0.1, 200, 0.02, nan)
50) ('resnet50_vanilla_mapped_RIN', 0.5, 200, 0.1, nan)
51) ('resnet50_vanilla_mapped_RIN', 1.0, 200, 0.3, nan)
52) ('resnet50_vanilla_mapped_RIN', 2.0, 200, 0.3, nan)
53) ('resnet50_vanilla_mapped_RIN', 3.0, 200, 0.3, nan)
54) ('resnet50_vanilla_mapped_RIN', 5.0, 500, 0.5, nan)
55) ('resnet50_vanilla_mapped_RIN', 7.5, 500, 0.5, nan)
56) ('resnet50_vanilla_mapped_RIN', 10.0, 500, 0.5, nan)
57) ('resnet50_vanilla_mapped_RIN', 15.0, 500, 0.5, nan)
58) ('resnet50_vanilla_mapped_RIN', 20.0, 1000, 0.5, nan)
59) ('resnet50_vanilla_mapped_RIN', 25.0, 1000, 0.5, nan)
60) ('resnet50_vanilla_mapped_RIN', 30.0, 2000, 2.0, nan)
61) ('resnet50_vanilla_mapped_RIN', 40.0, 2000, 2.0, nan)
62) ('resnet50_vanilla_mapped_RIN', 50.0, 2000, 2.0, nan)
63) ('resnet50_vanilla_mapped_RIN', 100.0, 5000, 2.0, nan)
(*) group(model_name='resnet50_robust_mapped_RIN_l2_3_0', budget=0.1, n_iter=200, step_size=0.02, interp_alpha=nan)
=> loading checkpoint '/project/3018078.01/Gaziv/Wormholes_FB/checkpoints/imagenet_l2_3_0.pt'
=> loaded checkpoint '/project/3018078.01/Gaziv/Wormholes_FB/checkpoints/imagenet_l2_3_0.pt' (epoch 105)
chunk [1/8]
chunk [2/8]
chunk [3/8]
chunk [4/8]
chunk [5/8]
chunk [6/8]
chunk [7/8]
chunk [8/8]
Model-subject [resnet50_robust_mapped_RIN_l2_1_0_v2]
=> loading checkpoint '/project/3018078.01/Gaziv/Wormholes_FB/checkpoints/imagenet_l2_1_0_v2.pt'
=> loaded checkpoint '/project/3018078.01/Gaziv/Wormholes_FB/checkpoints/imagenet_l2_1_0_v2.pt' (epoch 176)
Model-subject [resnet50_robust_mapped_RIN_l2_3_0_v2]
=> loading checkpoint '/project/3018078.01/Gaziv/Wormholes_FB/checkpoints/imagenet_l2_3_0_v2.pt'
=> loaded checkpoint '/project/3018078.01/Gaziv/Wormholes_FB/checkpoints/imagenet_l2_3_0_v2.pt' (epoch 131)
Model-subject [resnet50_robust_mapped_RIN_l2_10_0_v2]
=> loading checkpoint '/project/3018078.01/Gaziv/Wormholes_FB/checkpoints/imagenet_l2_10_0_v2.pt'
=> loaded checkpoint '/project/3018078.01/Gaziv/Wormholes_FB/checkpoints/imagenet_l2_10_0_v2.pt' (epoch 200)
Model-subject [resnet50_vanilla_mapped_RIN_v2]
=> loading checkpoint '/project/3018078.01/Gaziv/Wormholes_FB/checkpoints/imagenet_vanilla_v2.pt'
=> loaded checkpoint '/project/3018078.01/Gaziv/Wormholes_FB/checkpoints/imagenet_vanilla_v2.pt' (epoch 171)
Model-subject [resnet50_robust_mapped_RIN_l2_3_0]
=> loading checkpoint '/project/3018078.01/Gaziv/Wormholes_FB/checkpoints/imagenet_l2_3_0.pt'
=> loaded checkpoint '/project/3018078.01/Gaziv/Wormholes_FB/checkpoints/imagenet_l2_3_0.pt' (epoch 105)
Done.
Running iteration: 34
Job [34]
Total number of configs: 64
0) ('resnet50_robust_mapped_RIN_l2_10_0', 0.0, 0, 0.0, nan)
1) ('resnet50_robust_mapped_RIN_l2_10_0', 0.1, 200, 0.02, nan)
2) ('resnet50_robust_mapped_RIN_l2_10_0', 0.5, 200, 0.1, nan)
3) ('resnet50_robust_mapped_RIN_l2_10_0', 1.0, 200, 0.3, nan)
4) ('resnet50_robust_mapped_RIN_l2_10_0', 2.0, 200, 0.3, nan)
5) ('resnet50_robust_mapped_RIN_l2_10_0', 3.0, 200, 0.3, nan)
6) ('resnet50_robust_mapped_RIN_l2_10_0', 5.0, 500, 0.5, nan)
7) ('resnet50_robust_mapped_RIN_l2_10_0', 7.5, 500, 0.5, nan)
8) ('resnet50_robust_mapped_RIN_l2_10_0', 10.0, 500, 0.5, nan)
9) ('resnet50_robust_mapped_RIN_l2_10_0', 15.0, 500, 0.5, nan)
10) ('resnet50_robust_mapped_RIN_l2_10_0', 20.0, 1000, 0.5, nan)
11) ('resnet50_robust_mapped_RIN_l2_10_0', 25.0, 1000, 0.5, nan)
12) ('resnet50_robust_mapped_RIN_l2_10_0', 30.0, 2000, 2.0, nan)
13) ('resnet50_robust_mapped_RIN_l2_10_0', 40.0, 2000, 2.0, nan)
14) ('resnet50_robust_mapped_RIN_l2_10_0', 50.0, 2000, 2.0, nan)
15) ('resnet50_robust_mapped_RIN_l2_10_0', 100.0, 5000, 2.0, nan)
16) ('resnet50_robust_mapped_RIN_l2_1_0', 0.0, 0, 0.0, nan)
17) ('resnet50_robust_mapped_RIN_l2_1_0', 0.1, 200, 0.02, nan)
18) ('resnet50_robust_mapped_RIN_l2_1_0', 0.5, 200, 0.1, nan)
19) ('resnet50_robust_mapped_RIN_l2_1_0', 1.0, 200, 0.3, nan)
20) ('resnet50_robust_mapped_RIN_l2_1_0', 2.0, 200, 0.3, nan)
21) ('resnet50_robust_mapped_RIN_l2_1_0', 3.0, 200, 0.3, nan)
22) ('resnet50_robust_mapped_RIN_l2_1_0', 5.0, 500, 0.5, nan)
23) ('resnet50_robust_mapped_RIN_l2_1_0', 7.5, 500, 0.5, nan)
24) ('resnet50_robust_mapped_RIN_l2_1_0', 10.0, 500, 0.5, nan)
25) ('resnet50_robust_mapped_RIN_l2_1_0', 15.0, 500, 0.5, nan)
26) ('resnet50_robust_mapped_RIN_l2_1_0', 20.0, 1000, 0.5, nan)
27) ('resnet50_robust_mapped_RIN_l2_1_0', 25.0, 1000, 0.5, nan)
28) ('resnet50_robust_mapped_RIN_l2_1_0', 30.0, 2000, 2.0, nan)
29) ('resnet50_robust_mapped_RIN_l2_1_0', 40.0, 2000, 2.0, nan)
30) ('resnet50_robust_mapped_RIN_l2_1_0', 50.0, 2000, 2.0, nan)
31) ('resnet50_robust_mapped_RIN_l2_1_0', 100.0, 5000, 2.0, nan)
32) ('resnet50_robust_mapped_RIN_l2_3_0', 0.0, 0, 0.0, nan)
33) ('resnet50_robust_mapped_RIN_l2_3_0', 0.1, 200, 0.02, nan)
34) ('resnet50_robust_mapped_RIN_l2_3_0', 0.5, 200, 0.1, nan)
35) ('resnet50_robust_mapped_RIN_l2_3_0', 1.0, 200, 0.3, nan)
36) ('resnet50_robust_mapped_RIN_l2_3_0', 2.0, 200, 0.3, nan)
37) ('resnet50_robust_mapped_RIN_l2_3_0', 3.0, 200, 0.3, nan)
38) ('resnet50_robust_mapped_RIN_l2_3_0', 5.0, 500, 0.5, nan)
39) ('resnet50_robust_mapped_RIN_l2_3_0', 7.5, 500, 0.5, nan)
40) ('resnet50_robust_mapped_RIN_l2_3_0', 10.0, 500, 0.5, nan)
41) ('resnet50_robust_mapped_RIN_l2_3_0', 15.0, 500, 0.5, nan)
42) ('resnet50_robust_mapped_RIN_l2_3_0', 20.0, 1000, 0.5, nan)
43) ('resnet50_robust_mapped_RIN_l2_3_0', 25.0, 1000, 0.5, nan)
44) ('resnet50_robust_mapped_RIN_l2_3_0', 30.0, 2000, 2.0, nan)
45) ('resnet50_robust_mapped_RIN_l2_3_0', 40.0, 2000, 2.0, nan)
46) ('resnet50_robust_mapped_RIN_l2_3_0', 50.0, 2000, 2.0, nan)
47) ('resnet50_robust_mapped_RIN_l2_3_0', 100.0, 5000, 2.0, nan)
48) ('resnet50_vanilla_mapped_RIN', 0.0, 0, 0.0, nan)
49) ('resnet50_vanilla_mapped_RIN', 0.1, 200, 0.02, nan)
50) ('resnet50_vanilla_mapped_RIN', 0.5, 200, 0.1, nan)
51) ('resnet50_vanilla_mapped_RIN', 1.0, 200, 0.3, nan)
52) ('resnet50_vanilla_mapped_RIN', 2.0, 200, 0.3, nan)
53) ('resnet50_vanilla_mapped_RIN', 3.0, 200, 0.3, nan)
54) ('resnet50_vanilla_mapped_RIN', 5.0, 500, 0.5, nan)
55) ('resnet50_vanilla_mapped_RIN', 7.5, 500, 0.5, nan)
56) ('resnet50_vanilla_mapped_RIN', 10.0, 500, 0.5, nan)
57) ('resnet50_vanilla_mapped_RIN', 15.0, 500, 0.5, nan)
58) ('resnet50_vanilla_mapped_RIN', 20.0, 1000, 0.5, nan)
59) ('resnet50_vanilla_mapped_RIN', 25.0, 1000, 0.5, nan)
60) ('resnet50_vanilla_mapped_RIN', 30.0, 2000, 2.0, nan)
61) ('resnet50_vanilla_mapped_RIN', 40.0, 2000, 2.0, nan)
62) ('resnet50_vanilla_mapped_RIN', 50.0, 2000, 2.0, nan)
63) ('resnet50_vanilla_mapped_RIN', 100.0, 5000, 2.0, nan)
(*) group(model_name='resnet50_robust_mapped_RIN_l2_3_0', budget=0.5, n_iter=200, step_size=0.1, interp_alpha=nan)
=> loading checkpoint '/project/3018078.01/Gaziv/Wormholes_FB/checkpoints/imagenet_l2_3_0.pt'
=> loaded checkpoint '/project/3018078.01/Gaziv/Wormholes_FB/checkpoints/imagenet_l2_3_0.pt' (epoch 105)
chunk [1/8]
chunk [2/8]
chunk [3/8]
chunk [4/8]
chunk [5/8]
chunk [6/8]
chunk [7/8]
chunk [8/8]
Model-subject [resnet50_robust_mapped_RIN_l2_1_0_v2]
=> loading checkpoint '/project/3018078.01/Gaziv/Wormholes_FB/checkpoints/imagenet_l2_1_0_v2.pt'
=> loaded checkpoint '/project/3018078.01/Gaziv/Wormholes_FB/checkpoints/imagenet_l2_1_0_v2.pt' (epoch 176)
Model-subject [resnet50_robust_mapped_RIN_l2_3_0_v2]
=> loading checkpoint '/project/3018078.01/Gaziv/Wormholes_FB/checkpoints/imagenet_l2_3_0_v2.pt'
=> loaded checkpoint '/project/3018078.01/Gaziv/Wormholes_FB/checkpoints/imagenet_l2_3_0_v2.pt' (epoch 131)
Model-subject [resnet50_robust_mapped_RIN_l2_10_0_v2]
=> loading checkpoint '/project/3018078.01/Gaziv/Wormholes_FB/checkpoints/imagenet_l2_10_0_v2.pt'
=> loaded checkpoint '/project/3018078.01/Gaziv/Wormholes_FB/checkpoints/imagenet_l2_10_0_v2.pt' (epoch 200)
Model-subject [resnet50_vanilla_mapped_RIN_v2]
=> loading checkpoint '/project/3018078.01/Gaziv/Wormholes_FB/checkpoints/imagenet_vanilla_v2.pt'
=> loaded checkpoint '/project/3018078.01/Gaziv/Wormholes_FB/checkpoints/imagenet_vanilla_v2.pt' (epoch 171)
Model-subject [resnet50_robust_mapped_RIN_l2_3_0]
=> loading checkpoint '/project/3018078.01/Gaziv/Wormholes_FB/checkpoints/imagenet_l2_3_0.pt'
=> loaded checkpoint '/project/3018078.01/Gaziv/Wormholes_FB/checkpoints/imagenet_l2_3_0.pt' (epoch 105)
Done.
Running iteration: 35
Job [35]
Total number of configs: 64
0) ('resnet50_robust_mapped_RIN_l2_10_0', 0.0, 0, 0.0, nan)
1) ('resnet50_robust_mapped_RIN_l2_10_0', 0.1, 200, 0.02, nan)
2) ('resnet50_robust_mapped_RIN_l2_10_0', 0.5, 200, 0.1, nan)
3) ('resnet50_robust_mapped_RIN_l2_10_0', 1.0, 200, 0.3, nan)
4) ('resnet50_robust_mapped_RIN_l2_10_0', 2.0, 200, 0.3, nan)
5) ('resnet50_robust_mapped_RIN_l2_10_0', 3.0, 200, 0.3, nan)
6) ('resnet50_robust_mapped_RIN_l2_10_0', 5.0, 500, 0.5, nan)
7) ('resnet50_robust_mapped_RIN_l2_10_0', 7.5, 500, 0.5, nan)
8) ('resnet50_robust_mapped_RIN_l2_10_0', 10.0, 500, 0.5, nan)
9) ('resnet50_robust_mapped_RIN_l2_10_0', 15.0, 500, 0.5, nan)
10) ('resnet50_robust_mapped_RIN_l2_10_0', 20.0, 1000, 0.5, nan)
11) ('resnet50_robust_mapped_RIN_l2_10_0', 25.0, 1000, 0.5, nan)
12) ('resnet50_robust_mapped_RIN_l2_10_0', 30.0, 2000, 2.0, nan)
13) ('resnet50_robust_mapped_RIN_l2_10_0', 40.0, 2000, 2.0, nan)
14) ('resnet50_robust_mapped_RIN_l2_10_0', 50.0, 2000, 2.0, nan)
15) ('resnet50_robust_mapped_RIN_l2_10_0', 100.0, 5000, 2.0, nan)
16) ('resnet50_robust_mapped_RIN_l2_1_0', 0.0, 0, 0.0, nan)
17) ('resnet50_robust_mapped_RIN_l2_1_0', 0.1, 200, 0.02, nan)
18) ('resnet50_robust_mapped_RIN_l2_1_0', 0.5, 200, 0.1, nan)
19) ('resnet50_robust_mapped_RIN_l2_1_0', 1.0, 200, 0.3, nan)
20) ('resnet50_robust_mapped_RIN_l2_1_0', 2.0, 200, 0.3, nan)
21) ('resnet50_robust_mapped_RIN_l2_1_0', 3.0, 200, 0.3, nan)
22) ('resnet50_robust_mapped_RIN_l2_1_0', 5.0, 500, 0.5, nan)
23) ('resnet50_robust_mapped_RIN_l2_1_0', 7.5, 500, 0.5, nan)
24) ('resnet50_robust_mapped_RIN_l2_1_0', 10.0, 500, 0.5, nan)
25) ('resnet50_robust_mapped_RIN_l2_1_0', 15.0, 500, 0.5, nan)
26) ('resnet50_robust_mapped_RIN_l2_1_0', 20.0, 1000, 0.5, nan)
27) ('resnet50_robust_mapped_RIN_l2_1_0', 25.0, 1000, 0.5, nan)
28) ('resnet50_robust_mapped_RIN_l2_1_0', 30.0, 2000, 2.0, nan)
29) ('resnet50_robust_mapped_RIN_l2_1_0', 40.0, 2000, 2.0, nan)
30) ('resnet50_robust_mapped_RIN_l2_1_0', 50.0, 2000, 2.0, nan)
31) ('resnet50_robust_mapped_RIN_l2_1_0', 100.0, 5000, 2.0, nan)
32) ('resnet50_robust_mapped_RIN_l2_3_0', 0.0, 0, 0.0, nan)
33) ('resnet50_robust_mapped_RIN_l2_3_0', 0.1, 200, 0.02, nan)
34) ('resnet50_robust_mapped_RIN_l2_3_0', 0.5, 200, 0.1, nan)
35) ('resnet50_robust_mapped_RIN_l2_3_0', 1.0, 200, 0.3, nan)
36) ('resnet50_robust_mapped_RIN_l2_3_0', 2.0, 200, 0.3, nan)
37) ('resnet50_robust_mapped_RIN_l2_3_0', 3.0, 200, 0.3, nan)
38) ('resnet50_robust_mapped_RIN_l2_3_0', 5.0, 500, 0.5, nan)
39) ('resnet50_robust_mapped_RIN_l2_3_0', 7.5, 500, 0.5, nan)
40) ('resnet50_robust_mapped_RIN_l2_3_0', 10.0, 500, 0.5, nan)
41) ('resnet50_robust_mapped_RIN_l2_3_0', 15.0, 500, 0.5, nan)
42) ('resnet50_robust_mapped_RIN_l2_3_0', 20.0, 1000, 0.5, nan)
43) ('resnet50_robust_mapped_RIN_l2_3_0', 25.0, 1000, 0.5, nan)
44) ('resnet50_robust_mapped_RIN_l2_3_0', 30.0, 2000, 2.0, nan)
45) ('resnet50_robust_mapped_RIN_l2_3_0', 40.0, 2000, 2.0, nan)
46) ('resnet50_robust_mapped_RIN_l2_3_0', 50.0, 2000, 2.0, nan)
47) ('resnet50_robust_mapped_RIN_l2_3_0', 100.0, 5000, 2.0, nan)
48) ('resnet50_vanilla_mapped_RIN', 0.0, 0, 0.0, nan)
49) ('resnet50_vanilla_mapped_RIN', 0.1, 200, 0.02, nan)
50) ('resnet50_vanilla_mapped_RIN', 0.5, 200, 0.1, nan)
51) ('resnet50_vanilla_mapped_RIN', 1.0, 200, 0.3, nan)
52) ('resnet50_vanilla_mapped_RIN', 2.0, 200, 0.3, nan)
53) ('resnet50_vanilla_mapped_RIN', 3.0, 200, 0.3, nan)
54) ('resnet50_vanilla_mapped_RIN', 5.0, 500, 0.5, nan)
55) ('resnet50_vanilla_mapped_RIN', 7.5, 500, 0.5, nan)
56) ('resnet50_vanilla_mapped_RIN', 10.0, 500, 0.5, nan)
57) ('resnet50_vanilla_mapped_RIN', 15.0, 500, 0.5, nan)
58) ('resnet50_vanilla_mapped_RIN', 20.0, 1000, 0.5, nan)
59) ('resnet50_vanilla_mapped_RIN', 25.0, 1000, 0.5, nan)
60) ('resnet50_vanilla_mapped_RIN', 30.0, 2000, 2.0, nan)
61) ('resnet50_vanilla_mapped_RIN', 40.0, 2000, 2.0, nan)
62) ('resnet50_vanilla_mapped_RIN', 50.0, 2000, 2.0, nan)
63) ('resnet50_vanilla_mapped_RIN', 100.0, 5000, 2.0, nan)
(*) group(model_name='resnet50_robust_mapped_RIN_l2_3_0', budget=1.0, n_iter=200, step_size=0.3, interp_alpha=nan)
=> loading checkpoint '/project/3018078.01/Gaziv/Wormholes_FB/checkpoints/imagenet_l2_3_0.pt'
=> loaded checkpoint '/project/3018078.01/Gaziv/Wormholes_FB/checkpoints/imagenet_l2_3_0.pt' (epoch 105)
chunk [1/8]
chunk [2/8]
chunk [3/8]
chunk [4/8]
chunk [5/8]
chunk [6/8]
chunk [7/8]
chunk [8/8]
Model-subject [resnet50_robust_mapped_RIN_l2_1_0_v2]
=> loading checkpoint '/project/3018078.01/Gaziv/Wormholes_FB/checkpoints/imagenet_l2_1_0_v2.pt'
=> loaded checkpoint '/project/3018078.01/Gaziv/Wormholes_FB/checkpoints/imagenet_l2_1_0_v2.pt' (epoch 176)
Model-subject [resnet50_robust_mapped_RIN_l2_3_0_v2]
=> loading checkpoint '/project/3018078.01/Gaziv/Wormholes_FB/checkpoints/imagenet_l2_3_0_v2.pt'
=> loaded checkpoint '/project/3018078.01/Gaziv/Wormholes_FB/checkpoints/imagenet_l2_3_0_v2.pt' (epoch 131)
Model-subject [resnet50_robust_mapped_RIN_l2_10_0_v2]
=> loading checkpoint '/project/3018078.01/Gaziv/Wormholes_FB/checkpoints/imagenet_l2_10_0_v2.pt'
=> loaded checkpoint '/project/3018078.01/Gaziv/Wormholes_FB/checkpoints/imagenet_l2_10_0_v2.pt' (epoch 200)
Model-subject [resnet50_vanilla_mapped_RIN_v2]
=> loading checkpoint '/project/3018078.01/Gaziv/Wormholes_FB/checkpoints/imagenet_vanilla_v2.pt'
=> loaded checkpoint '/project/3018078.01/Gaziv/Wormholes_FB/checkpoints/imagenet_vanilla_v2.pt' (epoch 171)
Model-subject [resnet50_robust_mapped_RIN_l2_3_0]
=> loading checkpoint '/project/3018078.01/Gaziv/Wormholes_FB/checkpoints/imagenet_l2_3_0.pt'
=> loaded checkpoint '/project/3018078.01/Gaziv/Wormholes_FB/checkpoints/imagenet_l2_3_0.pt' (epoch 105)
Done.
Running iteration: 36
Job [36]
Total number of configs: 64
0) ('resnet50_robust_mapped_RIN_l2_10_0', 0.0, 0, 0.0, nan)
1) ('resnet50_robust_mapped_RIN_l2_10_0', 0.1, 200, 0.02, nan)
2) ('resnet50_robust_mapped_RIN_l2_10_0', 0.5, 200, 0.1, nan)
3) ('resnet50_robust_mapped_RIN_l2_10_0', 1.0, 200, 0.3, nan)
4) ('resnet50_robust_mapped_RIN_l2_10_0', 2.0, 200, 0.3, nan)
5) ('resnet50_robust_mapped_RIN_l2_10_0', 3.0, 200, 0.3, nan)
6) ('resnet50_robust_mapped_RIN_l2_10_0', 5.0, 500, 0.5, nan)
7) ('resnet50_robust_mapped_RIN_l2_10_0', 7.5, 500, 0.5, nan)
8) ('resnet50_robust_mapped_RIN_l2_10_0', 10.0, 500, 0.5, nan)
9) ('resnet50_robust_mapped_RIN_l2_10_0', 15.0, 500, 0.5, nan)
10) ('resnet50_robust_mapped_RIN_l2_10_0', 20.0, 1000, 0.5, nan)
11) ('resnet50_robust_mapped_RIN_l2_10_0', 25.0, 1000, 0.5, nan)
12) ('resnet50_robust_mapped_RIN_l2_10_0', 30.0, 2000, 2.0, nan)
13) ('resnet50_robust_mapped_RIN_l2_10_0', 40.0, 2000, 2.0, nan)
14) ('resnet50_robust_mapped_RIN_l2_10_0', 50.0, 2000, 2.0, nan)
15) ('resnet50_robust_mapped_RIN_l2_10_0', 100.0, 5000, 2.0, nan)
16) ('resnet50_robust_mapped_RIN_l2_1_0', 0.0, 0, 0.0, nan)
17) ('resnet50_robust_mapped_RIN_l2_1_0', 0.1, 200, 0.02, nan)
18) ('resnet50_robust_mapped_RIN_l2_1_0', 0.5, 200, 0.1, nan)
19) ('resnet50_robust_mapped_RIN_l2_1_0', 1.0, 200, 0.3, nan)
20) ('resnet50_robust_mapped_RIN_l2_1_0', 2.0, 200, 0.3, nan)
21) ('resnet50_robust_mapped_RIN_l2_1_0', 3.0, 200, 0.3, nan)
22) ('resnet50_robust_mapped_RIN_l2_1_0', 5.0, 500, 0.5, nan)
23) ('resnet50_robust_mapped_RIN_l2_1_0', 7.5, 500, 0.5, nan)
24) ('resnet50_robust_mapped_RIN_l2_1_0', 10.0, 500, 0.5, nan)
25) ('resnet50_robust_mapped_RIN_l2_1_0', 15.0, 500, 0.5, nan)
26) ('resnet50_robust_mapped_RIN_l2_1_0', 20.0, 1000, 0.5, nan)
27) ('resnet50_robust_mapped_RIN_l2_1_0', 25.0, 1000, 0.5, nan)
28) ('resnet50_robust_mapped_RIN_l2_1_0', 30.0, 2000, 2.0, nan)
29) ('resnet50_robust_mapped_RIN_l2_1_0', 40.0, 2000, 2.0, nan)
30) ('resnet50_robust_mapped_RIN_l2_1_0', 50.0, 2000, 2.0, nan)
31) ('resnet50_robust_mapped_RIN_l2_1_0', 100.0, 5000, 2.0, nan)
32) ('resnet50_robust_mapped_RIN_l2_3_0', 0.0, 0, 0.0, nan)
33) ('resnet50_robust_mapped_RIN_l2_3_0', 0.1, 200, 0.02, nan)
34) ('resnet50_robust_mapped_RIN_l2_3_0', 0.5, 200, 0.1, nan)
35) ('resnet50_robust_mapped_RIN_l2_3_0', 1.0, 200, 0.3, nan)
36) ('resnet50_robust_mapped_RIN_l2_3_0', 2.0, 200, 0.3, nan)
37) ('resnet50_robust_mapped_RIN_l2_3_0', 3.0, 200, 0.3, nan)
38) ('resnet50_robust_mapped_RIN_l2_3_0', 5.0, 500, 0.5, nan)
39) ('resnet50_robust_mapped_RIN_l2_3_0', 7.5, 500, 0.5, nan)
40) ('resnet50_robust_mapped_RIN_l2_3_0', 10.0, 500, 0.5, nan)
41) ('resnet50_robust_mapped_RIN_l2_3_0', 15.0, 500, 0.5, nan)
42) ('resnet50_robust_mapped_RIN_l2_3_0', 20.0, 1000, 0.5, nan)
43) ('resnet50_robust_mapped_RIN_l2_3_0', 25.0, 1000, 0.5, nan)
44) ('resnet50_robust_mapped_RIN_l2_3_0', 30.0, 2000, 2.0, nan)
45) ('resnet50_robust_mapped_RIN_l2_3_0', 40.0, 2000, 2.0, nan)
46) ('resnet50_robust_mapped_RIN_l2_3_0', 50.0, 2000, 2.0, nan)
47) ('resnet50_robust_mapped_RIN_l2_3_0', 100.0, 5000, 2.0, nan)
48) ('resnet50_vanilla_mapped_RIN', 0.0, 0, 0.0, nan)
49) ('resnet50_vanilla_mapped_RIN', 0.1, 200, 0.02, nan)
50) ('resnet50_vanilla_mapped_RIN', 0.5, 200, 0.1, nan)
51) ('resnet50_vanilla_mapped_RIN', 1.0, 200, 0.3, nan)
52) ('resnet50_vanilla_mapped_RIN', 2.0, 200, 0.3, nan)
53) ('resnet50_vanilla_mapped_RIN', 3.0, 200, 0.3, nan)
54) ('resnet50_vanilla_mapped_RIN', 5.0, 500, 0.5, nan)
55) ('resnet50_vanilla_mapped_RIN', 7.5, 500, 0.5, nan)
56) ('resnet50_vanilla_mapped_RIN', 10.0, 500, 0.5, nan)
57) ('resnet50_vanilla_mapped_RIN', 15.0, 500, 0.5, nan)
58) ('resnet50_vanilla_mapped_RIN', 20.0, 1000, 0.5, nan)
59) ('resnet50_vanilla_mapped_RIN', 25.0, 1000, 0.5, nan)
60) ('resnet50_vanilla_mapped_RIN', 30.0, 2000, 2.0, nan)
61) ('resnet50_vanilla_mapped_RIN', 40.0, 2000, 2.0, nan)
62) ('resnet50_vanilla_mapped_RIN', 50.0, 2000, 2.0, nan)
63) ('resnet50_vanilla_mapped_RIN', 100.0, 5000, 2.0, nan)
(*) group(model_name='resnet50_robust_mapped_RIN_l2_3_0', budget=2.0, n_iter=200, step_size=0.3, interp_alpha=nan)
=> loading checkpoint '/project/3018078.01/Gaziv/Wormholes_FB/checkpoints/imagenet_l2_3_0.pt'
=> loaded checkpoint '/project/3018078.01/Gaziv/Wormholes_FB/checkpoints/imagenet_l2_3_0.pt' (epoch 105)
chunk [1/8]
chunk [2/8]
chunk [3/8]
chunk [4/8]
chunk [5/8]
chunk [6/8]
chunk [7/8]
chunk [8/8]
Model-subject [resnet50_robust_mapped_RIN_l2_1_0_v2]
=> loading checkpoint '/project/3018078.01/Gaziv/Wormholes_FB/checkpoints/imagenet_l2_1_0_v2.pt'
=> loaded checkpoint '/project/3018078.01/Gaziv/Wormholes_FB/checkpoints/imagenet_l2_1_0_v2.pt' (epoch 176)
Model-subject [resnet50_robust_mapped_RIN_l2_3_0_v2]
=> loading checkpoint '/project/3018078.01/Gaziv/Wormholes_FB/checkpoints/imagenet_l2_3_0_v2.pt'
=> loaded checkpoint '/project/3018078.01/Gaziv/Wormholes_FB/checkpoints/imagenet_l2_3_0_v2.pt' (epoch 131)
Model-subject [resnet50_robust_mapped_RIN_l2_10_0_v2]
=> loading checkpoint '/project/3018078.01/Gaziv/Wormholes_FB/checkpoints/imagenet_l2_10_0_v2.pt'
=> loaded checkpoint '/project/3018078.01/Gaziv/Wormholes_FB/checkpoints/imagenet_l2_10_0_v2.pt' (epoch 200)
Model-subject [resnet50_vanilla_mapped_RIN_v2]
=> loading checkpoint '/project/3018078.01/Gaziv/Wormholes_FB/checkpoints/imagenet_vanilla_v2.pt'
=> loaded checkpoint '/project/3018078.01/Gaziv/Wormholes_FB/checkpoints/imagenet_vanilla_v2.pt' (epoch 171)
Model-subject [resnet50_robust_mapped_RIN_l2_3_0]
=> loading checkpoint '/project/3018078.01/Gaziv/Wormholes_FB/checkpoints/imagenet_l2_3_0.pt'
=> loaded checkpoint '/project/3018078.01/Gaziv/Wormholes_FB/checkpoints/imagenet_l2_3_0.pt' (epoch 105)
Done.
Running iteration: 37
Job [37]
Total number of configs: 64
0) ('resnet50_robust_mapped_RIN_l2_10_0', 0.0, 0, 0.0, nan)
1) ('resnet50_robust_mapped_RIN_l2_10_0', 0.1, 200, 0.02, nan)
2) ('resnet50_robust_mapped_RIN_l2_10_0', 0.5, 200, 0.1, nan)
3) ('resnet50_robust_mapped_RIN_l2_10_0', 1.0, 200, 0.3, nan)
4) ('resnet50_robust_mapped_RIN_l2_10_0', 2.0, 200, 0.3, nan)
5) ('resnet50_robust_mapped_RIN_l2_10_0', 3.0, 200, 0.3, nan)
6) ('resnet50_robust_mapped_RIN_l2_10_0', 5.0, 500, 0.5, nan)
7) ('resnet50_robust_mapped_RIN_l2_10_0', 7.5, 500, 0.5, nan)
8) ('resnet50_robust_mapped_RIN_l2_10_0', 10.0, 500, 0.5, nan)
9) ('resnet50_robust_mapped_RIN_l2_10_0', 15.0, 500, 0.5, nan)
10) ('resnet50_robust_mapped_RIN_l2_10_0', 20.0, 1000, 0.5, nan)
11) ('resnet50_robust_mapped_RIN_l2_10_0', 25.0, 1000, 0.5, nan)
12) ('resnet50_robust_mapped_RIN_l2_10_0', 30.0, 2000, 2.0, nan)
13) ('resnet50_robust_mapped_RIN_l2_10_0', 40.0, 2000, 2.0, nan)
14) ('resnet50_robust_mapped_RIN_l2_10_0', 50.0, 2000, 2.0, nan)
15) ('resnet50_robust_mapped_RIN_l2_10_0', 100.0, 5000, 2.0, nan)
16) ('resnet50_robust_mapped_RIN_l2_1_0', 0.0, 0, 0.0, nan)
17) ('resnet50_robust_mapped_RIN_l2_1_0', 0.1, 200, 0.02, nan)
18) ('resnet50_robust_mapped_RIN_l2_1_0', 0.5, 200, 0.1, nan)
19) ('resnet50_robust_mapped_RIN_l2_1_0', 1.0, 200, 0.3, nan)
20) ('resnet50_robust_mapped_RIN_l2_1_0', 2.0, 200, 0.3, nan)
21) ('resnet50_robust_mapped_RIN_l2_1_0', 3.0, 200, 0.3, nan)
22) ('resnet50_robust_mapped_RIN_l2_1_0', 5.0, 500, 0.5, nan)
23) ('resnet50_robust_mapped_RIN_l2_1_0', 7.5, 500, 0.5, nan)
24) ('resnet50_robust_mapped_RIN_l2_1_0', 10.0, 500, 0.5, nan)
25) ('resnet50_robust_mapped_RIN_l2_1_0', 15.0, 500, 0.5, nan)
26) ('resnet50_robust_mapped_RIN_l2_1_0', 20.0, 1000, 0.5, nan)
27) ('resnet50_robust_mapped_RIN_l2_1_0', 25.0, 1000, 0.5, nan)
28) ('resnet50_robust_mapped_RIN_l2_1_0', 30.0, 2000, 2.0, nan)
29) ('resnet50_robust_mapped_RIN_l2_1_0', 40.0, 2000, 2.0, nan)
30) ('resnet50_robust_mapped_RIN_l2_1_0', 50.0, 2000, 2.0, nan)
31) ('resnet50_robust_mapped_RIN_l2_1_0', 100.0, 5000, 2.0, nan)
32) ('resnet50_robust_mapped_RIN_l2_3_0', 0.0, 0, 0.0, nan)
33) ('resnet50_robust_mapped_RIN_l2_3_0', 0.1, 200, 0.02, nan)
34) ('resnet50_robust_mapped_RIN_l2_3_0', 0.5, 200, 0.1, nan)
35) ('resnet50_robust_mapped_RIN_l2_3_0', 1.0, 200, 0.3, nan)
36) ('resnet50_robust_mapped_RIN_l2_3_0', 2.0, 200, 0.3, nan)
37) ('resnet50_robust_mapped_RIN_l2_3_0', 3.0, 200, 0.3, nan)
38) ('resnet50_robust_mapped_RIN_l2_3_0', 5.0, 500, 0.5, nan)
39) ('resnet50_robust_mapped_RIN_l2_3_0', 7.5, 500, 0.5, nan)
40) ('resnet50_robust_mapped_RIN_l2_3_0', 10.0, 500, 0.5, nan)
41) ('resnet50_robust_mapped_RIN_l2_3_0', 15.0, 500, 0.5, nan)
42) ('resnet50_robust_mapped_RIN_l2_3_0', 20.0, 1000, 0.5, nan)
43) ('resnet50_robust_mapped_RIN_l2_3_0', 25.0, 1000, 0.5, nan)
44) ('resnet50_robust_mapped_RIN_l2_3_0', 30.0, 2000, 2.0, nan)
45) ('resnet50_robust_mapped_RIN_l2_3_0', 40.0, 2000, 2.0, nan)
46) ('resnet50_robust_mapped_RIN_l2_3_0', 50.0, 2000, 2.0, nan)
47) ('resnet50_robust_mapped_RIN_l2_3_0', 100.0, 5000, 2.0, nan)
48) ('resnet50_vanilla_mapped_RIN', 0.0, 0, 0.0, nan)
49) ('resnet50_vanilla_mapped_RIN', 0.1, 200, 0.02, nan)
50) ('resnet50_vanilla_mapped_RIN', 0.5, 200, 0.1, nan)
51) ('resnet50_vanilla_mapped_RIN', 1.0, 200, 0.3, nan)
52) ('resnet50_vanilla_mapped_RIN', 2.0, 200, 0.3, nan)
53) ('resnet50_vanilla_mapped_RIN', 3.0, 200, 0.3, nan)
54) ('resnet50_vanilla_mapped_RIN', 5.0, 500, 0.5, nan)
55) ('resnet50_vanilla_mapped_RIN', 7.5, 500, 0.5, nan)
56) ('resnet50_vanilla_mapped_RIN', 10.0, 500, 0.5, nan)
57) ('resnet50_vanilla_mapped_RIN', 15.0, 500, 0.5, nan)
58) ('resnet50_vanilla_mapped_RIN', 20.0, 1000, 0.5, nan)
59) ('resnet50_vanilla_mapped_RIN', 25.0, 1000, 0.5, nan)
60) ('resnet50_vanilla_mapped_RIN', 30.0, 2000, 2.0, nan)
61) ('resnet50_vanilla_mapped_RIN', 40.0, 2000, 2.0, nan)
62) ('resnet50_vanilla_mapped_RIN', 50.0, 2000, 2.0, nan)
63) ('resnet50_vanilla_mapped_RIN', 100.0, 5000, 2.0, nan)
(*) group(model_name='resnet50_robust_mapped_RIN_l2_3_0', budget=3.0, n_iter=200, step_size=0.3, interp_alpha=nan)
=> loading checkpoint '/project/3018078.01/Gaziv/Wormholes_FB/checkpoints/imagenet_l2_3_0.pt'
=> loaded checkpoint '/project/3018078.01/Gaziv/Wormholes_FB/checkpoints/imagenet_l2_3_0.pt' (epoch 105)
chunk [1/8]
chunk [2/8]
chunk [3/8]
chunk [4/8]
chunk [5/8]
chunk [6/8]
chunk [7/8]
chunk [8/8]
Model-subject [resnet50_robust_mapped_RIN_l2_1_0_v2]
=> loading checkpoint '/project/3018078.01/Gaziv/Wormholes_FB/checkpoints/imagenet_l2_1_0_v2.pt'
=> loaded checkpoint '/project/3018078.01/Gaziv/Wormholes_FB/checkpoints/imagenet_l2_1_0_v2.pt' (epoch 176)
Model-subject [resnet50_robust_mapped_RIN_l2_3_0_v2]
=> loading checkpoint '/project/3018078.01/Gaziv/Wormholes_FB/checkpoints/imagenet_l2_3_0_v2.pt'
=> loaded checkpoint '/project/3018078.01/Gaziv/Wormholes_FB/checkpoints/imagenet_l2_3_0_v2.pt' (epoch 131)
Model-subject [resnet50_robust_mapped_RIN_l2_10_0_v2]
=> loading checkpoint '/project/3018078.01/Gaziv/Wormholes_FB/checkpoints/imagenet_l2_10_0_v2.pt'
=> loaded checkpoint '/project/3018078.01/Gaziv/Wormholes_FB/checkpoints/imagenet_l2_10_0_v2.pt' (epoch 200)
Model-subject [resnet50_vanilla_mapped_RIN_v2]
=> loading checkpoint '/project/3018078.01/Gaziv/Wormholes_FB/checkpoints/imagenet_vanilla_v2.pt'
=> loaded checkpoint '/project/3018078.01/Gaziv/Wormholes_FB/checkpoints/imagenet_vanilla_v2.pt' (epoch 171)
Model-subject [resnet50_robust_mapped_RIN_l2_3_0]
=> loading checkpoint '/project/3018078.01/Gaziv/Wormholes_FB/checkpoints/imagenet_l2_3_0.pt'
=> loaded checkpoint '/project/3018078.01/Gaziv/Wormholes_FB/checkpoints/imagenet_l2_3_0.pt' (epoch 105)
Done.
Running iteration: 38
Job [38]
Total number of configs: 64
0) ('resnet50_robust_mapped_RIN_l2_10_0', 0.0, 0, 0.0, nan)
1) ('resnet50_robust_mapped_RIN_l2_10_0', 0.1, 200, 0.02, nan)
2) ('resnet50_robust_mapped_RIN_l2_10_0', 0.5, 200, 0.1, nan)
3) ('resnet50_robust_mapped_RIN_l2_10_0', 1.0, 200, 0.3, nan)
4) ('resnet50_robust_mapped_RIN_l2_10_0', 2.0, 200, 0.3, nan)
5) ('resnet50_robust_mapped_RIN_l2_10_0', 3.0, 200, 0.3, nan)
6) ('resnet50_robust_mapped_RIN_l2_10_0', 5.0, 500, 0.5, nan)
7) ('resnet50_robust_mapped_RIN_l2_10_0', 7.5, 500, 0.5, nan)
8) ('resnet50_robust_mapped_RIN_l2_10_0', 10.0, 500, 0.5, nan)
9) ('resnet50_robust_mapped_RIN_l2_10_0', 15.0, 500, 0.5, nan)
10) ('resnet50_robust_mapped_RIN_l2_10_0', 20.0, 1000, 0.5, nan)
11) ('resnet50_robust_mapped_RIN_l2_10_0', 25.0, 1000, 0.5, nan)
12) ('resnet50_robust_mapped_RIN_l2_10_0', 30.0, 2000, 2.0, nan)
13) ('resnet50_robust_mapped_RIN_l2_10_0', 40.0, 2000, 2.0, nan)
14) ('resnet50_robust_mapped_RIN_l2_10_0', 50.0, 2000, 2.0, nan)
15) ('resnet50_robust_mapped_RIN_l2_10_0', 100.0, 5000, 2.0, nan)
16) ('resnet50_robust_mapped_RIN_l2_1_0', 0.0, 0, 0.0, nan)
17) ('resnet50_robust_mapped_RIN_l2_1_0', 0.1, 200, 0.02, nan)
18) ('resnet50_robust_mapped_RIN_l2_1_0', 0.5, 200, 0.1, nan)
19) ('resnet50_robust_mapped_RIN_l2_1_0', 1.0, 200, 0.3, nan)
20) ('resnet50_robust_mapped_RIN_l2_1_0', 2.0, 200, 0.3, nan)
21) ('resnet50_robust_mapped_RIN_l2_1_0', 3.0, 200, 0.3, nan)
22) ('resnet50_robust_mapped_RIN_l2_1_0', 5.0, 500, 0.5, nan)
23) ('resnet50_robust_mapped_RIN_l2_1_0', 7.5, 500, 0.5, nan)
24) ('resnet50_robust_mapped_RIN_l2_1_0', 10.0, 500, 0.5, nan)
25) ('resnet50_robust_mapped_RIN_l2_1_0', 15.0, 500, 0.5, nan)
26) ('resnet50_robust_mapped_RIN_l2_1_0', 20.0, 1000, 0.5, nan)
27) ('resnet50_robust_mapped_RIN_l2_1_0', 25.0, 1000, 0.5, nan)
28) ('resnet50_robust_mapped_RIN_l2_1_0', 30.0, 2000, 2.0, nan)
29) ('resnet50_robust_mapped_RIN_l2_1_0', 40.0, 2000, 2.0, nan)
30) ('resnet50_robust_mapped_RIN_l2_1_0', 50.0, 2000, 2.0, nan)
31) ('resnet50_robust_mapped_RIN_l2_1_0', 100.0, 5000, 2.0, nan)
32) ('resnet50_robust_mapped_RIN_l2_3_0', 0.0, 0, 0.0, nan)
33) ('resnet50_robust_mapped_RIN_l2_3_0', 0.1, 200, 0.02, nan)
34) ('resnet50_robust_mapped_RIN_l2_3_0', 0.5, 200, 0.1, nan)
35) ('resnet50_robust_mapped_RIN_l2_3_0', 1.0, 200, 0.3, nan)
36) ('resnet50_robust_mapped_RIN_l2_3_0', 2.0, 200, 0.3, nan)
37) ('resnet50_robust_mapped_RIN_l2_3_0', 3.0, 200, 0.3, nan)
38) ('resnet50_robust_mapped_RIN_l2_3_0', 5.0, 500, 0.5, nan)
39) ('resnet50_robust_mapped_RIN_l2_3_0', 7.5, 500, 0.5, nan)
40) ('resnet50_robust_mapped_RIN_l2_3_0', 10.0, 500, 0.5, nan)
41) ('resnet50_robust_mapped_RIN_l2_3_0', 15.0, 500, 0.5, nan)
42) ('resnet50_robust_mapped_RIN_l2_3_0', 20.0, 1000, 0.5, nan)
43) ('resnet50_robust_mapped_RIN_l2_3_0', 25.0, 1000, 0.5, nan)
44) ('resnet50_robust_mapped_RIN_l2_3_0', 30.0, 2000, 2.0, nan)
45) ('resnet50_robust_mapped_RIN_l2_3_0', 40.0, 2000, 2.0, nan)
46) ('resnet50_robust_mapped_RIN_l2_3_0', 50.0, 2000, 2.0, nan)
47) ('resnet50_robust_mapped_RIN_l2_3_0', 100.0, 5000, 2.0, nan)
48) ('resnet50_vanilla_mapped_RIN', 0.0, 0, 0.0, nan)
49) ('resnet50_vanilla_mapped_RIN', 0.1, 200, 0.02, nan)
50) ('resnet50_vanilla_mapped_RIN', 0.5, 200, 0.1, nan)
51) ('resnet50_vanilla_mapped_RIN', 1.0, 200, 0.3, nan)
52) ('resnet50_vanilla_mapped_RIN', 2.0, 200, 0.3, nan)
53) ('resnet50_vanilla_mapped_RIN', 3.0, 200, 0.3, nan)
54) ('resnet50_vanilla_mapped_RIN', 5.0, 500, 0.5, nan)
55) ('resnet50_vanilla_mapped_RIN', 7.5, 500, 0.5, nan)
56) ('resnet50_vanilla_mapped_RIN', 10.0, 500, 0.5, nan)
57) ('resnet50_vanilla_mapped_RIN', 15.0, 500, 0.5, nan)
58) ('resnet50_vanilla_mapped_RIN', 20.0, 1000, 0.5, nan)
59) ('resnet50_vanilla_mapped_RIN', 25.0, 1000, 0.5, nan)
60) ('resnet50_vanilla_mapped_RIN', 30.0, 2000, 2.0, nan)
61) ('resnet50_vanilla_mapped_RIN', 40.0, 2000, 2.0, nan)
62) ('resnet50_vanilla_mapped_RIN', 50.0, 2000, 2.0, nan)
63) ('resnet50_vanilla_mapped_RIN', 100.0, 5000, 2.0, nan)
(*) group(model_name='resnet50_robust_mapped_RIN_l2_3_0', budget=5.0, n_iter=500, step_size=0.5, interp_alpha=nan)
=> loading checkpoint '/project/3018078.01/Gaziv/Wormholes_FB/checkpoints/imagenet_l2_3_0.pt'
=> loaded checkpoint '/project/3018078.01/Gaziv/Wormholes_FB/checkpoints/imagenet_l2_3_0.pt' (epoch 105)
chunk [1/8]
chunk [2/8]
chunk [3/8]
chunk [4/8]
chunk [5/8]
chunk [6/8]
chunk [7/8]
chunk [8/8]
Model-subject [resnet50_robust_mapped_RIN_l2_1_0_v2]
=> loading checkpoint '/project/3018078.01/Gaziv/Wormholes_FB/checkpoints/imagenet_l2_1_0_v2.pt'
=> loaded checkpoint '/project/3018078.01/Gaziv/Wormholes_FB/checkpoints/imagenet_l2_1_0_v2.pt' (epoch 176)
Model-subject [resnet50_robust_mapped_RIN_l2_3_0_v2]
=> loading checkpoint '/project/3018078.01/Gaziv/Wormholes_FB/checkpoints/imagenet_l2_3_0_v2.pt'
=> loaded checkpoint '/project/3018078.01/Gaziv/Wormholes_FB/checkpoints/imagenet_l2_3_0_v2.pt' (epoch 131)
Model-subject [resnet50_robust_mapped_RIN_l2_10_0_v2]
=> loading checkpoint '/project/3018078.01/Gaziv/Wormholes_FB/checkpoints/imagenet_l2_10_0_v2.pt'
=> loaded checkpoint '/project/3018078.01/Gaziv/Wormholes_FB/checkpoints/imagenet_l2_10_0_v2.pt' (epoch 200)
Model-subject [resnet50_vanilla_mapped_RIN_v2]
=> loading checkpoint '/project/3018078.01/Gaziv/Wormholes_FB/checkpoints/imagenet_vanilla_v2.pt'
=> loaded checkpoint '/project/3018078.01/Gaziv/Wormholes_FB/checkpoints/imagenet_vanilla_v2.pt' (epoch 171)
Model-subject [resnet50_robust_mapped_RIN_l2_3_0]
=> loading checkpoint '/project/3018078.01/Gaziv/Wormholes_FB/checkpoints/imagenet_l2_3_0.pt'
=> loaded checkpoint '/project/3018078.01/Gaziv/Wormholes_FB/checkpoints/imagenet_l2_3_0.pt' (epoch 105)
Done.
Running iteration: 39
Job [39]
Total number of configs: 64
0) ('resnet50_robust_mapped_RIN_l2_10_0', 0.0, 0, 0.0, nan)
1) ('resnet50_robust_mapped_RIN_l2_10_0', 0.1, 200, 0.02, nan)
2) ('resnet50_robust_mapped_RIN_l2_10_0', 0.5, 200, 0.1, nan)
3) ('resnet50_robust_mapped_RIN_l2_10_0', 1.0, 200, 0.3, nan)
4) ('resnet50_robust_mapped_RIN_l2_10_0', 2.0, 200, 0.3, nan)
5) ('resnet50_robust_mapped_RIN_l2_10_0', 3.0, 200, 0.3, nan)
6) ('resnet50_robust_mapped_RIN_l2_10_0', 5.0, 500, 0.5, nan)
7) ('resnet50_robust_mapped_RIN_l2_10_0', 7.5, 500, 0.5, nan)
8) ('resnet50_robust_mapped_RIN_l2_10_0', 10.0, 500, 0.5, nan)
9) ('resnet50_robust_mapped_RIN_l2_10_0', 15.0, 500, 0.5, nan)
10) ('resnet50_robust_mapped_RIN_l2_10_0', 20.0, 1000, 0.5, nan)
11) ('resnet50_robust_mapped_RIN_l2_10_0', 25.0, 1000, 0.5, nan)
12) ('resnet50_robust_mapped_RIN_l2_10_0', 30.0, 2000, 2.0, nan)
13) ('resnet50_robust_mapped_RIN_l2_10_0', 40.0, 2000, 2.0, nan)
14) ('resnet50_robust_mapped_RIN_l2_10_0', 50.0, 2000, 2.0, nan)
15) ('resnet50_robust_mapped_RIN_l2_10_0', 100.0, 5000, 2.0, nan)
16) ('resnet50_robust_mapped_RIN_l2_1_0', 0.0, 0, 0.0, nan)
17) ('resnet50_robust_mapped_RIN_l2_1_0', 0.1, 200, 0.02, nan)
18) ('resnet50_robust_mapped_RIN_l2_1_0', 0.5, 200, 0.1, nan)
19) ('resnet50_robust_mapped_RIN_l2_1_0', 1.0, 200, 0.3, nan)
20) ('resnet50_robust_mapped_RIN_l2_1_0', 2.0, 200, 0.3, nan)
21) ('resnet50_robust_mapped_RIN_l2_1_0', 3.0, 200, 0.3, nan)
22) ('resnet50_robust_mapped_RIN_l2_1_0', 5.0, 500, 0.5, nan)
23) ('resnet50_robust_mapped_RIN_l2_1_0', 7.5, 500, 0.5, nan)
24) ('resnet50_robust_mapped_RIN_l2_1_0', 10.0, 500, 0.5, nan)
25) ('resnet50_robust_mapped_RIN_l2_1_0', 15.0, 500, 0.5, nan)
26) ('resnet50_robust_mapped_RIN_l2_1_0', 20.0, 1000, 0.5, nan)
27) ('resnet50_robust_mapped_RIN_l2_1_0', 25.0, 1000, 0.5, nan)
28) ('resnet50_robust_mapped_RIN_l2_1_0', 30.0, 2000, 2.0, nan)
29) ('resnet50_robust_mapped_RIN_l2_1_0', 40.0, 2000, 2.0, nan)
30) ('resnet50_robust_mapped_RIN_l2_1_0', 50.0, 2000, 2.0, nan)
31) ('resnet50_robust_mapped_RIN_l2_1_0', 100.0, 5000, 2.0, nan)
32) ('resnet50_robust_mapped_RIN_l2_3_0', 0.0, 0, 0.0, nan)
33) ('resnet50_robust_mapped_RIN_l2_3_0', 0.1, 200, 0.02, nan)
34) ('resnet50_robust_mapped_RIN_l2_3_0', 0.5, 200, 0.1, nan)
35) ('resnet50_robust_mapped_RIN_l2_3_0', 1.0, 200, 0.3, nan)
36) ('resnet50_robust_mapped_RIN_l2_3_0', 2.0, 200, 0.3, nan)
37) ('resnet50_robust_mapped_RIN_l2_3_0', 3.0, 200, 0.3, nan)
38) ('resnet50_robust_mapped_RIN_l2_3_0', 5.0, 500, 0.5, nan)
39) ('resnet50_robust_mapped_RIN_l2_3_0', 7.5, 500, 0.5, nan)
40) ('resnet50_robust_mapped_RIN_l2_3_0', 10.0, 500, 0.5, nan)
41) ('resnet50_robust_mapped_RIN_l2_3_0', 15.0, 500, 0.5, nan)
42) ('resnet50_robust_mapped_RIN_l2_3_0', 20.0, 1000, 0.5, nan)
43) ('resnet50_robust_mapped_RIN_l2_3_0', 25.0, 1000, 0.5, nan)
44) ('resnet50_robust_mapped_RIN_l2_3_0', 30.0, 2000, 2.0, nan)
45) ('resnet50_robust_mapped_RIN_l2_3_0', 40.0, 2000, 2.0, nan)
46) ('resnet50_robust_mapped_RIN_l2_3_0', 50.0, 2000, 2.0, nan)
47) ('resnet50_robust_mapped_RIN_l2_3_0', 100.0, 5000, 2.0, nan)
48) ('resnet50_vanilla_mapped_RIN', 0.0, 0, 0.0, nan)
49) ('resnet50_vanilla_mapped_RIN', 0.1, 200, 0.02, nan)
50) ('resnet50_vanilla_mapped_RIN', 0.5, 200, 0.1, nan)
51) ('resnet50_vanilla_mapped_RIN', 1.0, 200, 0.3, nan)
52) ('resnet50_vanilla_mapped_RIN', 2.0, 200, 0.3, nan)
53) ('resnet50_vanilla_mapped_RIN', 3.0, 200, 0.3, nan)
54) ('resnet50_vanilla_mapped_RIN', 5.0, 500, 0.5, nan)
55) ('resnet50_vanilla_mapped_RIN', 7.5, 500, 0.5, nan)
56) ('resnet50_vanilla_mapped_RIN', 10.0, 500, 0.5, nan)
57) ('resnet50_vanilla_mapped_RIN', 15.0, 500, 0.5, nan)
58) ('resnet50_vanilla_mapped_RIN', 20.0, 1000, 0.5, nan)
59) ('resnet50_vanilla_mapped_RIN', 25.0, 1000, 0.5, nan)
60) ('resnet50_vanilla_mapped_RIN', 30.0, 2000, 2.0, nan)
61) ('resnet50_vanilla_mapped_RIN', 40.0, 2000, 2.0, nan)
62) ('resnet50_vanilla_mapped_RIN', 50.0, 2000, 2.0, nan)
63) ('resnet50_vanilla_mapped_RIN', 100.0, 5000, 2.0, nan)
(*) group(model_name='resnet50_robust_mapped_RIN_l2_3_0', budget=7.5, n_iter=500, step_size=0.5, interp_alpha=nan)
=> loading checkpoint '/project/3018078.01/Gaziv/Wormholes_FB/checkpoints/imagenet_l2_3_0.pt'
=> loaded checkpoint '/project/3018078.01/Gaziv/Wormholes_FB/checkpoints/imagenet_l2_3_0.pt' (epoch 105)
chunk [1/8]
chunk [2/8]
chunk [3/8]
chunk [4/8]
chunk [5/8]
chunk [6/8]
chunk [7/8]
chunk [8/8]
Model-subject [resnet50_robust_mapped_RIN_l2_1_0_v2]
=> loading checkpoint '/project/3018078.01/Gaziv/Wormholes_FB/checkpoints/imagenet_l2_1_0_v2.pt'
=> loaded checkpoint '/project/3018078.01/Gaziv/Wormholes_FB/checkpoints/imagenet_l2_1_0_v2.pt' (epoch 176)
Model-subject [resnet50_robust_mapped_RIN_l2_3_0_v2]
=> loading checkpoint '/project/3018078.01/Gaziv/Wormholes_FB/checkpoints/imagenet_l2_3_0_v2.pt'
=> loaded checkpoint '/project/3018078.01/Gaziv/Wormholes_FB/checkpoints/imagenet_l2_3_0_v2.pt' (epoch 131)
Model-subject [resnet50_robust_mapped_RIN_l2_10_0_v2]
=> loading checkpoint '/project/3018078.01/Gaziv/Wormholes_FB/checkpoints/imagenet_l2_10_0_v2.pt'
=> loaded checkpoint '/project/3018078.01/Gaziv/Wormholes_FB/checkpoints/imagenet_l2_10_0_v2.pt' (epoch 200)
Model-subject [resnet50_vanilla_mapped_RIN_v2]
=> loading checkpoint '/project/3018078.01/Gaziv/Wormholes_FB/checkpoints/imagenet_vanilla_v2.pt'
=> loaded checkpoint '/project/3018078.01/Gaziv/Wormholes_FB/checkpoints/imagenet_vanilla_v2.pt' (epoch 171)
Model-subject [resnet50_robust_mapped_RIN_l2_3_0]
=> loading checkpoint '/project/3018078.01/Gaziv/Wormholes_FB/checkpoints/imagenet_l2_3_0.pt'
=> loaded checkpoint '/project/3018078.01/Gaziv/Wormholes_FB/checkpoints/imagenet_l2_3_0.pt' (epoch 105)
Done.
Running iteration: 40
Job [40]
Total number of configs: 64
0) ('resnet50_robust_mapped_RIN_l2_10_0', 0.0, 0, 0.0, nan)
1) ('resnet50_robust_mapped_RIN_l2_10_0', 0.1, 200, 0.02, nan)
2) ('resnet50_robust_mapped_RIN_l2_10_0', 0.5, 200, 0.1, nan)
3) ('resnet50_robust_mapped_RIN_l2_10_0', 1.0, 200, 0.3, nan)
4) ('resnet50_robust_mapped_RIN_l2_10_0', 2.0, 200, 0.3, nan)
5) ('resnet50_robust_mapped_RIN_l2_10_0', 3.0, 200, 0.3, nan)
6) ('resnet50_robust_mapped_RIN_l2_10_0', 5.0, 500, 0.5, nan)
7) ('resnet50_robust_mapped_RIN_l2_10_0', 7.5, 500, 0.5, nan)
8) ('resnet50_robust_mapped_RIN_l2_10_0', 10.0, 500, 0.5, nan)
9) ('resnet50_robust_mapped_RIN_l2_10_0', 15.0, 500, 0.5, nan)
10) ('resnet50_robust_mapped_RIN_l2_10_0', 20.0, 1000, 0.5, nan)
11) ('resnet50_robust_mapped_RIN_l2_10_0', 25.0, 1000, 0.5, nan)
12) ('resnet50_robust_mapped_RIN_l2_10_0', 30.0, 2000, 2.0, nan)
13) ('resnet50_robust_mapped_RIN_l2_10_0', 40.0, 2000, 2.0, nan)
14) ('resnet50_robust_mapped_RIN_l2_10_0', 50.0, 2000, 2.0, nan)
15) ('resnet50_robust_mapped_RIN_l2_10_0', 100.0, 5000, 2.0, nan)
16) ('resnet50_robust_mapped_RIN_l2_1_0', 0.0, 0, 0.0, nan)
17) ('resnet50_robust_mapped_RIN_l2_1_0', 0.1, 200, 0.02, nan)
18) ('resnet50_robust_mapped_RIN_l2_1_0', 0.5, 200, 0.1, nan)
19) ('resnet50_robust_mapped_RIN_l2_1_0', 1.0, 200, 0.3, nan)
20) ('resnet50_robust_mapped_RIN_l2_1_0', 2.0, 200, 0.3, nan)
21) ('resnet50_robust_mapped_RIN_l2_1_0', 3.0, 200, 0.3, nan)
22) ('resnet50_robust_mapped_RIN_l2_1_0', 5.0, 500, 0.5, nan)
23) ('resnet50_robust_mapped_RIN_l2_1_0', 7.5, 500, 0.5, nan)
24) ('resnet50_robust_mapped_RIN_l2_1_0', 10.0, 500, 0.5, nan)
25) ('resnet50_robust_mapped_RIN_l2_1_0', 15.0, 500, 0.5, nan)
26) ('resnet50_robust_mapped_RIN_l2_1_0', 20.0, 1000, 0.5, nan)
27) ('resnet50_robust_mapped_RIN_l2_1_0', 25.0, 1000, 0.5, nan)
28) ('resnet50_robust_mapped_RIN_l2_1_0', 30.0, 2000, 2.0, nan)
29) ('resnet50_robust_mapped_RIN_l2_1_0', 40.0, 2000, 2.0, nan)
30) ('resnet50_robust_mapped_RIN_l2_1_0', 50.0, 2000, 2.0, nan)
31) ('resnet50_robust_mapped_RIN_l2_1_0', 100.0, 5000, 2.0, nan)
32) ('resnet50_robust_mapped_RIN_l2_3_0', 0.0, 0, 0.0, nan)
33) ('resnet50_robust_mapped_RIN_l2_3_0', 0.1, 200, 0.02, nan)
34) ('resnet50_robust_mapped_RIN_l2_3_0', 0.5, 200, 0.1, nan)
35) ('resnet50_robust_mapped_RIN_l2_3_0', 1.0, 200, 0.3, nan)
36) ('resnet50_robust_mapped_RIN_l2_3_0', 2.0, 200, 0.3, nan)
37) ('resnet50_robust_mapped_RIN_l2_3_0', 3.0, 200, 0.3, nan)
38) ('resnet50_robust_mapped_RIN_l2_3_0', 5.0, 500, 0.5, nan)
39) ('resnet50_robust_mapped_RIN_l2_3_0', 7.5, 500, 0.5, nan)
40) ('resnet50_robust_mapped_RIN_l2_3_0', 10.0, 500, 0.5, nan)
41) ('resnet50_robust_mapped_RIN_l2_3_0', 15.0, 500, 0.5, nan)
42) ('resnet50_robust_mapped_RIN_l2_3_0', 20.0, 1000, 0.5, nan)
43) ('resnet50_robust_mapped_RIN_l2_3_0', 25.0, 1000, 0.5, nan)
44) ('resnet50_robust_mapped_RIN_l2_3_0', 30.0, 2000, 2.0, nan)
45) ('resnet50_robust_mapped_RIN_l2_3_0', 40.0, 2000, 2.0, nan)
46) ('resnet50_robust_mapped_RIN_l2_3_0', 50.0, 2000, 2.0, nan)
47) ('resnet50_robust_mapped_RIN_l2_3_0', 100.0, 5000, 2.0, nan)
48) ('resnet50_vanilla_mapped_RIN', 0.0, 0, 0.0, nan)
49) ('resnet50_vanilla_mapped_RIN', 0.1, 200, 0.02, nan)
50) ('resnet50_vanilla_mapped_RIN', 0.5, 200, 0.1, nan)
51) ('resnet50_vanilla_mapped_RIN', 1.0, 200, 0.3, nan)
52) ('resnet50_vanilla_mapped_RIN', 2.0, 200, 0.3, nan)
53) ('resnet50_vanilla_mapped_RIN', 3.0, 200, 0.3, nan)
54) ('resnet50_vanilla_mapped_RIN', 5.0, 500, 0.5, nan)
55) ('resnet50_vanilla_mapped_RIN', 7.5, 500, 0.5, nan)
56) ('resnet50_vanilla_mapped_RIN', 10.0, 500, 0.5, nan)
57) ('resnet50_vanilla_mapped_RIN', 15.0, 500, 0.5, nan)
58) ('resnet50_vanilla_mapped_RIN', 20.0, 1000, 0.5, nan)
59) ('resnet50_vanilla_mapped_RIN', 25.0, 1000, 0.5, nan)
60) ('resnet50_vanilla_mapped_RIN', 30.0, 2000, 2.0, nan)
61) ('resnet50_vanilla_mapped_RIN', 40.0, 2000, 2.0, nan)
62) ('resnet50_vanilla_mapped_RIN', 50.0, 2000, 2.0, nan)
63) ('resnet50_vanilla_mapped_RIN', 100.0, 5000, 2.0, nan)
(*) group(model_name='resnet50_robust_mapped_RIN_l2_3_0', budget=10.0, n_iter=500, step_size=0.5, interp_alpha=nan)
=> loading checkpoint '/project/3018078.01/Gaziv/Wormholes_FB/checkpoints/imagenet_l2_3_0.pt'
=> loaded checkpoint '/project/3018078.01/Gaziv/Wormholes_FB/checkpoints/imagenet_l2_3_0.pt' (epoch 105)
chunk [1/8]
chunk [2/8]
chunk [3/8]
chunk [4/8]
chunk [5/8]
chunk [6/8]
chunk [7/8]
chunk [8/8]
Model-subject [resnet50_robust_mapped_RIN_l2_1_0_v2]
=> loading checkpoint '/project/3018078.01/Gaziv/Wormholes_FB/checkpoints/imagenet_l2_1_0_v2.pt'
=> loaded checkpoint '/project/3018078.01/Gaziv/Wormholes_FB/checkpoints/imagenet_l2_1_0_v2.pt' (epoch 176)
Model-subject [resnet50_robust_mapped_RIN_l2_3_0_v2]
=> loading checkpoint '/project/3018078.01/Gaziv/Wormholes_FB/checkpoints/imagenet_l2_3_0_v2.pt'
=> loaded checkpoint '/project/3018078.01/Gaziv/Wormholes_FB/checkpoints/imagenet_l2_3_0_v2.pt' (epoch 131)
Model-subject [resnet50_robust_mapped_RIN_l2_10_0_v2]
=> loading checkpoint '/project/3018078.01/Gaziv/Wormholes_FB/checkpoints/imagenet_l2_10_0_v2.pt'
=> loaded checkpoint '/project/3018078.01/Gaziv/Wormholes_FB/checkpoints/imagenet_l2_10_0_v2.pt' (epoch 200)
Model-subject [resnet50_vanilla_mapped_RIN_v2]
=> loading checkpoint '/project/3018078.01/Gaziv/Wormholes_FB/checkpoints/imagenet_vanilla_v2.pt'
=> loaded checkpoint '/project/3018078.01/Gaziv/Wormholes_FB/checkpoints/imagenet_vanilla_v2.pt' (epoch 171)
Model-subject [resnet50_robust_mapped_RIN_l2_3_0]
=> loading checkpoint '/project/3018078.01/Gaziv/Wormholes_FB/checkpoints/imagenet_l2_3_0.pt'
=> loaded checkpoint '/project/3018078.01/Gaziv/Wormholes_FB/checkpoints/imagenet_l2_3_0.pt' (epoch 105)
Done.
Running iteration: 41
Job [41]
Total number of configs: 64
0) ('resnet50_robust_mapped_RIN_l2_10_0', 0.0, 0, 0.0, nan)
1) ('resnet50_robust_mapped_RIN_l2_10_0', 0.1, 200, 0.02, nan)
2) ('resnet50_robust_mapped_RIN_l2_10_0', 0.5, 200, 0.1, nan)
3) ('resnet50_robust_mapped_RIN_l2_10_0', 1.0, 200, 0.3, nan)
4) ('resnet50_robust_mapped_RIN_l2_10_0', 2.0, 200, 0.3, nan)
5) ('resnet50_robust_mapped_RIN_l2_10_0', 3.0, 200, 0.3, nan)
6) ('resnet50_robust_mapped_RIN_l2_10_0', 5.0, 500, 0.5, nan)
7) ('resnet50_robust_mapped_RIN_l2_10_0', 7.5, 500, 0.5, nan)
8) ('resnet50_robust_mapped_RIN_l2_10_0', 10.0, 500, 0.5, nan)
9) ('resnet50_robust_mapped_RIN_l2_10_0', 15.0, 500, 0.5, nan)
10) ('resnet50_robust_mapped_RIN_l2_10_0', 20.0, 1000, 0.5, nan)
11) ('resnet50_robust_mapped_RIN_l2_10_0', 25.0, 1000, 0.5, nan)
12) ('resnet50_robust_mapped_RIN_l2_10_0', 30.0, 2000, 2.0, nan)
13) ('resnet50_robust_mapped_RIN_l2_10_0', 40.0, 2000, 2.0, nan)
14) ('resnet50_robust_mapped_RIN_l2_10_0', 50.0, 2000, 2.0, nan)
15) ('resnet50_robust_mapped_RIN_l2_10_0', 100.0, 5000, 2.0, nan)
16) ('resnet50_robust_mapped_RIN_l2_1_0', 0.0, 0, 0.0, nan)
17) ('resnet50_robust_mapped_RIN_l2_1_0', 0.1, 200, 0.02, nan)
18) ('resnet50_robust_mapped_RIN_l2_1_0', 0.5, 200, 0.1, nan)
19) ('resnet50_robust_mapped_RIN_l2_1_0', 1.0, 200, 0.3, nan)
20) ('resnet50_robust_mapped_RIN_l2_1_0', 2.0, 200, 0.3, nan)
21) ('resnet50_robust_mapped_RIN_l2_1_0', 3.0, 200, 0.3, nan)
22) ('resnet50_robust_mapped_RIN_l2_1_0', 5.0, 500, 0.5, nan)
23) ('resnet50_robust_mapped_RIN_l2_1_0', 7.5, 500, 0.5, nan)
24) ('resnet50_robust_mapped_RIN_l2_1_0', 10.0, 500, 0.5, nan)
25) ('resnet50_robust_mapped_RIN_l2_1_0', 15.0, 500, 0.5, nan)
26) ('resnet50_robust_mapped_RIN_l2_1_0', 20.0, 1000, 0.5, nan)
27) ('resnet50_robust_mapped_RIN_l2_1_0', 25.0, 1000, 0.5, nan)
28) ('resnet50_robust_mapped_RIN_l2_1_0', 30.0, 2000, 2.0, nan)
29) ('resnet50_robust_mapped_RIN_l2_1_0', 40.0, 2000, 2.0, nan)
30) ('resnet50_robust_mapped_RIN_l2_1_0', 50.0, 2000, 2.0, nan)
31) ('resnet50_robust_mapped_RIN_l2_1_0', 100.0, 5000, 2.0, nan)
32) ('resnet50_robust_mapped_RIN_l2_3_0', 0.0, 0, 0.0, nan)
33) ('resnet50_robust_mapped_RIN_l2_3_0', 0.1, 200, 0.02, nan)
34) ('resnet50_robust_mapped_RIN_l2_3_0', 0.5, 200, 0.1, nan)
35) ('resnet50_robust_mapped_RIN_l2_3_0', 1.0, 200, 0.3, nan)
36) ('resnet50_robust_mapped_RIN_l2_3_0', 2.0, 200, 0.3, nan)
37) ('resnet50_robust_mapped_RIN_l2_3_0', 3.0, 200, 0.3, nan)
38) ('resnet50_robust_mapped_RIN_l2_3_0', 5.0, 500, 0.5, nan)
39) ('resnet50_robust_mapped_RIN_l2_3_0', 7.5, 500, 0.5, nan)
40) ('resnet50_robust_mapped_RIN_l2_3_0', 10.0, 500, 0.5, nan)
41) ('resnet50_robust_mapped_RIN_l2_3_0', 15.0, 500, 0.5, nan)
42) ('resnet50_robust_mapped_RIN_l2_3_0', 20.0, 1000, 0.5, nan)
43) ('resnet50_robust_mapped_RIN_l2_3_0', 25.0, 1000, 0.5, nan)
44) ('resnet50_robust_mapped_RIN_l2_3_0', 30.0, 2000, 2.0, nan)
45) ('resnet50_robust_mapped_RIN_l2_3_0', 40.0, 2000, 2.0, nan)
46) ('resnet50_robust_mapped_RIN_l2_3_0', 50.0, 2000, 2.0, nan)
47) ('resnet50_robust_mapped_RIN_l2_3_0', 100.0, 5000, 2.0, nan)
48) ('resnet50_vanilla_mapped_RIN', 0.0, 0, 0.0, nan)
49) ('resnet50_vanilla_mapped_RIN', 0.1, 200, 0.02, nan)
50) ('resnet50_vanilla_mapped_RIN', 0.5, 200, 0.1, nan)
51) ('resnet50_vanilla_mapped_RIN', 1.0, 200, 0.3, nan)
52) ('resnet50_vanilla_mapped_RIN', 2.0, 200, 0.3, nan)
53) ('resnet50_vanilla_mapped_RIN', 3.0, 200, 0.3, nan)
54) ('resnet50_vanilla_mapped_RIN', 5.0, 500, 0.5, nan)
55) ('resnet50_vanilla_mapped_RIN', 7.5, 500, 0.5, nan)
56) ('resnet50_vanilla_mapped_RIN', 10.0, 500, 0.5, nan)
57) ('resnet50_vanilla_mapped_RIN', 15.0, 500, 0.5, nan)
58) ('resnet50_vanilla_mapped_RIN', 20.0, 1000, 0.5, nan)
59) ('resnet50_vanilla_mapped_RIN', 25.0, 1000, 0.5, nan)
60) ('resnet50_vanilla_mapped_RIN', 30.0, 2000, 2.0, nan)
61) ('resnet50_vanilla_mapped_RIN', 40.0, 2000, 2.0, nan)
62) ('resnet50_vanilla_mapped_RIN', 50.0, 2000, 2.0, nan)
63) ('resnet50_vanilla_mapped_RIN', 100.0, 5000, 2.0, nan)
(*) group(model_name='resnet50_robust_mapped_RIN_l2_3_0', budget=15.0, n_iter=500, step_size=0.5, interp_alpha=nan)
=> loading checkpoint '/project/3018078.01/Gaziv/Wormholes_FB/checkpoints/imagenet_l2_3_0.pt'
=> loaded checkpoint '/project/3018078.01/Gaziv/Wormholes_FB/checkpoints/imagenet_l2_3_0.pt' (epoch 105)
chunk [1/8]
chunk [2/8]
chunk [3/8]
chunk [4/8]
chunk [5/8]
chunk [6/8]
chunk [7/8]
chunk [8/8]
Model-subject [resnet50_robust_mapped_RIN_l2_1_0_v2]
=> loading checkpoint '/project/3018078.01/Gaziv/Wormholes_FB/checkpoints/imagenet_l2_1_0_v2.pt'
=> loaded checkpoint '/project/3018078.01/Gaziv/Wormholes_FB/checkpoints/imagenet_l2_1_0_v2.pt' (epoch 176)
Model-subject [resnet50_robust_mapped_RIN_l2_3_0_v2]
=> loading checkpoint '/project/3018078.01/Gaziv/Wormholes_FB/checkpoints/imagenet_l2_3_0_v2.pt'
=> loaded checkpoint '/project/3018078.01/Gaziv/Wormholes_FB/checkpoints/imagenet_l2_3_0_v2.pt' (epoch 131)
Model-subject [resnet50_robust_mapped_RIN_l2_10_0_v2]
=> loading checkpoint '/project/3018078.01/Gaziv/Wormholes_FB/checkpoints/imagenet_l2_10_0_v2.pt'
=> loaded checkpoint '/project/3018078.01/Gaziv/Wormholes_FB/checkpoints/imagenet_l2_10_0_v2.pt' (epoch 200)
Model-subject [resnet50_vanilla_mapped_RIN_v2]
=> loading checkpoint '/project/3018078.01/Gaziv/Wormholes_FB/checkpoints/imagenet_vanilla_v2.pt'
=> loaded checkpoint '/project/3018078.01/Gaziv/Wormholes_FB/checkpoints/imagenet_vanilla_v2.pt' (epoch 171)
Model-subject [resnet50_robust_mapped_RIN_l2_3_0]
=> loading checkpoint '/project/3018078.01/Gaziv/Wormholes_FB/checkpoints/imagenet_l2_3_0.pt'
=> loaded checkpoint '/project/3018078.01/Gaziv/Wormholes_FB/checkpoints/imagenet_l2_3_0.pt' (epoch 105)
Done.
Running iteration: 42
Job [42]
Total number of configs: 64
0) ('resnet50_robust_mapped_RIN_l2_10_0', 0.0, 0, 0.0, nan)
1) ('resnet50_robust_mapped_RIN_l2_10_0', 0.1, 200, 0.02, nan)
2) ('resnet50_robust_mapped_RIN_l2_10_0', 0.5, 200, 0.1, nan)
3) ('resnet50_robust_mapped_RIN_l2_10_0', 1.0, 200, 0.3, nan)
4) ('resnet50_robust_mapped_RIN_l2_10_0', 2.0, 200, 0.3, nan)
5) ('resnet50_robust_mapped_RIN_l2_10_0', 3.0, 200, 0.3, nan)
6) ('resnet50_robust_mapped_RIN_l2_10_0', 5.0, 500, 0.5, nan)
7) ('resnet50_robust_mapped_RIN_l2_10_0', 7.5, 500, 0.5, nan)
8) ('resnet50_robust_mapped_RIN_l2_10_0', 10.0, 500, 0.5, nan)
9) ('resnet50_robust_mapped_RIN_l2_10_0', 15.0, 500, 0.5, nan)
10) ('resnet50_robust_mapped_RIN_l2_10_0', 20.0, 1000, 0.5, nan)
11) ('resnet50_robust_mapped_RIN_l2_10_0', 25.0, 1000, 0.5, nan)
12) ('resnet50_robust_mapped_RIN_l2_10_0', 30.0, 2000, 2.0, nan)
13) ('resnet50_robust_mapped_RIN_l2_10_0', 40.0, 2000, 2.0, nan)
14) ('resnet50_robust_mapped_RIN_l2_10_0', 50.0, 2000, 2.0, nan)
15) ('resnet50_robust_mapped_RIN_l2_10_0', 100.0, 5000, 2.0, nan)
16) ('resnet50_robust_mapped_RIN_l2_1_0', 0.0, 0, 0.0, nan)
17) ('resnet50_robust_mapped_RIN_l2_1_0', 0.1, 200, 0.02, nan)
18) ('resnet50_robust_mapped_RIN_l2_1_0', 0.5, 200, 0.1, nan)
19) ('resnet50_robust_mapped_RIN_l2_1_0', 1.0, 200, 0.3, nan)
20) ('resnet50_robust_mapped_RIN_l2_1_0', 2.0, 200, 0.3, nan)
21) ('resnet50_robust_mapped_RIN_l2_1_0', 3.0, 200, 0.3, nan)
22) ('resnet50_robust_mapped_RIN_l2_1_0', 5.0, 500, 0.5, nan)
23) ('resnet50_robust_mapped_RIN_l2_1_0', 7.5, 500, 0.5, nan)
24) ('resnet50_robust_mapped_RIN_l2_1_0', 10.0, 500, 0.5, nan)
25) ('resnet50_robust_mapped_RIN_l2_1_0', 15.0, 500, 0.5, nan)
26) ('resnet50_robust_mapped_RIN_l2_1_0', 20.0, 1000, 0.5, nan)
27) ('resnet50_robust_mapped_RIN_l2_1_0', 25.0, 1000, 0.5, nan)
28) ('resnet50_robust_mapped_RIN_l2_1_0', 30.0, 2000, 2.0, nan)
29) ('resnet50_robust_mapped_RIN_l2_1_0', 40.0, 2000, 2.0, nan)
30) ('resnet50_robust_mapped_RIN_l2_1_0', 50.0, 2000, 2.0, nan)
31) ('resnet50_robust_mapped_RIN_l2_1_0', 100.0, 5000, 2.0, nan)
32) ('resnet50_robust_mapped_RIN_l2_3_0', 0.0, 0, 0.0, nan)
33) ('resnet50_robust_mapped_RIN_l2_3_0', 0.1, 200, 0.02, nan)
34) ('resnet50_robust_mapped_RIN_l2_3_0', 0.5, 200, 0.1, nan)
35) ('resnet50_robust_mapped_RIN_l2_3_0', 1.0, 200, 0.3, nan)
36) ('resnet50_robust_mapped_RIN_l2_3_0', 2.0, 200, 0.3, nan)
37) ('resnet50_robust_mapped_RIN_l2_3_0', 3.0, 200, 0.3, nan)
38) ('resnet50_robust_mapped_RIN_l2_3_0', 5.0, 500, 0.5, nan)
39) ('resnet50_robust_mapped_RIN_l2_3_0', 7.5, 500, 0.5, nan)
40) ('resnet50_robust_mapped_RIN_l2_3_0', 10.0, 500, 0.5, nan)
41) ('resnet50_robust_mapped_RIN_l2_3_0', 15.0, 500, 0.5, nan)
42) ('resnet50_robust_mapped_RIN_l2_3_0', 20.0, 1000, 0.5, nan)
43) ('resnet50_robust_mapped_RIN_l2_3_0', 25.0, 1000, 0.5, nan)
44) ('resnet50_robust_mapped_RIN_l2_3_0', 30.0, 2000, 2.0, nan)
45) ('resnet50_robust_mapped_RIN_l2_3_0', 40.0, 2000, 2.0, nan)
46) ('resnet50_robust_mapped_RIN_l2_3_0', 50.0, 2000, 2.0, nan)
47) ('resnet50_robust_mapped_RIN_l2_3_0', 100.0, 5000, 2.0, nan)
48) ('resnet50_vanilla_mapped_RIN', 0.0, 0, 0.0, nan)
49) ('resnet50_vanilla_mapped_RIN', 0.1, 200, 0.02, nan)
50) ('resnet50_vanilla_mapped_RIN', 0.5, 200, 0.1, nan)
51) ('resnet50_vanilla_mapped_RIN', 1.0, 200, 0.3, nan)
52) ('resnet50_vanilla_mapped_RIN', 2.0, 200, 0.3, nan)
53) ('resnet50_vanilla_mapped_RIN', 3.0, 200, 0.3, nan)
54) ('resnet50_vanilla_mapped_RIN', 5.0, 500, 0.5, nan)
55) ('resnet50_vanilla_mapped_RIN', 7.5, 500, 0.5, nan)
56) ('resnet50_vanilla_mapped_RIN', 10.0, 500, 0.5, nan)
57) ('resnet50_vanilla_mapped_RIN', 15.0, 500, 0.5, nan)
58) ('resnet50_vanilla_mapped_RIN', 20.0, 1000, 0.5, nan)
59) ('resnet50_vanilla_mapped_RIN', 25.0, 1000, 0.5, nan)
60) ('resnet50_vanilla_mapped_RIN', 30.0, 2000, 2.0, nan)
61) ('resnet50_vanilla_mapped_RIN', 40.0, 2000, 2.0, nan)
62) ('resnet50_vanilla_mapped_RIN', 50.0, 2000, 2.0, nan)
63) ('resnet50_vanilla_mapped_RIN', 100.0, 5000, 2.0, nan)
(*) group(model_name='resnet50_robust_mapped_RIN_l2_3_0', budget=20.0, n_iter=1000, step_size=0.5, interp_alpha=nan)
=> loading checkpoint '/project/3018078.01/Gaziv/Wormholes_FB/checkpoints/imagenet_l2_3_0.pt'
=> loaded checkpoint '/project/3018078.01/Gaziv/Wormholes_FB/checkpoints/imagenet_l2_3_0.pt' (epoch 105)
chunk [1/8]
chunk [2/8]
chunk [3/8]
chunk [4/8]
chunk [5/8]
chunk [6/8]
chunk [7/8]
chunk [8/8]
Model-subject [resnet50_robust_mapped_RIN_l2_1_0_v2]
=> loading checkpoint '/project/3018078.01/Gaziv/Wormholes_FB/checkpoints/imagenet_l2_1_0_v2.pt'
=> loaded checkpoint '/project/3018078.01/Gaziv/Wormholes_FB/checkpoints/imagenet_l2_1_0_v2.pt' (epoch 176)
Model-subject [resnet50_robust_mapped_RIN_l2_3_0_v2]
=> loading checkpoint '/project/3018078.01/Gaziv/Wormholes_FB/checkpoints/imagenet_l2_3_0_v2.pt'
=> loaded checkpoint '/project/3018078.01/Gaziv/Wormholes_FB/checkpoints/imagenet_l2_3_0_v2.pt' (epoch 131)
Model-subject [resnet50_robust_mapped_RIN_l2_10_0_v2]
=> loading checkpoint '/project/3018078.01/Gaziv/Wormholes_FB/checkpoints/imagenet_l2_10_0_v2.pt'
=> loaded checkpoint '/project/3018078.01/Gaziv/Wormholes_FB/checkpoints/imagenet_l2_10_0_v2.pt' (epoch 200)
Model-subject [resnet50_vanilla_mapped_RIN_v2]
=> loading checkpoint '/project/3018078.01/Gaziv/Wormholes_FB/checkpoints/imagenet_vanilla_v2.pt'
=> loaded checkpoint '/project/3018078.01/Gaziv/Wormholes_FB/checkpoints/imagenet_vanilla_v2.pt' (epoch 171)
Model-subject [resnet50_robust_mapped_RIN_l2_3_0]
=> loading checkpoint '/project/3018078.01/Gaziv/Wormholes_FB/checkpoints/imagenet_l2_3_0.pt'
=> loaded checkpoint '/project/3018078.01/Gaziv/Wormholes_FB/checkpoints/imagenet_l2_3_0.pt' (epoch 105)
Done.
Running iteration: 43
Job [43]
Total number of configs: 64
0) ('resnet50_robust_mapped_RIN_l2_10_0', 0.0, 0, 0.0, nan)
1) ('resnet50_robust_mapped_RIN_l2_10_0', 0.1, 200, 0.02, nan)
2) ('resnet50_robust_mapped_RIN_l2_10_0', 0.5, 200, 0.1, nan)
3) ('resnet50_robust_mapped_RIN_l2_10_0', 1.0, 200, 0.3, nan)
4) ('resnet50_robust_mapped_RIN_l2_10_0', 2.0, 200, 0.3, nan)
5) ('resnet50_robust_mapped_RIN_l2_10_0', 3.0, 200, 0.3, nan)
6) ('resnet50_robust_mapped_RIN_l2_10_0', 5.0, 500, 0.5, nan)
7) ('resnet50_robust_mapped_RIN_l2_10_0', 7.5, 500, 0.5, nan)
8) ('resnet50_robust_mapped_RIN_l2_10_0', 10.0, 500, 0.5, nan)
9) ('resnet50_robust_mapped_RIN_l2_10_0', 15.0, 500, 0.5, nan)
10) ('resnet50_robust_mapped_RIN_l2_10_0', 20.0, 1000, 0.5, nan)
11) ('resnet50_robust_mapped_RIN_l2_10_0', 25.0, 1000, 0.5, nan)
12) ('resnet50_robust_mapped_RIN_l2_10_0', 30.0, 2000, 2.0, nan)
13) ('resnet50_robust_mapped_RIN_l2_10_0', 40.0, 2000, 2.0, nan)
14) ('resnet50_robust_mapped_RIN_l2_10_0', 50.0, 2000, 2.0, nan)
15) ('resnet50_robust_mapped_RIN_l2_10_0', 100.0, 5000, 2.0, nan)
16) ('resnet50_robust_mapped_RIN_l2_1_0', 0.0, 0, 0.0, nan)
17) ('resnet50_robust_mapped_RIN_l2_1_0', 0.1, 200, 0.02, nan)
18) ('resnet50_robust_mapped_RIN_l2_1_0', 0.5, 200, 0.1, nan)
19) ('resnet50_robust_mapped_RIN_l2_1_0', 1.0, 200, 0.3, nan)
20) ('resnet50_robust_mapped_RIN_l2_1_0', 2.0, 200, 0.3, nan)
21) ('resnet50_robust_mapped_RIN_l2_1_0', 3.0, 200, 0.3, nan)
22) ('resnet50_robust_mapped_RIN_l2_1_0', 5.0, 500, 0.5, nan)
23) ('resnet50_robust_mapped_RIN_l2_1_0', 7.5, 500, 0.5, nan)
24) ('resnet50_robust_mapped_RIN_l2_1_0', 10.0, 500, 0.5, nan)
25) ('resnet50_robust_mapped_RIN_l2_1_0', 15.0, 500, 0.5, nan)
26) ('resnet50_robust_mapped_RIN_l2_1_0', 20.0, 1000, 0.5, nan)
27) ('resnet50_robust_mapped_RIN_l2_1_0', 25.0, 1000, 0.5, nan)
28) ('resnet50_robust_mapped_RIN_l2_1_0', 30.0, 2000, 2.0, nan)
29) ('resnet50_robust_mapped_RIN_l2_1_0', 40.0, 2000, 2.0, nan)
30) ('resnet50_robust_mapped_RIN_l2_1_0', 50.0, 2000, 2.0, nan)
31) ('resnet50_robust_mapped_RIN_l2_1_0', 100.0, 5000, 2.0, nan)
32) ('resnet50_robust_mapped_RIN_l2_3_0', 0.0, 0, 0.0, nan)
33) ('resnet50_robust_mapped_RIN_l2_3_0', 0.1, 200, 0.02, nan)
34) ('resnet50_robust_mapped_RIN_l2_3_0', 0.5, 200, 0.1, nan)
35) ('resnet50_robust_mapped_RIN_l2_3_0', 1.0, 200, 0.3, nan)
36) ('resnet50_robust_mapped_RIN_l2_3_0', 2.0, 200, 0.3, nan)
37) ('resnet50_robust_mapped_RIN_l2_3_0', 3.0, 200, 0.3, nan)
38) ('resnet50_robust_mapped_RIN_l2_3_0', 5.0, 500, 0.5, nan)
39) ('resnet50_robust_mapped_RIN_l2_3_0', 7.5, 500, 0.5, nan)
40) ('resnet50_robust_mapped_RIN_l2_3_0', 10.0, 500, 0.5, nan)
41) ('resnet50_robust_mapped_RIN_l2_3_0', 15.0, 500, 0.5, nan)
42) ('resnet50_robust_mapped_RIN_l2_3_0', 20.0, 1000, 0.5, nan)
43) ('resnet50_robust_mapped_RIN_l2_3_0', 25.0, 1000, 0.5, nan)
44) ('resnet50_robust_mapped_RIN_l2_3_0', 30.0, 2000, 2.0, nan)
45) ('resnet50_robust_mapped_RIN_l2_3_0', 40.0, 2000, 2.0, nan)
46) ('resnet50_robust_mapped_RIN_l2_3_0', 50.0, 2000, 2.0, nan)
47) ('resnet50_robust_mapped_RIN_l2_3_0', 100.0, 5000, 2.0, nan)
48) ('resnet50_vanilla_mapped_RIN', 0.0, 0, 0.0, nan)
49) ('resnet50_vanilla_mapped_RIN', 0.1, 200, 0.02, nan)
50) ('resnet50_vanilla_mapped_RIN', 0.5, 200, 0.1, nan)
51) ('resnet50_vanilla_mapped_RIN', 1.0, 200, 0.3, nan)
52) ('resnet50_vanilla_mapped_RIN', 2.0, 200, 0.3, nan)
53) ('resnet50_vanilla_mapped_RIN', 3.0, 200, 0.3, nan)
54) ('resnet50_vanilla_mapped_RIN', 5.0, 500, 0.5, nan)
55) ('resnet50_vanilla_mapped_RIN', 7.5, 500, 0.5, nan)
56) ('resnet50_vanilla_mapped_RIN', 10.0, 500, 0.5, nan)
57) ('resnet50_vanilla_mapped_RIN', 15.0, 500, 0.5, nan)
58) ('resnet50_vanilla_mapped_RIN', 20.0, 1000, 0.5, nan)
59) ('resnet50_vanilla_mapped_RIN', 25.0, 1000, 0.5, nan)
60) ('resnet50_vanilla_mapped_RIN', 30.0, 2000, 2.0, nan)
61) ('resnet50_vanilla_mapped_RIN', 40.0, 2000, 2.0, nan)
62) ('resnet50_vanilla_mapped_RIN', 50.0, 2000, 2.0, nan)
63) ('resnet50_vanilla_mapped_RIN', 100.0, 5000, 2.0, nan)
(*) group(model_name='resnet50_robust_mapped_RIN_l2_3_0', budget=25.0, n_iter=1000, step_size=0.5, interp_alpha=nan)
=> loading checkpoint '/project/3018078.01/Gaziv/Wormholes_FB/checkpoints/imagenet_l2_3_0.pt'
=> loaded checkpoint '/project/3018078.01/Gaziv/Wormholes_FB/checkpoints/imagenet_l2_3_0.pt' (epoch 105)
chunk [1/8]
chunk [2/8]
chunk [3/8]
chunk [4/8]
chunk [5/8]
chunk [6/8]
chunk [7/8]
chunk [8/8]
Model-subject [resnet50_robust_mapped_RIN_l2_1_0_v2]
=> loading checkpoint '/project/3018078.01/Gaziv/Wormholes_FB/checkpoints/imagenet_l2_1_0_v2.pt'
=> loaded checkpoint '/project/3018078.01/Gaziv/Wormholes_FB/checkpoints/imagenet_l2_1_0_v2.pt' (epoch 176)
Model-subject [resnet50_robust_mapped_RIN_l2_3_0_v2]
=> loading checkpoint '/project/3018078.01/Gaziv/Wormholes_FB/checkpoints/imagenet_l2_3_0_v2.pt'
=> loaded checkpoint '/project/3018078.01/Gaziv/Wormholes_FB/checkpoints/imagenet_l2_3_0_v2.pt' (epoch 131)
Model-subject [resnet50_robust_mapped_RIN_l2_10_0_v2]
=> loading checkpoint '/project/3018078.01/Gaziv/Wormholes_FB/checkpoints/imagenet_l2_10_0_v2.pt'
=> loaded checkpoint '/project/3018078.01/Gaziv/Wormholes_FB/checkpoints/imagenet_l2_10_0_v2.pt' (epoch 200)
Model-subject [resnet50_vanilla_mapped_RIN_v2]
=> loading checkpoint '/project/3018078.01/Gaziv/Wormholes_FB/checkpoints/imagenet_vanilla_v2.pt'
=> loaded checkpoint '/project/3018078.01/Gaziv/Wormholes_FB/checkpoints/imagenet_vanilla_v2.pt' (epoch 171)
Model-subject [resnet50_robust_mapped_RIN_l2_3_0]
=> loading checkpoint '/project/3018078.01/Gaziv/Wormholes_FB/checkpoints/imagenet_l2_3_0.pt'
=> loaded checkpoint '/project/3018078.01/Gaziv/Wormholes_FB/checkpoints/imagenet_l2_3_0.pt' (epoch 105)
Done.
Running iteration: 44
Job [44]
Total number of configs: 64
0) ('resnet50_robust_mapped_RIN_l2_10_0', 0.0, 0, 0.0, nan)
1) ('resnet50_robust_mapped_RIN_l2_10_0', 0.1, 200, 0.02, nan)
2) ('resnet50_robust_mapped_RIN_l2_10_0', 0.5, 200, 0.1, nan)
3) ('resnet50_robust_mapped_RIN_l2_10_0', 1.0, 200, 0.3, nan)
4) ('resnet50_robust_mapped_RIN_l2_10_0', 2.0, 200, 0.3, nan)
5) ('resnet50_robust_mapped_RIN_l2_10_0', 3.0, 200, 0.3, nan)
6) ('resnet50_robust_mapped_RIN_l2_10_0', 5.0, 500, 0.5, nan)
7) ('resnet50_robust_mapped_RIN_l2_10_0', 7.5, 500, 0.5, nan)
8) ('resnet50_robust_mapped_RIN_l2_10_0', 10.0, 500, 0.5, nan)
9) ('resnet50_robust_mapped_RIN_l2_10_0', 15.0, 500, 0.5, nan)
10) ('resnet50_robust_mapped_RIN_l2_10_0', 20.0, 1000, 0.5, nan)
11) ('resnet50_robust_mapped_RIN_l2_10_0', 25.0, 1000, 0.5, nan)
12) ('resnet50_robust_mapped_RIN_l2_10_0', 30.0, 2000, 2.0, nan)
13) ('resnet50_robust_mapped_RIN_l2_10_0', 40.0, 2000, 2.0, nan)
14) ('resnet50_robust_mapped_RIN_l2_10_0', 50.0, 2000, 2.0, nan)
15) ('resnet50_robust_mapped_RIN_l2_10_0', 100.0, 5000, 2.0, nan)
16) ('resnet50_robust_mapped_RIN_l2_1_0', 0.0, 0, 0.0, nan)
17) ('resnet50_robust_mapped_RIN_l2_1_0', 0.1, 200, 0.02, nan)
18) ('resnet50_robust_mapped_RIN_l2_1_0', 0.5, 200, 0.1, nan)
19) ('resnet50_robust_mapped_RIN_l2_1_0', 1.0, 200, 0.3, nan)
20) ('resnet50_robust_mapped_RIN_l2_1_0', 2.0, 200, 0.3, nan)
21) ('resnet50_robust_mapped_RIN_l2_1_0', 3.0, 200, 0.3, nan)
22) ('resnet50_robust_mapped_RIN_l2_1_0', 5.0, 500, 0.5, nan)
23) ('resnet50_robust_mapped_RIN_l2_1_0', 7.5, 500, 0.5, nan)
24) ('resnet50_robust_mapped_RIN_l2_1_0', 10.0, 500, 0.5, nan)
25) ('resnet50_robust_mapped_RIN_l2_1_0', 15.0, 500, 0.5, nan)
26) ('resnet50_robust_mapped_RIN_l2_1_0', 20.0, 1000, 0.5, nan)
27) ('resnet50_robust_mapped_RIN_l2_1_0', 25.0, 1000, 0.5, nan)
28) ('resnet50_robust_mapped_RIN_l2_1_0', 30.0, 2000, 2.0, nan)
29) ('resnet50_robust_mapped_RIN_l2_1_0', 40.0, 2000, 2.0, nan)
30) ('resnet50_robust_mapped_RIN_l2_1_0', 50.0, 2000, 2.0, nan)
31) ('resnet50_robust_mapped_RIN_l2_1_0', 100.0, 5000, 2.0, nan)
32) ('resnet50_robust_mapped_RIN_l2_3_0', 0.0, 0, 0.0, nan)
33) ('resnet50_robust_mapped_RIN_l2_3_0', 0.1, 200, 0.02, nan)
34) ('resnet50_robust_mapped_RIN_l2_3_0', 0.5, 200, 0.1, nan)
35) ('resnet50_robust_mapped_RIN_l2_3_0', 1.0, 200, 0.3, nan)
36) ('resnet50_robust_mapped_RIN_l2_3_0', 2.0, 200, 0.3, nan)
37) ('resnet50_robust_mapped_RIN_l2_3_0', 3.0, 200, 0.3, nan)
38) ('resnet50_robust_mapped_RIN_l2_3_0', 5.0, 500, 0.5, nan)
39) ('resnet50_robust_mapped_RIN_l2_3_0', 7.5, 500, 0.5, nan)
40) ('resnet50_robust_mapped_RIN_l2_3_0', 10.0, 500, 0.5, nan)
41) ('resnet50_robust_mapped_RIN_l2_3_0', 15.0, 500, 0.5, nan)
42) ('resnet50_robust_mapped_RIN_l2_3_0', 20.0, 1000, 0.5, nan)
43) ('resnet50_robust_mapped_RIN_l2_3_0', 25.0, 1000, 0.5, nan)
44) ('resnet50_robust_mapped_RIN_l2_3_0', 30.0, 2000, 2.0, nan)
45) ('resnet50_robust_mapped_RIN_l2_3_0', 40.0, 2000, 2.0, nan)
46) ('resnet50_robust_mapped_RIN_l2_3_0', 50.0, 2000, 2.0, nan)
47) ('resnet50_robust_mapped_RIN_l2_3_0', 100.0, 5000, 2.0, nan)
48) ('resnet50_vanilla_mapped_RIN', 0.0, 0, 0.0, nan)
49) ('resnet50_vanilla_mapped_RIN', 0.1, 200, 0.02, nan)
50) ('resnet50_vanilla_mapped_RIN', 0.5, 200, 0.1, nan)
51) ('resnet50_vanilla_mapped_RIN', 1.0, 200, 0.3, nan)
52) ('resnet50_vanilla_mapped_RIN', 2.0, 200, 0.3, nan)
53) ('resnet50_vanilla_mapped_RIN', 3.0, 200, 0.3, nan)
54) ('resnet50_vanilla_mapped_RIN', 5.0, 500, 0.5, nan)
55) ('resnet50_vanilla_mapped_RIN', 7.5, 500, 0.5, nan)
56) ('resnet50_vanilla_mapped_RIN', 10.0, 500, 0.5, nan)
57) ('resnet50_vanilla_mapped_RIN', 15.0, 500, 0.5, nan)
58) ('resnet50_vanilla_mapped_RIN', 20.0, 1000, 0.5, nan)
59) ('resnet50_vanilla_mapped_RIN', 25.0, 1000, 0.5, nan)
60) ('resnet50_vanilla_mapped_RIN', 30.0, 2000, 2.0, nan)
61) ('resnet50_vanilla_mapped_RIN', 40.0, 2000, 2.0, nan)
62) ('resnet50_vanilla_mapped_RIN', 50.0, 2000, 2.0, nan)
63) ('resnet50_vanilla_mapped_RIN', 100.0, 5000, 2.0, nan)
(*) group(model_name='resnet50_robust_mapped_RIN_l2_3_0', budget=30.0, n_iter=2000, step_size=2.0, interp_alpha=nan)
=> loading checkpoint '/project/3018078.01/Gaziv/Wormholes_FB/checkpoints/imagenet_l2_3_0.pt'
=> loaded checkpoint '/project/3018078.01/Gaziv/Wormholes_FB/checkpoints/imagenet_l2_3_0.pt' (epoch 105)
chunk [1/8]
chunk [2/8]
chunk [3/8]
chunk [4/8]
chunk [5/8]
chunk [6/8]
chunk [7/8]
chunk [8/8]
Model-subject [resnet50_robust_mapped_RIN_l2_1_0_v2]
=> loading checkpoint '/project/3018078.01/Gaziv/Wormholes_FB/checkpoints/imagenet_l2_1_0_v2.pt'
=> loaded checkpoint '/project/3018078.01/Gaziv/Wormholes_FB/checkpoints/imagenet_l2_1_0_v2.pt' (epoch 176)
Model-subject [resnet50_robust_mapped_RIN_l2_3_0_v2]
=> loading checkpoint '/project/3018078.01/Gaziv/Wormholes_FB/checkpoints/imagenet_l2_3_0_v2.pt'
=> loaded checkpoint '/project/3018078.01/Gaziv/Wormholes_FB/checkpoints/imagenet_l2_3_0_v2.pt' (epoch 131)
Model-subject [resnet50_robust_mapped_RIN_l2_10_0_v2]
=> loading checkpoint '/project/3018078.01/Gaziv/Wormholes_FB/checkpoints/imagenet_l2_10_0_v2.pt'
=> loaded checkpoint '/project/3018078.01/Gaziv/Wormholes_FB/checkpoints/imagenet_l2_10_0_v2.pt' (epoch 200)
Model-subject [resnet50_vanilla_mapped_RIN_v2]
=> loading checkpoint '/project/3018078.01/Gaziv/Wormholes_FB/checkpoints/imagenet_vanilla_v2.pt'
=> loaded checkpoint '/project/3018078.01/Gaziv/Wormholes_FB/checkpoints/imagenet_vanilla_v2.pt' (epoch 171)
Model-subject [resnet50_robust_mapped_RIN_l2_3_0]
=> loading checkpoint '/project/3018078.01/Gaziv/Wormholes_FB/checkpoints/imagenet_l2_3_0.pt'
=> loaded checkpoint '/project/3018078.01/Gaziv/Wormholes_FB/checkpoints/imagenet_l2_3_0.pt' (epoch 105)
Done.
Running iteration: 45
Job [45]
Total number of configs: 64
0) ('resnet50_robust_mapped_RIN_l2_10_0', 0.0, 0, 0.0, nan)
1) ('resnet50_robust_mapped_RIN_l2_10_0', 0.1, 200, 0.02, nan)
2) ('resnet50_robust_mapped_RIN_l2_10_0', 0.5, 200, 0.1, nan)
3) ('resnet50_robust_mapped_RIN_l2_10_0', 1.0, 200, 0.3, nan)
4) ('resnet50_robust_mapped_RIN_l2_10_0', 2.0, 200, 0.3, nan)
5) ('resnet50_robust_mapped_RIN_l2_10_0', 3.0, 200, 0.3, nan)
6) ('resnet50_robust_mapped_RIN_l2_10_0', 5.0, 500, 0.5, nan)
7) ('resnet50_robust_mapped_RIN_l2_10_0', 7.5, 500, 0.5, nan)
8) ('resnet50_robust_mapped_RIN_l2_10_0', 10.0, 500, 0.5, nan)
9) ('resnet50_robust_mapped_RIN_l2_10_0', 15.0, 500, 0.5, nan)
10) ('resnet50_robust_mapped_RIN_l2_10_0', 20.0, 1000, 0.5, nan)
11) ('resnet50_robust_mapped_RIN_l2_10_0', 25.0, 1000, 0.5, nan)
12) ('resnet50_robust_mapped_RIN_l2_10_0', 30.0, 2000, 2.0, nan)
13) ('resnet50_robust_mapped_RIN_l2_10_0', 40.0, 2000, 2.0, nan)
14) ('resnet50_robust_mapped_RIN_l2_10_0', 50.0, 2000, 2.0, nan)
15) ('resnet50_robust_mapped_RIN_l2_10_0', 100.0, 5000, 2.0, nan)
16) ('resnet50_robust_mapped_RIN_l2_1_0', 0.0, 0, 0.0, nan)
17) ('resnet50_robust_mapped_RIN_l2_1_0', 0.1, 200, 0.02, nan)
18) ('resnet50_robust_mapped_RIN_l2_1_0', 0.5, 200, 0.1, nan)
19) ('resnet50_robust_mapped_RIN_l2_1_0', 1.0, 200, 0.3, nan)
20) ('resnet50_robust_mapped_RIN_l2_1_0', 2.0, 200, 0.3, nan)
21) ('resnet50_robust_mapped_RIN_l2_1_0', 3.0, 200, 0.3, nan)
22) ('resnet50_robust_mapped_RIN_l2_1_0', 5.0, 500, 0.5, nan)
23) ('resnet50_robust_mapped_RIN_l2_1_0', 7.5, 500, 0.5, nan)
24) ('resnet50_robust_mapped_RIN_l2_1_0', 10.0, 500, 0.5, nan)
25) ('resnet50_robust_mapped_RIN_l2_1_0', 15.0, 500, 0.5, nan)
26) ('resnet50_robust_mapped_RIN_l2_1_0', 20.0, 1000, 0.5, nan)
27) ('resnet50_robust_mapped_RIN_l2_1_0', 25.0, 1000, 0.5, nan)
28) ('resnet50_robust_mapped_RIN_l2_1_0', 30.0, 2000, 2.0, nan)
29) ('resnet50_robust_mapped_RIN_l2_1_0', 40.0, 2000, 2.0, nan)
30) ('resnet50_robust_mapped_RIN_l2_1_0', 50.0, 2000, 2.0, nan)
31) ('resnet50_robust_mapped_RIN_l2_1_0', 100.0, 5000, 2.0, nan)
32) ('resnet50_robust_mapped_RIN_l2_3_0', 0.0, 0, 0.0, nan)
33) ('resnet50_robust_mapped_RIN_l2_3_0', 0.1, 200, 0.02, nan)
34) ('resnet50_robust_mapped_RIN_l2_3_0', 0.5, 200, 0.1, nan)
35) ('resnet50_robust_mapped_RIN_l2_3_0', 1.0, 200, 0.3, nan)
36) ('resnet50_robust_mapped_RIN_l2_3_0', 2.0, 200, 0.3, nan)
37) ('resnet50_robust_mapped_RIN_l2_3_0', 3.0, 200, 0.3, nan)
38) ('resnet50_robust_mapped_RIN_l2_3_0', 5.0, 500, 0.5, nan)
39) ('resnet50_robust_mapped_RIN_l2_3_0', 7.5, 500, 0.5, nan)
40) ('resnet50_robust_mapped_RIN_l2_3_0', 10.0, 500, 0.5, nan)
41) ('resnet50_robust_mapped_RIN_l2_3_0', 15.0, 500, 0.5, nan)
42) ('resnet50_robust_mapped_RIN_l2_3_0', 20.0, 1000, 0.5, nan)
43) ('resnet50_robust_mapped_RIN_l2_3_0', 25.0, 1000, 0.5, nan)
44) ('resnet50_robust_mapped_RIN_l2_3_0', 30.0, 2000, 2.0, nan)
45) ('resnet50_robust_mapped_RIN_l2_3_0', 40.0, 2000, 2.0, nan)
46) ('resnet50_robust_mapped_RIN_l2_3_0', 50.0, 2000, 2.0, nan)
47) ('resnet50_robust_mapped_RIN_l2_3_0', 100.0, 5000, 2.0, nan)
48) ('resnet50_vanilla_mapped_RIN', 0.0, 0, 0.0, nan)
49) ('resnet50_vanilla_mapped_RIN', 0.1, 200, 0.02, nan)
50) ('resnet50_vanilla_mapped_RIN', 0.5, 200, 0.1, nan)
51) ('resnet50_vanilla_mapped_RIN', 1.0, 200, 0.3, nan)
52) ('resnet50_vanilla_mapped_RIN', 2.0, 200, 0.3, nan)
53) ('resnet50_vanilla_mapped_RIN', 3.0, 200, 0.3, nan)
54) ('resnet50_vanilla_mapped_RIN', 5.0, 500, 0.5, nan)
55) ('resnet50_vanilla_mapped_RIN', 7.5, 500, 0.5, nan)
56) ('resnet50_vanilla_mapped_RIN', 10.0, 500, 0.5, nan)
57) ('resnet50_vanilla_mapped_RIN', 15.0, 500, 0.5, nan)
58) ('resnet50_vanilla_mapped_RIN', 20.0, 1000, 0.5, nan)
59) ('resnet50_vanilla_mapped_RIN', 25.0, 1000, 0.5, nan)
60) ('resnet50_vanilla_mapped_RIN', 30.0, 2000, 2.0, nan)
61) ('resnet50_vanilla_mapped_RIN', 40.0, 2000, 2.0, nan)
62) ('resnet50_vanilla_mapped_RIN', 50.0, 2000, 2.0, nan)
63) ('resnet50_vanilla_mapped_RIN', 100.0, 5000, 2.0, nan)
(*) group(model_name='resnet50_robust_mapped_RIN_l2_3_0', budget=40.0, n_iter=2000, step_size=2.0, interp_alpha=nan)
=> loading checkpoint '/project/3018078.01/Gaziv/Wormholes_FB/checkpoints/imagenet_l2_3_0.pt'
=> loaded checkpoint '/project/3018078.01/Gaziv/Wormholes_FB/checkpoints/imagenet_l2_3_0.pt' (epoch 105)
chunk [1/8]
chunk [2/8]
chunk [3/8]
chunk [4/8]
chunk [5/8]
chunk [6/8]
chunk [7/8]
chunk [8/8]
Model-subject [resnet50_robust_mapped_RIN_l2_1_0_v2]
=> loading checkpoint '/project/3018078.01/Gaziv/Wormholes_FB/checkpoints/imagenet_l2_1_0_v2.pt'
=> loaded checkpoint '/project/3018078.01/Gaziv/Wormholes_FB/checkpoints/imagenet_l2_1_0_v2.pt' (epoch 176)
Model-subject [resnet50_robust_mapped_RIN_l2_3_0_v2]
=> loading checkpoint '/project/3018078.01/Gaziv/Wormholes_FB/checkpoints/imagenet_l2_3_0_v2.pt'
=> loaded checkpoint '/project/3018078.01/Gaziv/Wormholes_FB/checkpoints/imagenet_l2_3_0_v2.pt' (epoch 131)
Model-subject [resnet50_robust_mapped_RIN_l2_10_0_v2]
=> loading checkpoint '/project/3018078.01/Gaziv/Wormholes_FB/checkpoints/imagenet_l2_10_0_v2.pt'
=> loaded checkpoint '/project/3018078.01/Gaziv/Wormholes_FB/checkpoints/imagenet_l2_10_0_v2.pt' (epoch 200)
Model-subject [resnet50_vanilla_mapped_RIN_v2]
=> loading checkpoint '/project/3018078.01/Gaziv/Wormholes_FB/checkpoints/imagenet_vanilla_v2.pt'
=> loaded checkpoint '/project/3018078.01/Gaziv/Wormholes_FB/checkpoints/imagenet_vanilla_v2.pt' (epoch 171)
Model-subject [resnet50_robust_mapped_RIN_l2_3_0]
=> loading checkpoint '/project/3018078.01/Gaziv/Wormholes_FB/checkpoints/imagenet_l2_3_0.pt'
=> loaded checkpoint '/project/3018078.01/Gaziv/Wormholes_FB/checkpoints/imagenet_l2_3_0.pt' (epoch 105)
Done.
Running iteration: 46
Job [46]
Total number of configs: 64
0) ('resnet50_robust_mapped_RIN_l2_10_0', 0.0, 0, 0.0, nan)
1) ('resnet50_robust_mapped_RIN_l2_10_0', 0.1, 200, 0.02, nan)
2) ('resnet50_robust_mapped_RIN_l2_10_0', 0.5, 200, 0.1, nan)
3) ('resnet50_robust_mapped_RIN_l2_10_0', 1.0, 200, 0.3, nan)
4) ('resnet50_robust_mapped_RIN_l2_10_0', 2.0, 200, 0.3, nan)
5) ('resnet50_robust_mapped_RIN_l2_10_0', 3.0, 200, 0.3, nan)
6) ('resnet50_robust_mapped_RIN_l2_10_0', 5.0, 500, 0.5, nan)
7) ('resnet50_robust_mapped_RIN_l2_10_0', 7.5, 500, 0.5, nan)
8) ('resnet50_robust_mapped_RIN_l2_10_0', 10.0, 500, 0.5, nan)
9) ('resnet50_robust_mapped_RIN_l2_10_0', 15.0, 500, 0.5, nan)
10) ('resnet50_robust_mapped_RIN_l2_10_0', 20.0, 1000, 0.5, nan)
11) ('resnet50_robust_mapped_RIN_l2_10_0', 25.0, 1000, 0.5, nan)
12) ('resnet50_robust_mapped_RIN_l2_10_0', 30.0, 2000, 2.0, nan)
13) ('resnet50_robust_mapped_RIN_l2_10_0', 40.0, 2000, 2.0, nan)
14) ('resnet50_robust_mapped_RIN_l2_10_0', 50.0, 2000, 2.0, nan)
15) ('resnet50_robust_mapped_RIN_l2_10_0', 100.0, 5000, 2.0, nan)
16) ('resnet50_robust_mapped_RIN_l2_1_0', 0.0, 0, 0.0, nan)
17) ('resnet50_robust_mapped_RIN_l2_1_0', 0.1, 200, 0.02, nan)
18) ('resnet50_robust_mapped_RIN_l2_1_0', 0.5, 200, 0.1, nan)
19) ('resnet50_robust_mapped_RIN_l2_1_0', 1.0, 200, 0.3, nan)
20) ('resnet50_robust_mapped_RIN_l2_1_0', 2.0, 200, 0.3, nan)
21) ('resnet50_robust_mapped_RIN_l2_1_0', 3.0, 200, 0.3, nan)
22) ('resnet50_robust_mapped_RIN_l2_1_0', 5.0, 500, 0.5, nan)
23) ('resnet50_robust_mapped_RIN_l2_1_0', 7.5, 500, 0.5, nan)
24) ('resnet50_robust_mapped_RIN_l2_1_0', 10.0, 500, 0.5, nan)
25) ('resnet50_robust_mapped_RIN_l2_1_0', 15.0, 500, 0.5, nan)
26) ('resnet50_robust_mapped_RIN_l2_1_0', 20.0, 1000, 0.5, nan)
27) ('resnet50_robust_mapped_RIN_l2_1_0', 25.0, 1000, 0.5, nan)
28) ('resnet50_robust_mapped_RIN_l2_1_0', 30.0, 2000, 2.0, nan)
29) ('resnet50_robust_mapped_RIN_l2_1_0', 40.0, 2000, 2.0, nan)
30) ('resnet50_robust_mapped_RIN_l2_1_0', 50.0, 2000, 2.0, nan)
31) ('resnet50_robust_mapped_RIN_l2_1_0', 100.0, 5000, 2.0, nan)
32) ('resnet50_robust_mapped_RIN_l2_3_0', 0.0, 0, 0.0, nan)
33) ('resnet50_robust_mapped_RIN_l2_3_0', 0.1, 200, 0.02, nan)
34) ('resnet50_robust_mapped_RIN_l2_3_0', 0.5, 200, 0.1, nan)
35) ('resnet50_robust_mapped_RIN_l2_3_0', 1.0, 200, 0.3, nan)
36) ('resnet50_robust_mapped_RIN_l2_3_0', 2.0, 200, 0.3, nan)
37) ('resnet50_robust_mapped_RIN_l2_3_0', 3.0, 200, 0.3, nan)
38) ('resnet50_robust_mapped_RIN_l2_3_0', 5.0, 500, 0.5, nan)
39) ('resnet50_robust_mapped_RIN_l2_3_0', 7.5, 500, 0.5, nan)
40) ('resnet50_robust_mapped_RIN_l2_3_0', 10.0, 500, 0.5, nan)
41) ('resnet50_robust_mapped_RIN_l2_3_0', 15.0, 500, 0.5, nan)
42) ('resnet50_robust_mapped_RIN_l2_3_0', 20.0, 1000, 0.5, nan)
43) ('resnet50_robust_mapped_RIN_l2_3_0', 25.0, 1000, 0.5, nan)
44) ('resnet50_robust_mapped_RIN_l2_3_0', 30.0, 2000, 2.0, nan)
45) ('resnet50_robust_mapped_RIN_l2_3_0', 40.0, 2000, 2.0, nan)
46) ('resnet50_robust_mapped_RIN_l2_3_0', 50.0, 2000, 2.0, nan)
47) ('resnet50_robust_mapped_RIN_l2_3_0', 100.0, 5000, 2.0, nan)
48) ('resnet50_vanilla_mapped_RIN', 0.0, 0, 0.0, nan)
49) ('resnet50_vanilla_mapped_RIN', 0.1, 200, 0.02, nan)
50) ('resnet50_vanilla_mapped_RIN', 0.5, 200, 0.1, nan)
51) ('resnet50_vanilla_mapped_RIN', 1.0, 200, 0.3, nan)
52) ('resnet50_vanilla_mapped_RIN', 2.0, 200, 0.3, nan)
53) ('resnet50_vanilla_mapped_RIN', 3.0, 200, 0.3, nan)
54) ('resnet50_vanilla_mapped_RIN', 5.0, 500, 0.5, nan)
55) ('resnet50_vanilla_mapped_RIN', 7.5, 500, 0.5, nan)
56) ('resnet50_vanilla_mapped_RIN', 10.0, 500, 0.5, nan)
57) ('resnet50_vanilla_mapped_RIN', 15.0, 500, 0.5, nan)
58) ('resnet50_vanilla_mapped_RIN', 20.0, 1000, 0.5, nan)
59) ('resnet50_vanilla_mapped_RIN', 25.0, 1000, 0.5, nan)
60) ('resnet50_vanilla_mapped_RIN', 30.0, 2000, 2.0, nan)
61) ('resnet50_vanilla_mapped_RIN', 40.0, 2000, 2.0, nan)
62) ('resnet50_vanilla_mapped_RIN', 50.0, 2000, 2.0, nan)
63) ('resnet50_vanilla_mapped_RIN', 100.0, 5000, 2.0, nan)
(*) group(model_name='resnet50_robust_mapped_RIN_l2_3_0', budget=50.0, n_iter=2000, step_size=2.0, interp_alpha=nan)
=> loading checkpoint '/project/3018078.01/Gaziv/Wormholes_FB/checkpoints/imagenet_l2_3_0.pt'
=> loaded checkpoint '/project/3018078.01/Gaziv/Wormholes_FB/checkpoints/imagenet_l2_3_0.pt' (epoch 105)
chunk [1/8]
chunk [2/8]
chunk [3/8]
chunk [4/8]
chunk [5/8]
chunk [6/8]
chunk [7/8]
chunk [8/8]
Model-subject [resnet50_robust_mapped_RIN_l2_1_0_v2]
=> loading checkpoint '/project/3018078.01/Gaziv/Wormholes_FB/checkpoints/imagenet_l2_1_0_v2.pt'
=> loaded checkpoint '/project/3018078.01/Gaziv/Wormholes_FB/checkpoints/imagenet_l2_1_0_v2.pt' (epoch 176)
Model-subject [resnet50_robust_mapped_RIN_l2_3_0_v2]
=> loading checkpoint '/project/3018078.01/Gaziv/Wormholes_FB/checkpoints/imagenet_l2_3_0_v2.pt'
=> loaded checkpoint '/project/3018078.01/Gaziv/Wormholes_FB/checkpoints/imagenet_l2_3_0_v2.pt' (epoch 131)
Model-subject [resnet50_robust_mapped_RIN_l2_10_0_v2]
=> loading checkpoint '/project/3018078.01/Gaziv/Wormholes_FB/checkpoints/imagenet_l2_10_0_v2.pt'
=> loaded checkpoint '/project/3018078.01/Gaziv/Wormholes_FB/checkpoints/imagenet_l2_10_0_v2.pt' (epoch 200)
Model-subject [resnet50_vanilla_mapped_RIN_v2]
=> loading checkpoint '/project/3018078.01/Gaziv/Wormholes_FB/checkpoints/imagenet_vanilla_v2.pt'
=> loaded checkpoint '/project/3018078.01/Gaziv/Wormholes_FB/checkpoints/imagenet_vanilla_v2.pt' (epoch 171)
Model-subject [resnet50_robust_mapped_RIN_l2_3_0]
=> loading checkpoint '/project/3018078.01/Gaziv/Wormholes_FB/checkpoints/imagenet_l2_3_0.pt'
=> loaded checkpoint '/project/3018078.01/Gaziv/Wormholes_FB/checkpoints/imagenet_l2_3_0.pt' (epoch 105)
Done.
Running iteration: 47
Job [47]
Total number of configs: 64
0) ('resnet50_robust_mapped_RIN_l2_10_0', 0.0, 0, 0.0, nan)
1) ('resnet50_robust_mapped_RIN_l2_10_0', 0.1, 200, 0.02, nan)
2) ('resnet50_robust_mapped_RIN_l2_10_0', 0.5, 200, 0.1, nan)
3) ('resnet50_robust_mapped_RIN_l2_10_0', 1.0, 200, 0.3, nan)
4) ('resnet50_robust_mapped_RIN_l2_10_0', 2.0, 200, 0.3, nan)
5) ('resnet50_robust_mapped_RIN_l2_10_0', 3.0, 200, 0.3, nan)
6) ('resnet50_robust_mapped_RIN_l2_10_0', 5.0, 500, 0.5, nan)
7) ('resnet50_robust_mapped_RIN_l2_10_0', 7.5, 500, 0.5, nan)
8) ('resnet50_robust_mapped_RIN_l2_10_0', 10.0, 500, 0.5, nan)
9) ('resnet50_robust_mapped_RIN_l2_10_0', 15.0, 500, 0.5, nan)
10) ('resnet50_robust_mapped_RIN_l2_10_0', 20.0, 1000, 0.5, nan)
11) ('resnet50_robust_mapped_RIN_l2_10_0', 25.0, 1000, 0.5, nan)
12) ('resnet50_robust_mapped_RIN_l2_10_0', 30.0, 2000, 2.0, nan)
13) ('resnet50_robust_mapped_RIN_l2_10_0', 40.0, 2000, 2.0, nan)
14) ('resnet50_robust_mapped_RIN_l2_10_0', 50.0, 2000, 2.0, nan)
15) ('resnet50_robust_mapped_RIN_l2_10_0', 100.0, 5000, 2.0, nan)
16) ('resnet50_robust_mapped_RIN_l2_1_0', 0.0, 0, 0.0, nan)
17) ('resnet50_robust_mapped_RIN_l2_1_0', 0.1, 200, 0.02, nan)
18) ('resnet50_robust_mapped_RIN_l2_1_0', 0.5, 200, 0.1, nan)
19) ('resnet50_robust_mapped_RIN_l2_1_0', 1.0, 200, 0.3, nan)
20) ('resnet50_robust_mapped_RIN_l2_1_0', 2.0, 200, 0.3, nan)
21) ('resnet50_robust_mapped_RIN_l2_1_0', 3.0, 200, 0.3, nan)
22) ('resnet50_robust_mapped_RIN_l2_1_0', 5.0, 500, 0.5, nan)
23) ('resnet50_robust_mapped_RIN_l2_1_0', 7.5, 500, 0.5, nan)
24) ('resnet50_robust_mapped_RIN_l2_1_0', 10.0, 500, 0.5, nan)
25) ('resnet50_robust_mapped_RIN_l2_1_0', 15.0, 500, 0.5, nan)
26) ('resnet50_robust_mapped_RIN_l2_1_0', 20.0, 1000, 0.5, nan)
27) ('resnet50_robust_mapped_RIN_l2_1_0', 25.0, 1000, 0.5, nan)
28) ('resnet50_robust_mapped_RIN_l2_1_0', 30.0, 2000, 2.0, nan)
29) ('resnet50_robust_mapped_RIN_l2_1_0', 40.0, 2000, 2.0, nan)
30) ('resnet50_robust_mapped_RIN_l2_1_0', 50.0, 2000, 2.0, nan)
31) ('resnet50_robust_mapped_RIN_l2_1_0', 100.0, 5000, 2.0, nan)
32) ('resnet50_robust_mapped_RIN_l2_3_0', 0.0, 0, 0.0, nan)
33) ('resnet50_robust_mapped_RIN_l2_3_0', 0.1, 200, 0.02, nan)
34) ('resnet50_robust_mapped_RIN_l2_3_0', 0.5, 200, 0.1, nan)
35) ('resnet50_robust_mapped_RIN_l2_3_0', 1.0, 200, 0.3, nan)
36) ('resnet50_robust_mapped_RIN_l2_3_0', 2.0, 200, 0.3, nan)
37) ('resnet50_robust_mapped_RIN_l2_3_0', 3.0, 200, 0.3, nan)
38) ('resnet50_robust_mapped_RIN_l2_3_0', 5.0, 500, 0.5, nan)
39) ('resnet50_robust_mapped_RIN_l2_3_0', 7.5, 500, 0.5, nan)
40) ('resnet50_robust_mapped_RIN_l2_3_0', 10.0, 500, 0.5, nan)
41) ('resnet50_robust_mapped_RIN_l2_3_0', 15.0, 500, 0.5, nan)
42) ('resnet50_robust_mapped_RIN_l2_3_0', 20.0, 1000, 0.5, nan)
43) ('resnet50_robust_mapped_RIN_l2_3_0', 25.0, 1000, 0.5, nan)
44) ('resnet50_robust_mapped_RIN_l2_3_0', 30.0, 2000, 2.0, nan)
45) ('resnet50_robust_mapped_RIN_l2_3_0', 40.0, 2000, 2.0, nan)
46) ('resnet50_robust_mapped_RIN_l2_3_0', 50.0, 2000, 2.0, nan)
47) ('resnet50_robust_mapped_RIN_l2_3_0', 100.0, 5000, 2.0, nan)
48) ('resnet50_vanilla_mapped_RIN', 0.0, 0, 0.0, nan)
49) ('resnet50_vanilla_mapped_RIN', 0.1, 200, 0.02, nan)
50) ('resnet50_vanilla_mapped_RIN', 0.5, 200, 0.1, nan)
51) ('resnet50_vanilla_mapped_RIN', 1.0, 200, 0.3, nan)
52) ('resnet50_vanilla_mapped_RIN', 2.0, 200, 0.3, nan)
53) ('resnet50_vanilla_mapped_RIN', 3.0, 200, 0.3, nan)
54) ('resnet50_vanilla_mapped_RIN', 5.0, 500, 0.5, nan)
55) ('resnet50_vanilla_mapped_RIN', 7.5, 500, 0.5, nan)
56) ('resnet50_vanilla_mapped_RIN', 10.0, 500, 0.5, nan)
57) ('resnet50_vanilla_mapped_RIN', 15.0, 500, 0.5, nan)
58) ('resnet50_vanilla_mapped_RIN', 20.0, 1000, 0.5, nan)
59) ('resnet50_vanilla_mapped_RIN', 25.0, 1000, 0.5, nan)
60) ('resnet50_vanilla_mapped_RIN', 30.0, 2000, 2.0, nan)
61) ('resnet50_vanilla_mapped_RIN', 40.0, 2000, 2.0, nan)
62) ('resnet50_vanilla_mapped_RIN', 50.0, 2000, 2.0, nan)
63) ('resnet50_vanilla_mapped_RIN', 100.0, 5000, 2.0, nan)
(*) group(model_name='resnet50_robust_mapped_RIN_l2_3_0', budget=100.0, n_iter=5000, step_size=2.0, interp_alpha=nan)
=> loading checkpoint '/project/3018078.01/Gaziv/Wormholes_FB/checkpoints/imagenet_l2_3_0.pt'
=> loaded checkpoint '/project/3018078.01/Gaziv/Wormholes_FB/checkpoints/imagenet_l2_3_0.pt' (epoch 105)
chunk [1/8]
chunk [2/8]
chunk [3/8]
chunk [4/8]
chunk [5/8]
chunk [6/8]
chunk [7/8]
chunk [8/8]
Model-subject [resnet50_robust_mapped_RIN_l2_1_0_v2]
=> loading checkpoint '/project/3018078.01/Gaziv/Wormholes_FB/checkpoints/imagenet_l2_1_0_v2.pt'
=> loaded checkpoint '/project/3018078.01/Gaziv/Wormholes_FB/checkpoints/imagenet_l2_1_0_v2.pt' (epoch 176)
Model-subject [resnet50_robust_mapped_RIN_l2_3_0_v2]
=> loading checkpoint '/project/3018078.01/Gaziv/Wormholes_FB/checkpoints/imagenet_l2_3_0_v2.pt'
=> loaded checkpoint '/project/3018078.01/Gaziv/Wormholes_FB/checkpoints/imagenet_l2_3_0_v2.pt' (epoch 131)
Model-subject [resnet50_robust_mapped_RIN_l2_10_0_v2]
=> loading checkpoint '/project/3018078.01/Gaziv/Wormholes_FB/checkpoints/imagenet_l2_10_0_v2.pt'
=> loaded checkpoint '/project/3018078.01/Gaziv/Wormholes_FB/checkpoints/imagenet_l2_10_0_v2.pt' (epoch 200)
Model-subject [resnet50_vanilla_mapped_RIN_v2]
=> loading checkpoint '/project/3018078.01/Gaziv/Wormholes_FB/checkpoints/imagenet_vanilla_v2.pt'
=> loaded checkpoint '/project/3018078.01/Gaziv/Wormholes_FB/checkpoints/imagenet_vanilla_v2.pt' (epoch 171)
Model-subject [resnet50_robust_mapped_RIN_l2_3_0]
=> loading checkpoint '/project/3018078.01/Gaziv/Wormholes_FB/checkpoints/imagenet_l2_3_0.pt'
=> loaded checkpoint '/project/3018078.01/Gaziv/Wormholes_FB/checkpoints/imagenet_l2_3_0.pt' (epoch 105)
Done.
Running iteration: 48
Job [48]
Total number of configs: 64
0) ('resnet50_robust_mapped_RIN_l2_10_0', 0.0, 0, 0.0, nan)
1) ('resnet50_robust_mapped_RIN_l2_10_0', 0.1, 200, 0.02, nan)
2) ('resnet50_robust_mapped_RIN_l2_10_0', 0.5, 200, 0.1, nan)
3) ('resnet50_robust_mapped_RIN_l2_10_0', 1.0, 200, 0.3, nan)
4) ('resnet50_robust_mapped_RIN_l2_10_0', 2.0, 200, 0.3, nan)
5) ('resnet50_robust_mapped_RIN_l2_10_0', 3.0, 200, 0.3, nan)
6) ('resnet50_robust_mapped_RIN_l2_10_0', 5.0, 500, 0.5, nan)
7) ('resnet50_robust_mapped_RIN_l2_10_0', 7.5, 500, 0.5, nan)
8) ('resnet50_robust_mapped_RIN_l2_10_0', 10.0, 500, 0.5, nan)
9) ('resnet50_robust_mapped_RIN_l2_10_0', 15.0, 500, 0.5, nan)
10) ('resnet50_robust_mapped_RIN_l2_10_0', 20.0, 1000, 0.5, nan)
11) ('resnet50_robust_mapped_RIN_l2_10_0', 25.0, 1000, 0.5, nan)
12) ('resnet50_robust_mapped_RIN_l2_10_0', 30.0, 2000, 2.0, nan)
13) ('resnet50_robust_mapped_RIN_l2_10_0', 40.0, 2000, 2.0, nan)
14) ('resnet50_robust_mapped_RIN_l2_10_0', 50.0, 2000, 2.0, nan)
15) ('resnet50_robust_mapped_RIN_l2_10_0', 100.0, 5000, 2.0, nan)
16) ('resnet50_robust_mapped_RIN_l2_1_0', 0.0, 0, 0.0, nan)
17) ('resnet50_robust_mapped_RIN_l2_1_0', 0.1, 200, 0.02, nan)
18) ('resnet50_robust_mapped_RIN_l2_1_0', 0.5, 200, 0.1, nan)
19) ('resnet50_robust_mapped_RIN_l2_1_0', 1.0, 200, 0.3, nan)
20) ('resnet50_robust_mapped_RIN_l2_1_0', 2.0, 200, 0.3, nan)
21) ('resnet50_robust_mapped_RIN_l2_1_0', 3.0, 200, 0.3, nan)
22) ('resnet50_robust_mapped_RIN_l2_1_0', 5.0, 500, 0.5, nan)
23) ('resnet50_robust_mapped_RIN_l2_1_0', 7.5, 500, 0.5, nan)
24) ('resnet50_robust_mapped_RIN_l2_1_0', 10.0, 500, 0.5, nan)
25) ('resnet50_robust_mapped_RIN_l2_1_0', 15.0, 500, 0.5, nan)
26) ('resnet50_robust_mapped_RIN_l2_1_0', 20.0, 1000, 0.5, nan)
27) ('resnet50_robust_mapped_RIN_l2_1_0', 25.0, 1000, 0.5, nan)
28) ('resnet50_robust_mapped_RIN_l2_1_0', 30.0, 2000, 2.0, nan)
29) ('resnet50_robust_mapped_RIN_l2_1_0', 40.0, 2000, 2.0, nan)
30) ('resnet50_robust_mapped_RIN_l2_1_0', 50.0, 2000, 2.0, nan)
31) ('resnet50_robust_mapped_RIN_l2_1_0', 100.0, 5000, 2.0, nan)
32) ('resnet50_robust_mapped_RIN_l2_3_0', 0.0, 0, 0.0, nan)
33) ('resnet50_robust_mapped_RIN_l2_3_0', 0.1, 200, 0.02, nan)
34) ('resnet50_robust_mapped_RIN_l2_3_0', 0.5, 200, 0.1, nan)
35) ('resnet50_robust_mapped_RIN_l2_3_0', 1.0, 200, 0.3, nan)
36) ('resnet50_robust_mapped_RIN_l2_3_0', 2.0, 200, 0.3, nan)
37) ('resnet50_robust_mapped_RIN_l2_3_0', 3.0, 200, 0.3, nan)
38) ('resnet50_robust_mapped_RIN_l2_3_0', 5.0, 500, 0.5, nan)
39) ('resnet50_robust_mapped_RIN_l2_3_0', 7.5, 500, 0.5, nan)
40) ('resnet50_robust_mapped_RIN_l2_3_0', 10.0, 500, 0.5, nan)
41) ('resnet50_robust_mapped_RIN_l2_3_0', 15.0, 500, 0.5, nan)
42) ('resnet50_robust_mapped_RIN_l2_3_0', 20.0, 1000, 0.5, nan)
43) ('resnet50_robust_mapped_RIN_l2_3_0', 25.0, 1000, 0.5, nan)
44) ('resnet50_robust_mapped_RIN_l2_3_0', 30.0, 2000, 2.0, nan)
45) ('resnet50_robust_mapped_RIN_l2_3_0', 40.0, 2000, 2.0, nan)
46) ('resnet50_robust_mapped_RIN_l2_3_0', 50.0, 2000, 2.0, nan)
47) ('resnet50_robust_mapped_RIN_l2_3_0', 100.0, 5000, 2.0, nan)
48) ('resnet50_vanilla_mapped_RIN', 0.0, 0, 0.0, nan)
49) ('resnet50_vanilla_mapped_RIN', 0.1, 200, 0.02, nan)
50) ('resnet50_vanilla_mapped_RIN', 0.5, 200, 0.1, nan)
51) ('resnet50_vanilla_mapped_RIN', 1.0, 200, 0.3, nan)
52) ('resnet50_vanilla_mapped_RIN', 2.0, 200, 0.3, nan)
53) ('resnet50_vanilla_mapped_RIN', 3.0, 200, 0.3, nan)
54) ('resnet50_vanilla_mapped_RIN', 5.0, 500, 0.5, nan)
55) ('resnet50_vanilla_mapped_RIN', 7.5, 500, 0.5, nan)
56) ('resnet50_vanilla_mapped_RIN', 10.0, 500, 0.5, nan)
57) ('resnet50_vanilla_mapped_RIN', 15.0, 500, 0.5, nan)
58) ('resnet50_vanilla_mapped_RIN', 20.0, 1000, 0.5, nan)
59) ('resnet50_vanilla_mapped_RIN', 25.0, 1000, 0.5, nan)
60) ('resnet50_vanilla_mapped_RIN', 30.0, 2000, 2.0, nan)
61) ('resnet50_vanilla_mapped_RIN', 40.0, 2000, 2.0, nan)
62) ('resnet50_vanilla_mapped_RIN', 50.0, 2000, 2.0, nan)
63) ('resnet50_vanilla_mapped_RIN', 100.0, 5000, 2.0, nan)
(*) group(model_name='resnet50_vanilla_mapped_RIN', budget=0.0, n_iter=0, step_size=0.0, interp_alpha=nan)
chunk [1/8]
chunk [2/8]
chunk [3/8]
chunk [4/8]
chunk [5/8]
chunk [6/8]
chunk [7/8]
chunk [8/8]
Model-subject [resnet50_vanilla_mapped_RIN_v2]
=> loading checkpoint '/project/3018078.01/Gaziv/Wormholes_FB/checkpoints/imagenet_vanilla_v2.pt'
=> loaded checkpoint '/project/3018078.01/Gaziv/Wormholes_FB/checkpoints/imagenet_vanilla_v2.pt' (epoch 171)
Model-subject [resnet50_robust_mapped_RIN_l2_1_0_v2]
=> loading checkpoint '/project/3018078.01/Gaziv/Wormholes_FB/checkpoints/imagenet_l2_1_0_v2.pt'
=> loaded checkpoint '/project/3018078.01/Gaziv/Wormholes_FB/checkpoints/imagenet_l2_1_0_v2.pt' (epoch 176)
Model-subject [resnet50_robust_mapped_RIN_l2_3_0_v2]
=> loading checkpoint '/project/3018078.01/Gaziv/Wormholes_FB/checkpoints/imagenet_l2_3_0_v2.pt'
=> loaded checkpoint '/project/3018078.01/Gaziv/Wormholes_FB/checkpoints/imagenet_l2_3_0_v2.pt' (epoch 131)
Model-subject [resnet50_robust_mapped_RIN_l2_10_0_v2]
=> loading checkpoint '/project/3018078.01/Gaziv/Wormholes_FB/checkpoints/imagenet_l2_10_0_v2.pt'
=> loaded checkpoint '/project/3018078.01/Gaziv/Wormholes_FB/checkpoints/imagenet_l2_10_0_v2.pt' (epoch 200)
Model-subject [resnet50_vanilla_mapped_RIN]
Done.
Running iteration: 49
Job [49]
Total number of configs: 64
0) ('resnet50_robust_mapped_RIN_l2_10_0', 0.0, 0, 0.0, nan)
1) ('resnet50_robust_mapped_RIN_l2_10_0', 0.1, 200, 0.02, nan)
2) ('resnet50_robust_mapped_RIN_l2_10_0', 0.5, 200, 0.1, nan)
3) ('resnet50_robust_mapped_RIN_l2_10_0', 1.0, 200, 0.3, nan)
4) ('resnet50_robust_mapped_RIN_l2_10_0', 2.0, 200, 0.3, nan)
5) ('resnet50_robust_mapped_RIN_l2_10_0', 3.0, 200, 0.3, nan)
6) ('resnet50_robust_mapped_RIN_l2_10_0', 5.0, 500, 0.5, nan)
7) ('resnet50_robust_mapped_RIN_l2_10_0', 7.5, 500, 0.5, nan)
8) ('resnet50_robust_mapped_RIN_l2_10_0', 10.0, 500, 0.5, nan)
9) ('resnet50_robust_mapped_RIN_l2_10_0', 15.0, 500, 0.5, nan)
10) ('resnet50_robust_mapped_RIN_l2_10_0', 20.0, 1000, 0.5, nan)
11) ('resnet50_robust_mapped_RIN_l2_10_0', 25.0, 1000, 0.5, nan)
12) ('resnet50_robust_mapped_RIN_l2_10_0', 30.0, 2000, 2.0, nan)
13) ('resnet50_robust_mapped_RIN_l2_10_0', 40.0, 2000, 2.0, nan)
14) ('resnet50_robust_mapped_RIN_l2_10_0', 50.0, 2000, 2.0, nan)
15) ('resnet50_robust_mapped_RIN_l2_10_0', 100.0, 5000, 2.0, nan)
16) ('resnet50_robust_mapped_RIN_l2_1_0', 0.0, 0, 0.0, nan)
17) ('resnet50_robust_mapped_RIN_l2_1_0', 0.1, 200, 0.02, nan)
18) ('resnet50_robust_mapped_RIN_l2_1_0', 0.5, 200, 0.1, nan)
19) ('resnet50_robust_mapped_RIN_l2_1_0', 1.0, 200, 0.3, nan)
20) ('resnet50_robust_mapped_RIN_l2_1_0', 2.0, 200, 0.3, nan)
21) ('resnet50_robust_mapped_RIN_l2_1_0', 3.0, 200, 0.3, nan)
22) ('resnet50_robust_mapped_RIN_l2_1_0', 5.0, 500, 0.5, nan)
23) ('resnet50_robust_mapped_RIN_l2_1_0', 7.5, 500, 0.5, nan)
24) ('resnet50_robust_mapped_RIN_l2_1_0', 10.0, 500, 0.5, nan)
25) ('resnet50_robust_mapped_RIN_l2_1_0', 15.0, 500, 0.5, nan)
26) ('resnet50_robust_mapped_RIN_l2_1_0', 20.0, 1000, 0.5, nan)
27) ('resnet50_robust_mapped_RIN_l2_1_0', 25.0, 1000, 0.5, nan)
28) ('resnet50_robust_mapped_RIN_l2_1_0', 30.0, 2000, 2.0, nan)
29) ('resnet50_robust_mapped_RIN_l2_1_0', 40.0, 2000, 2.0, nan)
30) ('resnet50_robust_mapped_RIN_l2_1_0', 50.0, 2000, 2.0, nan)
31) ('resnet50_robust_mapped_RIN_l2_1_0', 100.0, 5000, 2.0, nan)
32) ('resnet50_robust_mapped_RIN_l2_3_0', 0.0, 0, 0.0, nan)
33) ('resnet50_robust_mapped_RIN_l2_3_0', 0.1, 200, 0.02, nan)
34) ('resnet50_robust_mapped_RIN_l2_3_0', 0.5, 200, 0.1, nan)
35) ('resnet50_robust_mapped_RIN_l2_3_0', 1.0, 200, 0.3, nan)
36) ('resnet50_robust_mapped_RIN_l2_3_0', 2.0, 200, 0.3, nan)
37) ('resnet50_robust_mapped_RIN_l2_3_0', 3.0, 200, 0.3, nan)
38) ('resnet50_robust_mapped_RIN_l2_3_0', 5.0, 500, 0.5, nan)
39) ('resnet50_robust_mapped_RIN_l2_3_0', 7.5, 500, 0.5, nan)
40) ('resnet50_robust_mapped_RIN_l2_3_0', 10.0, 500, 0.5, nan)
41) ('resnet50_robust_mapped_RIN_l2_3_0', 15.0, 500, 0.5, nan)
42) ('resnet50_robust_mapped_RIN_l2_3_0', 20.0, 1000, 0.5, nan)
43) ('resnet50_robust_mapped_RIN_l2_3_0', 25.0, 1000, 0.5, nan)
44) ('resnet50_robust_mapped_RIN_l2_3_0', 30.0, 2000, 2.0, nan)
45) ('resnet50_robust_mapped_RIN_l2_3_0', 40.0, 2000, 2.0, nan)
46) ('resnet50_robust_mapped_RIN_l2_3_0', 50.0, 2000, 2.0, nan)
47) ('resnet50_robust_mapped_RIN_l2_3_0', 100.0, 5000, 2.0, nan)
48) ('resnet50_vanilla_mapped_RIN', 0.0, 0, 0.0, nan)
49) ('resnet50_vanilla_mapped_RIN', 0.1, 200, 0.02, nan)
50) ('resnet50_vanilla_mapped_RIN', 0.5, 200, 0.1, nan)
51) ('resnet50_vanilla_mapped_RIN', 1.0, 200, 0.3, nan)
52) ('resnet50_vanilla_mapped_RIN', 2.0, 200, 0.3, nan)
53) ('resnet50_vanilla_mapped_RIN', 3.0, 200, 0.3, nan)
54) ('resnet50_vanilla_mapped_RIN', 5.0, 500, 0.5, nan)
55) ('resnet50_vanilla_mapped_RIN', 7.5, 500, 0.5, nan)
56) ('resnet50_vanilla_mapped_RIN', 10.0, 500, 0.5, nan)
57) ('resnet50_vanilla_mapped_RIN', 15.0, 500, 0.5, nan)
58) ('resnet50_vanilla_mapped_RIN', 20.0, 1000, 0.5, nan)
59) ('resnet50_vanilla_mapped_RIN', 25.0, 1000, 0.5, nan)
60) ('resnet50_vanilla_mapped_RIN', 30.0, 2000, 2.0, nan)
61) ('resnet50_vanilla_mapped_RIN', 40.0, 2000, 2.0, nan)
62) ('resnet50_vanilla_mapped_RIN', 50.0, 2000, 2.0, nan)
63) ('resnet50_vanilla_mapped_RIN', 100.0, 5000, 2.0, nan)
(*) group(model_name='resnet50_vanilla_mapped_RIN', budget=0.1, n_iter=200, step_size=0.02, interp_alpha=nan)
chunk [1/8]
chunk [2/8]
chunk [3/8]
chunk [4/8]
chunk [5/8]
chunk [6/8]
chunk [7/8]
chunk [8/8]
Model-subject [resnet50_vanilla_mapped_RIN_v2]
=> loading checkpoint '/project/3018078.01/Gaziv/Wormholes_FB/checkpoints/imagenet_vanilla_v2.pt'
=> loaded checkpoint '/project/3018078.01/Gaziv/Wormholes_FB/checkpoints/imagenet_vanilla_v2.pt' (epoch 171)
Model-subject [resnet50_robust_mapped_RIN_l2_1_0_v2]
=> loading checkpoint '/project/3018078.01/Gaziv/Wormholes_FB/checkpoints/imagenet_l2_1_0_v2.pt'
=> loaded checkpoint '/project/3018078.01/Gaziv/Wormholes_FB/checkpoints/imagenet_l2_1_0_v2.pt' (epoch 176)
Model-subject [resnet50_robust_mapped_RIN_l2_3_0_v2]
=> loading checkpoint '/project/3018078.01/Gaziv/Wormholes_FB/checkpoints/imagenet_l2_3_0_v2.pt'
=> loaded checkpoint '/project/3018078.01/Gaziv/Wormholes_FB/checkpoints/imagenet_l2_3_0_v2.pt' (epoch 131)
Model-subject [resnet50_robust_mapped_RIN_l2_10_0_v2]
=> loading checkpoint '/project/3018078.01/Gaziv/Wormholes_FB/checkpoints/imagenet_l2_10_0_v2.pt'
=> loaded checkpoint '/project/3018078.01/Gaziv/Wormholes_FB/checkpoints/imagenet_l2_10_0_v2.pt' (epoch 200)
Model-subject [resnet50_vanilla_mapped_RIN]
Done.
Running iteration: 50
Job [50]
Total number of configs: 64
0) ('resnet50_robust_mapped_RIN_l2_10_0', 0.0, 0, 0.0, nan)
1) ('resnet50_robust_mapped_RIN_l2_10_0', 0.1, 200, 0.02, nan)
2) ('resnet50_robust_mapped_RIN_l2_10_0', 0.5, 200, 0.1, nan)
3) ('resnet50_robust_mapped_RIN_l2_10_0', 1.0, 200, 0.3, nan)
4) ('resnet50_robust_mapped_RIN_l2_10_0', 2.0, 200, 0.3, nan)
5) ('resnet50_robust_mapped_RIN_l2_10_0', 3.0, 200, 0.3, nan)
6) ('resnet50_robust_mapped_RIN_l2_10_0', 5.0, 500, 0.5, nan)
7) ('resnet50_robust_mapped_RIN_l2_10_0', 7.5, 500, 0.5, nan)
8) ('resnet50_robust_mapped_RIN_l2_10_0', 10.0, 500, 0.5, nan)
9) ('resnet50_robust_mapped_RIN_l2_10_0', 15.0, 500, 0.5, nan)
10) ('resnet50_robust_mapped_RIN_l2_10_0', 20.0, 1000, 0.5, nan)
11) ('resnet50_robust_mapped_RIN_l2_10_0', 25.0, 1000, 0.5, nan)
12) ('resnet50_robust_mapped_RIN_l2_10_0', 30.0, 2000, 2.0, nan)
13) ('resnet50_robust_mapped_RIN_l2_10_0', 40.0, 2000, 2.0, nan)
14) ('resnet50_robust_mapped_RIN_l2_10_0', 50.0, 2000, 2.0, nan)
15) ('resnet50_robust_mapped_RIN_l2_10_0', 100.0, 5000, 2.0, nan)
16) ('resnet50_robust_mapped_RIN_l2_1_0', 0.0, 0, 0.0, nan)
17) ('resnet50_robust_mapped_RIN_l2_1_0', 0.1, 200, 0.02, nan)
18) ('resnet50_robust_mapped_RIN_l2_1_0', 0.5, 200, 0.1, nan)
19) ('resnet50_robust_mapped_RIN_l2_1_0', 1.0, 200, 0.3, nan)
20) ('resnet50_robust_mapped_RIN_l2_1_0', 2.0, 200, 0.3, nan)
21) ('resnet50_robust_mapped_RIN_l2_1_0', 3.0, 200, 0.3, nan)
22) ('resnet50_robust_mapped_RIN_l2_1_0', 5.0, 500, 0.5, nan)
23) ('resnet50_robust_mapped_RIN_l2_1_0', 7.5, 500, 0.5, nan)
24) ('resnet50_robust_mapped_RIN_l2_1_0', 10.0, 500, 0.5, nan)
25) ('resnet50_robust_mapped_RIN_l2_1_0', 15.0, 500, 0.5, nan)
26) ('resnet50_robust_mapped_RIN_l2_1_0', 20.0, 1000, 0.5, nan)
27) ('resnet50_robust_mapped_RIN_l2_1_0', 25.0, 1000, 0.5, nan)
28) ('resnet50_robust_mapped_RIN_l2_1_0', 30.0, 2000, 2.0, nan)
29) ('resnet50_robust_mapped_RIN_l2_1_0', 40.0, 2000, 2.0, nan)
30) ('resnet50_robust_mapped_RIN_l2_1_0', 50.0, 2000, 2.0, nan)
31) ('resnet50_robust_mapped_RIN_l2_1_0', 100.0, 5000, 2.0, nan)
32) ('resnet50_robust_mapped_RIN_l2_3_0', 0.0, 0, 0.0, nan)
33) ('resnet50_robust_mapped_RIN_l2_3_0', 0.1, 200, 0.02, nan)
34) ('resnet50_robust_mapped_RIN_l2_3_0', 0.5, 200, 0.1, nan)
35) ('resnet50_robust_mapped_RIN_l2_3_0', 1.0, 200, 0.3, nan)
36) ('resnet50_robust_mapped_RIN_l2_3_0', 2.0, 200, 0.3, nan)
37) ('resnet50_robust_mapped_RIN_l2_3_0', 3.0, 200, 0.3, nan)
38) ('resnet50_robust_mapped_RIN_l2_3_0', 5.0, 500, 0.5, nan)
39) ('resnet50_robust_mapped_RIN_l2_3_0', 7.5, 500, 0.5, nan)
40) ('resnet50_robust_mapped_RIN_l2_3_0', 10.0, 500, 0.5, nan)
41) ('resnet50_robust_mapped_RIN_l2_3_0', 15.0, 500, 0.5, nan)
42) ('resnet50_robust_mapped_RIN_l2_3_0', 20.0, 1000, 0.5, nan)
43) ('resnet50_robust_mapped_RIN_l2_3_0', 25.0, 1000, 0.5, nan)
44) ('resnet50_robust_mapped_RIN_l2_3_0', 30.0, 2000, 2.0, nan)
45) ('resnet50_robust_mapped_RIN_l2_3_0', 40.0, 2000, 2.0, nan)
46) ('resnet50_robust_mapped_RIN_l2_3_0', 50.0, 2000, 2.0, nan)
47) ('resnet50_robust_mapped_RIN_l2_3_0', 100.0, 5000, 2.0, nan)
48) ('resnet50_vanilla_mapped_RIN', 0.0, 0, 0.0, nan)
49) ('resnet50_vanilla_mapped_RIN', 0.1, 200, 0.02, nan)
50) ('resnet50_vanilla_mapped_RIN', 0.5, 200, 0.1, nan)
51) ('resnet50_vanilla_mapped_RIN', 1.0, 200, 0.3, nan)
52) ('resnet50_vanilla_mapped_RIN', 2.0, 200, 0.3, nan)
53) ('resnet50_vanilla_mapped_RIN', 3.0, 200, 0.3, nan)
54) ('resnet50_vanilla_mapped_RIN', 5.0, 500, 0.5, nan)
55) ('resnet50_vanilla_mapped_RIN', 7.5, 500, 0.5, nan)
56) ('resnet50_vanilla_mapped_RIN', 10.0, 500, 0.5, nan)
57) ('resnet50_vanilla_mapped_RIN', 15.0, 500, 0.5, nan)
58) ('resnet50_vanilla_mapped_RIN', 20.0, 1000, 0.5, nan)
59) ('resnet50_vanilla_mapped_RIN', 25.0, 1000, 0.5, nan)
60) ('resnet50_vanilla_mapped_RIN', 30.0, 2000, 2.0, nan)
61) ('resnet50_vanilla_mapped_RIN', 40.0, 2000, 2.0, nan)
62) ('resnet50_vanilla_mapped_RIN', 50.0, 2000, 2.0, nan)
63) ('resnet50_vanilla_mapped_RIN', 100.0, 5000, 2.0, nan)
(*) group(model_name='resnet50_vanilla_mapped_RIN', budget=0.5, n_iter=200, step_size=0.1, interp_alpha=nan)
chunk [1/8]
chunk [2/8]
chunk [3/8]
chunk [4/8]
chunk [5/8]
chunk [6/8]
chunk [7/8]
chunk [8/8]
Model-subject [resnet50_vanilla_mapped_RIN_v2]
=> loading checkpoint '/project/3018078.01/Gaziv/Wormholes_FB/checkpoints/imagenet_vanilla_v2.pt'
=> loaded checkpoint '/project/3018078.01/Gaziv/Wormholes_FB/checkpoints/imagenet_vanilla_v2.pt' (epoch 171)
Model-subject [resnet50_robust_mapped_RIN_l2_1_0_v2]
=> loading checkpoint '/project/3018078.01/Gaziv/Wormholes_FB/checkpoints/imagenet_l2_1_0_v2.pt'
=> loaded checkpoint '/project/3018078.01/Gaziv/Wormholes_FB/checkpoints/imagenet_l2_1_0_v2.pt' (epoch 176)
Model-subject [resnet50_robust_mapped_RIN_l2_3_0_v2]
=> loading checkpoint '/project/3018078.01/Gaziv/Wormholes_FB/checkpoints/imagenet_l2_3_0_v2.pt'
=> loaded checkpoint '/project/3018078.01/Gaziv/Wormholes_FB/checkpoints/imagenet_l2_3_0_v2.pt' (epoch 131)
Model-subject [resnet50_robust_mapped_RIN_l2_10_0_v2]
=> loading checkpoint '/project/3018078.01/Gaziv/Wormholes_FB/checkpoints/imagenet_l2_10_0_v2.pt'
=> loaded checkpoint '/project/3018078.01/Gaziv/Wormholes_FB/checkpoints/imagenet_l2_10_0_v2.pt' (epoch 200)
Model-subject [resnet50_vanilla_mapped_RIN]
Done.
Running iteration: 51
Job [51]
Total number of configs: 64
0) ('resnet50_robust_mapped_RIN_l2_10_0', 0.0, 0, 0.0, nan)
1) ('resnet50_robust_mapped_RIN_l2_10_0', 0.1, 200, 0.02, nan)
2) ('resnet50_robust_mapped_RIN_l2_10_0', 0.5, 200, 0.1, nan)
3) ('resnet50_robust_mapped_RIN_l2_10_0', 1.0, 200, 0.3, nan)
4) ('resnet50_robust_mapped_RIN_l2_10_0', 2.0, 200, 0.3, nan)
5) ('resnet50_robust_mapped_RIN_l2_10_0', 3.0, 200, 0.3, nan)
6) ('resnet50_robust_mapped_RIN_l2_10_0', 5.0, 500, 0.5, nan)
7) ('resnet50_robust_mapped_RIN_l2_10_0', 7.5, 500, 0.5, nan)
8) ('resnet50_robust_mapped_RIN_l2_10_0', 10.0, 500, 0.5, nan)
9) ('resnet50_robust_mapped_RIN_l2_10_0', 15.0, 500, 0.5, nan)
10) ('resnet50_robust_mapped_RIN_l2_10_0', 20.0, 1000, 0.5, nan)
11) ('resnet50_robust_mapped_RIN_l2_10_0', 25.0, 1000, 0.5, nan)
12) ('resnet50_robust_mapped_RIN_l2_10_0', 30.0, 2000, 2.0, nan)
13) ('resnet50_robust_mapped_RIN_l2_10_0', 40.0, 2000, 2.0, nan)
14) ('resnet50_robust_mapped_RIN_l2_10_0', 50.0, 2000, 2.0, nan)
15) ('resnet50_robust_mapped_RIN_l2_10_0', 100.0, 5000, 2.0, nan)
16) ('resnet50_robust_mapped_RIN_l2_1_0', 0.0, 0, 0.0, nan)
17) ('resnet50_robust_mapped_RIN_l2_1_0', 0.1, 200, 0.02, nan)
18) ('resnet50_robust_mapped_RIN_l2_1_0', 0.5, 200, 0.1, nan)
19) ('resnet50_robust_mapped_RIN_l2_1_0', 1.0, 200, 0.3, nan)
20) ('resnet50_robust_mapped_RIN_l2_1_0', 2.0, 200, 0.3, nan)
21) ('resnet50_robust_mapped_RIN_l2_1_0', 3.0, 200, 0.3, nan)
22) ('resnet50_robust_mapped_RIN_l2_1_0', 5.0, 500, 0.5, nan)
23) ('resnet50_robust_mapped_RIN_l2_1_0', 7.5, 500, 0.5, nan)
24) ('resnet50_robust_mapped_RIN_l2_1_0', 10.0, 500, 0.5, nan)
25) ('resnet50_robust_mapped_RIN_l2_1_0', 15.0, 500, 0.5, nan)
26) ('resnet50_robust_mapped_RIN_l2_1_0', 20.0, 1000, 0.5, nan)
27) ('resnet50_robust_mapped_RIN_l2_1_0', 25.0, 1000, 0.5, nan)
28) ('resnet50_robust_mapped_RIN_l2_1_0', 30.0, 2000, 2.0, nan)
29) ('resnet50_robust_mapped_RIN_l2_1_0', 40.0, 2000, 2.0, nan)
30) ('resnet50_robust_mapped_RIN_l2_1_0', 50.0, 2000, 2.0, nan)
31) ('resnet50_robust_mapped_RIN_l2_1_0', 100.0, 5000, 2.0, nan)
32) ('resnet50_robust_mapped_RIN_l2_3_0', 0.0, 0, 0.0, nan)
33) ('resnet50_robust_mapped_RIN_l2_3_0', 0.1, 200, 0.02, nan)
34) ('resnet50_robust_mapped_RIN_l2_3_0', 0.5, 200, 0.1, nan)
35) ('resnet50_robust_mapped_RIN_l2_3_0', 1.0, 200, 0.3, nan)
36) ('resnet50_robust_mapped_RIN_l2_3_0', 2.0, 200, 0.3, nan)
37) ('resnet50_robust_mapped_RIN_l2_3_0', 3.0, 200, 0.3, nan)
38) ('resnet50_robust_mapped_RIN_l2_3_0', 5.0, 500, 0.5, nan)
39) ('resnet50_robust_mapped_RIN_l2_3_0', 7.5, 500, 0.5, nan)
40) ('resnet50_robust_mapped_RIN_l2_3_0', 10.0, 500, 0.5, nan)
41) ('resnet50_robust_mapped_RIN_l2_3_0', 15.0, 500, 0.5, nan)
42) ('resnet50_robust_mapped_RIN_l2_3_0', 20.0, 1000, 0.5, nan)
43) ('resnet50_robust_mapped_RIN_l2_3_0', 25.0, 1000, 0.5, nan)
44) ('resnet50_robust_mapped_RIN_l2_3_0', 30.0, 2000, 2.0, nan)
45) ('resnet50_robust_mapped_RIN_l2_3_0', 40.0, 2000, 2.0, nan)
46) ('resnet50_robust_mapped_RIN_l2_3_0', 50.0, 2000, 2.0, nan)
47) ('resnet50_robust_mapped_RIN_l2_3_0', 100.0, 5000, 2.0, nan)
48) ('resnet50_vanilla_mapped_RIN', 0.0, 0, 0.0, nan)
49) ('resnet50_vanilla_mapped_RIN', 0.1, 200, 0.02, nan)
50) ('resnet50_vanilla_mapped_RIN', 0.5, 200, 0.1, nan)
51) ('resnet50_vanilla_mapped_RIN', 1.0, 200, 0.3, nan)
52) ('resnet50_vanilla_mapped_RIN', 2.0, 200, 0.3, nan)
53) ('resnet50_vanilla_mapped_RIN', 3.0, 200, 0.3, nan)
54) ('resnet50_vanilla_mapped_RIN', 5.0, 500, 0.5, nan)
55) ('resnet50_vanilla_mapped_RIN', 7.5, 500, 0.5, nan)
56) ('resnet50_vanilla_mapped_RIN', 10.0, 500, 0.5, nan)
57) ('resnet50_vanilla_mapped_RIN', 15.0, 500, 0.5, nan)
58) ('resnet50_vanilla_mapped_RIN', 20.0, 1000, 0.5, nan)
59) ('resnet50_vanilla_mapped_RIN', 25.0, 1000, 0.5, nan)
60) ('resnet50_vanilla_mapped_RIN', 30.0, 2000, 2.0, nan)
61) ('resnet50_vanilla_mapped_RIN', 40.0, 2000, 2.0, nan)
62) ('resnet50_vanilla_mapped_RIN', 50.0, 2000, 2.0, nan)
63) ('resnet50_vanilla_mapped_RIN', 100.0, 5000, 2.0, nan)
(*) group(model_name='resnet50_vanilla_mapped_RIN', budget=1.0, n_iter=200, step_size=0.3, interp_alpha=nan)
chunk [1/8]
chunk [2/8]
chunk [3/8]
chunk [4/8]
chunk [5/8]
chunk [6/8]
chunk [7/8]
chunk [8/8]
Model-subject [resnet50_vanilla_mapped_RIN_v2]
=> loading checkpoint '/project/3018078.01/Gaziv/Wormholes_FB/checkpoints/imagenet_vanilla_v2.pt'
=> loaded checkpoint '/project/3018078.01/Gaziv/Wormholes_FB/checkpoints/imagenet_vanilla_v2.pt' (epoch 171)
Model-subject [resnet50_robust_mapped_RIN_l2_1_0_v2]
=> loading checkpoint '/project/3018078.01/Gaziv/Wormholes_FB/checkpoints/imagenet_l2_1_0_v2.pt'
=> loaded checkpoint '/project/3018078.01/Gaziv/Wormholes_FB/checkpoints/imagenet_l2_1_0_v2.pt' (epoch 176)
Model-subject [resnet50_robust_mapped_RIN_l2_3_0_v2]
=> loading checkpoint '/project/3018078.01/Gaziv/Wormholes_FB/checkpoints/imagenet_l2_3_0_v2.pt'
=> loaded checkpoint '/project/3018078.01/Gaziv/Wormholes_FB/checkpoints/imagenet_l2_3_0_v2.pt' (epoch 131)
Model-subject [resnet50_robust_mapped_RIN_l2_10_0_v2]
=> loading checkpoint '/project/3018078.01/Gaziv/Wormholes_FB/checkpoints/imagenet_l2_10_0_v2.pt'
=> loaded checkpoint '/project/3018078.01/Gaziv/Wormholes_FB/checkpoints/imagenet_l2_10_0_v2.pt' (epoch 200)
Model-subject [resnet50_vanilla_mapped_RIN]
Done.
Running iteration: 52
Job [52]
Total number of configs: 64
0) ('resnet50_robust_mapped_RIN_l2_10_0', 0.0, 0, 0.0, nan)
1) ('resnet50_robust_mapped_RIN_l2_10_0', 0.1, 200, 0.02, nan)
2) ('resnet50_robust_mapped_RIN_l2_10_0', 0.5, 200, 0.1, nan)
3) ('resnet50_robust_mapped_RIN_l2_10_0', 1.0, 200, 0.3, nan)
4) ('resnet50_robust_mapped_RIN_l2_10_0', 2.0, 200, 0.3, nan)
5) ('resnet50_robust_mapped_RIN_l2_10_0', 3.0, 200, 0.3, nan)
6) ('resnet50_robust_mapped_RIN_l2_10_0', 5.0, 500, 0.5, nan)
7) ('resnet50_robust_mapped_RIN_l2_10_0', 7.5, 500, 0.5, nan)
8) ('resnet50_robust_mapped_RIN_l2_10_0', 10.0, 500, 0.5, nan)
9) ('resnet50_robust_mapped_RIN_l2_10_0', 15.0, 500, 0.5, nan)
10) ('resnet50_robust_mapped_RIN_l2_10_0', 20.0, 1000, 0.5, nan)
11) ('resnet50_robust_mapped_RIN_l2_10_0', 25.0, 1000, 0.5, nan)
12) ('resnet50_robust_mapped_RIN_l2_10_0', 30.0, 2000, 2.0, nan)
13) ('resnet50_robust_mapped_RIN_l2_10_0', 40.0, 2000, 2.0, nan)
14) ('resnet50_robust_mapped_RIN_l2_10_0', 50.0, 2000, 2.0, nan)
15) ('resnet50_robust_mapped_RIN_l2_10_0', 100.0, 5000, 2.0, nan)
16) ('resnet50_robust_mapped_RIN_l2_1_0', 0.0, 0, 0.0, nan)
17) ('resnet50_robust_mapped_RIN_l2_1_0', 0.1, 200, 0.02, nan)
18) ('resnet50_robust_mapped_RIN_l2_1_0', 0.5, 200, 0.1, nan)
19) ('resnet50_robust_mapped_RIN_l2_1_0', 1.0, 200, 0.3, nan)
20) ('resnet50_robust_mapped_RIN_l2_1_0', 2.0, 200, 0.3, nan)
21) ('resnet50_robust_mapped_RIN_l2_1_0', 3.0, 200, 0.3, nan)
22) ('resnet50_robust_mapped_RIN_l2_1_0', 5.0, 500, 0.5, nan)
23) ('resnet50_robust_mapped_RIN_l2_1_0', 7.5, 500, 0.5, nan)
24) ('resnet50_robust_mapped_RIN_l2_1_0', 10.0, 500, 0.5, nan)
25) ('resnet50_robust_mapped_RIN_l2_1_0', 15.0, 500, 0.5, nan)
26) ('resnet50_robust_mapped_RIN_l2_1_0', 20.0, 1000, 0.5, nan)
27) ('resnet50_robust_mapped_RIN_l2_1_0', 25.0, 1000, 0.5, nan)
28) ('resnet50_robust_mapped_RIN_l2_1_0', 30.0, 2000, 2.0, nan)
29) ('resnet50_robust_mapped_RIN_l2_1_0', 40.0, 2000, 2.0, nan)
30) ('resnet50_robust_mapped_RIN_l2_1_0', 50.0, 2000, 2.0, nan)
31) ('resnet50_robust_mapped_RIN_l2_1_0', 100.0, 5000, 2.0, nan)
32) ('resnet50_robust_mapped_RIN_l2_3_0', 0.0, 0, 0.0, nan)
33) ('resnet50_robust_mapped_RIN_l2_3_0', 0.1, 200, 0.02, nan)
34) ('resnet50_robust_mapped_RIN_l2_3_0', 0.5, 200, 0.1, nan)
35) ('resnet50_robust_mapped_RIN_l2_3_0', 1.0, 200, 0.3, nan)
36) ('resnet50_robust_mapped_RIN_l2_3_0', 2.0, 200, 0.3, nan)
37) ('resnet50_robust_mapped_RIN_l2_3_0', 3.0, 200, 0.3, nan)
38) ('resnet50_robust_mapped_RIN_l2_3_0', 5.0, 500, 0.5, nan)
39) ('resnet50_robust_mapped_RIN_l2_3_0', 7.5, 500, 0.5, nan)
40) ('resnet50_robust_mapped_RIN_l2_3_0', 10.0, 500, 0.5, nan)
41) ('resnet50_robust_mapped_RIN_l2_3_0', 15.0, 500, 0.5, nan)
42) ('resnet50_robust_mapped_RIN_l2_3_0', 20.0, 1000, 0.5, nan)
43) ('resnet50_robust_mapped_RIN_l2_3_0', 25.0, 1000, 0.5, nan)
44) ('resnet50_robust_mapped_RIN_l2_3_0', 30.0, 2000, 2.0, nan)
45) ('resnet50_robust_mapped_RIN_l2_3_0', 40.0, 2000, 2.0, nan)
46) ('resnet50_robust_mapped_RIN_l2_3_0', 50.0, 2000, 2.0, nan)
47) ('resnet50_robust_mapped_RIN_l2_3_0', 100.0, 5000, 2.0, nan)
48) ('resnet50_vanilla_mapped_RIN', 0.0, 0, 0.0, nan)
49) ('resnet50_vanilla_mapped_RIN', 0.1, 200, 0.02, nan)
50) ('resnet50_vanilla_mapped_RIN', 0.5, 200, 0.1, nan)
51) ('resnet50_vanilla_mapped_RIN', 1.0, 200, 0.3, nan)
52) ('resnet50_vanilla_mapped_RIN', 2.0, 200, 0.3, nan)
53) ('resnet50_vanilla_mapped_RIN', 3.0, 200, 0.3, nan)
54) ('resnet50_vanilla_mapped_RIN', 5.0, 500, 0.5, nan)
55) ('resnet50_vanilla_mapped_RIN', 7.5, 500, 0.5, nan)
56) ('resnet50_vanilla_mapped_RIN', 10.0, 500, 0.5, nan)
57) ('resnet50_vanilla_mapped_RIN', 15.0, 500, 0.5, nan)
58) ('resnet50_vanilla_mapped_RIN', 20.0, 1000, 0.5, nan)
59) ('resnet50_vanilla_mapped_RIN', 25.0, 1000, 0.5, nan)
60) ('resnet50_vanilla_mapped_RIN', 30.0, 2000, 2.0, nan)
61) ('resnet50_vanilla_mapped_RIN', 40.0, 2000, 2.0, nan)
62) ('resnet50_vanilla_mapped_RIN', 50.0, 2000, 2.0, nan)
63) ('resnet50_vanilla_mapped_RIN', 100.0, 5000, 2.0, nan)
(*) group(model_name='resnet50_vanilla_mapped_RIN', budget=2.0, n_iter=200, step_size=0.3, interp_alpha=nan)
chunk [1/8]
chunk [2/8]
chunk [3/8]
chunk [4/8]
chunk [5/8]
chunk [6/8]
chunk [7/8]
chunk [8/8]
Model-subject [resnet50_vanilla_mapped_RIN_v2]
=> loading checkpoint '/project/3018078.01/Gaziv/Wormholes_FB/checkpoints/imagenet_vanilla_v2.pt'
=> loaded checkpoint '/project/3018078.01/Gaziv/Wormholes_FB/checkpoints/imagenet_vanilla_v2.pt' (epoch 171)
Model-subject [resnet50_robust_mapped_RIN_l2_1_0_v2]
=> loading checkpoint '/project/3018078.01/Gaziv/Wormholes_FB/checkpoints/imagenet_l2_1_0_v2.pt'
=> loaded checkpoint '/project/3018078.01/Gaziv/Wormholes_FB/checkpoints/imagenet_l2_1_0_v2.pt' (epoch 176)
Model-subject [resnet50_robust_mapped_RIN_l2_3_0_v2]
=> loading checkpoint '/project/3018078.01/Gaziv/Wormholes_FB/checkpoints/imagenet_l2_3_0_v2.pt'
=> loaded checkpoint '/project/3018078.01/Gaziv/Wormholes_FB/checkpoints/imagenet_l2_3_0_v2.pt' (epoch 131)
Model-subject [resnet50_robust_mapped_RIN_l2_10_0_v2]
=> loading checkpoint '/project/3018078.01/Gaziv/Wormholes_FB/checkpoints/imagenet_l2_10_0_v2.pt'
=> loaded checkpoint '/project/3018078.01/Gaziv/Wormholes_FB/checkpoints/imagenet_l2_10_0_v2.pt' (epoch 200)
Model-subject [resnet50_vanilla_mapped_RIN]
Done.
Running iteration: 53
Job [53]
Total number of configs: 64
0) ('resnet50_robust_mapped_RIN_l2_10_0', 0.0, 0, 0.0, nan)
1) ('resnet50_robust_mapped_RIN_l2_10_0', 0.1, 200, 0.02, nan)
2) ('resnet50_robust_mapped_RIN_l2_10_0', 0.5, 200, 0.1, nan)
3) ('resnet50_robust_mapped_RIN_l2_10_0', 1.0, 200, 0.3, nan)
4) ('resnet50_robust_mapped_RIN_l2_10_0', 2.0, 200, 0.3, nan)
5) ('resnet50_robust_mapped_RIN_l2_10_0', 3.0, 200, 0.3, nan)
6) ('resnet50_robust_mapped_RIN_l2_10_0', 5.0, 500, 0.5, nan)
7) ('resnet50_robust_mapped_RIN_l2_10_0', 7.5, 500, 0.5, nan)
8) ('resnet50_robust_mapped_RIN_l2_10_0', 10.0, 500, 0.5, nan)
9) ('resnet50_robust_mapped_RIN_l2_10_0', 15.0, 500, 0.5, nan)
10) ('resnet50_robust_mapped_RIN_l2_10_0', 20.0, 1000, 0.5, nan)
11) ('resnet50_robust_mapped_RIN_l2_10_0', 25.0, 1000, 0.5, nan)
12) ('resnet50_robust_mapped_RIN_l2_10_0', 30.0, 2000, 2.0, nan)
13) ('resnet50_robust_mapped_RIN_l2_10_0', 40.0, 2000, 2.0, nan)
14) ('resnet50_robust_mapped_RIN_l2_10_0', 50.0, 2000, 2.0, nan)
15) ('resnet50_robust_mapped_RIN_l2_10_0', 100.0, 5000, 2.0, nan)
16) ('resnet50_robust_mapped_RIN_l2_1_0', 0.0, 0, 0.0, nan)
17) ('resnet50_robust_mapped_RIN_l2_1_0', 0.1, 200, 0.02, nan)
18) ('resnet50_robust_mapped_RIN_l2_1_0', 0.5, 200, 0.1, nan)
19) ('resnet50_robust_mapped_RIN_l2_1_0', 1.0, 200, 0.3, nan)
20) ('resnet50_robust_mapped_RIN_l2_1_0', 2.0, 200, 0.3, nan)
21) ('resnet50_robust_mapped_RIN_l2_1_0', 3.0, 200, 0.3, nan)
22) ('resnet50_robust_mapped_RIN_l2_1_0', 5.0, 500, 0.5, nan)
23) ('resnet50_robust_mapped_RIN_l2_1_0', 7.5, 500, 0.5, nan)
24) ('resnet50_robust_mapped_RIN_l2_1_0', 10.0, 500, 0.5, nan)
25) ('resnet50_robust_mapped_RIN_l2_1_0', 15.0, 500, 0.5, nan)
26) ('resnet50_robust_mapped_RIN_l2_1_0', 20.0, 1000, 0.5, nan)
27) ('resnet50_robust_mapped_RIN_l2_1_0', 25.0, 1000, 0.5, nan)
28) ('resnet50_robust_mapped_RIN_l2_1_0', 30.0, 2000, 2.0, nan)
29) ('resnet50_robust_mapped_RIN_l2_1_0', 40.0, 2000, 2.0, nan)
30) ('resnet50_robust_mapped_RIN_l2_1_0', 50.0, 2000, 2.0, nan)
31) ('resnet50_robust_mapped_RIN_l2_1_0', 100.0, 5000, 2.0, nan)
32) ('resnet50_robust_mapped_RIN_l2_3_0', 0.0, 0, 0.0, nan)
33) ('resnet50_robust_mapped_RIN_l2_3_0', 0.1, 200, 0.02, nan)
34) ('resnet50_robust_mapped_RIN_l2_3_0', 0.5, 200, 0.1, nan)
35) ('resnet50_robust_mapped_RIN_l2_3_0', 1.0, 200, 0.3, nan)
36) ('resnet50_robust_mapped_RIN_l2_3_0', 2.0, 200, 0.3, nan)
37) ('resnet50_robust_mapped_RIN_l2_3_0', 3.0, 200, 0.3, nan)
38) ('resnet50_robust_mapped_RIN_l2_3_0', 5.0, 500, 0.5, nan)
39) ('resnet50_robust_mapped_RIN_l2_3_0', 7.5, 500, 0.5, nan)
40) ('resnet50_robust_mapped_RIN_l2_3_0', 10.0, 500, 0.5, nan)
41) ('resnet50_robust_mapped_RIN_l2_3_0', 15.0, 500, 0.5, nan)
42) ('resnet50_robust_mapped_RIN_l2_3_0', 20.0, 1000, 0.5, nan)
43) ('resnet50_robust_mapped_RIN_l2_3_0', 25.0, 1000, 0.5, nan)
44) ('resnet50_robust_mapped_RIN_l2_3_0', 30.0, 2000, 2.0, nan)
45) ('resnet50_robust_mapped_RIN_l2_3_0', 40.0, 2000, 2.0, nan)
46) ('resnet50_robust_mapped_RIN_l2_3_0', 50.0, 2000, 2.0, nan)
47) ('resnet50_robust_mapped_RIN_l2_3_0', 100.0, 5000, 2.0, nan)
48) ('resnet50_vanilla_mapped_RIN', 0.0, 0, 0.0, nan)
49) ('resnet50_vanilla_mapped_RIN', 0.1, 200, 0.02, nan)
50) ('resnet50_vanilla_mapped_RIN', 0.5, 200, 0.1, nan)
51) ('resnet50_vanilla_mapped_RIN', 1.0, 200, 0.3, nan)
52) ('resnet50_vanilla_mapped_RIN', 2.0, 200, 0.3, nan)
53) ('resnet50_vanilla_mapped_RIN', 3.0, 200, 0.3, nan)
54) ('resnet50_vanilla_mapped_RIN', 5.0, 500, 0.5, nan)
55) ('resnet50_vanilla_mapped_RIN', 7.5, 500, 0.5, nan)
56) ('resnet50_vanilla_mapped_RIN', 10.0, 500, 0.5, nan)
57) ('resnet50_vanilla_mapped_RIN', 15.0, 500, 0.5, nan)
58) ('resnet50_vanilla_mapped_RIN', 20.0, 1000, 0.5, nan)
59) ('resnet50_vanilla_mapped_RIN', 25.0, 1000, 0.5, nan)
60) ('resnet50_vanilla_mapped_RIN', 30.0, 2000, 2.0, nan)
61) ('resnet50_vanilla_mapped_RIN', 40.0, 2000, 2.0, nan)
62) ('resnet50_vanilla_mapped_RIN', 50.0, 2000, 2.0, nan)
63) ('resnet50_vanilla_mapped_RIN', 100.0, 5000, 2.0, nan)
(*) group(model_name='resnet50_vanilla_mapped_RIN', budget=3.0, n_iter=200, step_size=0.3, interp_alpha=nan)
chunk [1/8]
chunk [2/8]
chunk [3/8]
chunk [4/8]
chunk [5/8]
chunk [6/8]
chunk [7/8]
chunk [8/8]
Model-subject [resnet50_vanilla_mapped_RIN_v2]
=> loading checkpoint '/project/3018078.01/Gaziv/Wormholes_FB/checkpoints/imagenet_vanilla_v2.pt'
=> loaded checkpoint '/project/3018078.01/Gaziv/Wormholes_FB/checkpoints/imagenet_vanilla_v2.pt' (epoch 171)
Model-subject [resnet50_robust_mapped_RIN_l2_1_0_v2]
=> loading checkpoint '/project/3018078.01/Gaziv/Wormholes_FB/checkpoints/imagenet_l2_1_0_v2.pt'
=> loaded checkpoint '/project/3018078.01/Gaziv/Wormholes_FB/checkpoints/imagenet_l2_1_0_v2.pt' (epoch 176)
Model-subject [resnet50_robust_mapped_RIN_l2_3_0_v2]
=> loading checkpoint '/project/3018078.01/Gaziv/Wormholes_FB/checkpoints/imagenet_l2_3_0_v2.pt'
=> loaded checkpoint '/project/3018078.01/Gaziv/Wormholes_FB/checkpoints/imagenet_l2_3_0_v2.pt' (epoch 131)
Model-subject [resnet50_robust_mapped_RIN_l2_10_0_v2]
=> loading checkpoint '/project/3018078.01/Gaziv/Wormholes_FB/checkpoints/imagenet_l2_10_0_v2.pt'
=> loaded checkpoint '/project/3018078.01/Gaziv/Wormholes_FB/checkpoints/imagenet_l2_10_0_v2.pt' (epoch 200)
Model-subject [resnet50_vanilla_mapped_RIN]
Done.
Running iteration: 54
Job [54]
Total number of configs: 64
0) ('resnet50_robust_mapped_RIN_l2_10_0', 0.0, 0, 0.0, nan)
1) ('resnet50_robust_mapped_RIN_l2_10_0', 0.1, 200, 0.02, nan)
2) ('resnet50_robust_mapped_RIN_l2_10_0', 0.5, 200, 0.1, nan)
3) ('resnet50_robust_mapped_RIN_l2_10_0', 1.0, 200, 0.3, nan)
4) ('resnet50_robust_mapped_RIN_l2_10_0', 2.0, 200, 0.3, nan)
5) ('resnet50_robust_mapped_RIN_l2_10_0', 3.0, 200, 0.3, nan)
6) ('resnet50_robust_mapped_RIN_l2_10_0', 5.0, 500, 0.5, nan)
7) ('resnet50_robust_mapped_RIN_l2_10_0', 7.5, 500, 0.5, nan)
8) ('resnet50_robust_mapped_RIN_l2_10_0', 10.0, 500, 0.5, nan)
9) ('resnet50_robust_mapped_RIN_l2_10_0', 15.0, 500, 0.5, nan)
10) ('resnet50_robust_mapped_RIN_l2_10_0', 20.0, 1000, 0.5, nan)
11) ('resnet50_robust_mapped_RIN_l2_10_0', 25.0, 1000, 0.5, nan)
12) ('resnet50_robust_mapped_RIN_l2_10_0', 30.0, 2000, 2.0, nan)
13) ('resnet50_robust_mapped_RIN_l2_10_0', 40.0, 2000, 2.0, nan)
14) ('resnet50_robust_mapped_RIN_l2_10_0', 50.0, 2000, 2.0, nan)
15) ('resnet50_robust_mapped_RIN_l2_10_0', 100.0, 5000, 2.0, nan)
16) ('resnet50_robust_mapped_RIN_l2_1_0', 0.0, 0, 0.0, nan)
17) ('resnet50_robust_mapped_RIN_l2_1_0', 0.1, 200, 0.02, nan)
18) ('resnet50_robust_mapped_RIN_l2_1_0', 0.5, 200, 0.1, nan)
19) ('resnet50_robust_mapped_RIN_l2_1_0', 1.0, 200, 0.3, nan)
20) ('resnet50_robust_mapped_RIN_l2_1_0', 2.0, 200, 0.3, nan)
21) ('resnet50_robust_mapped_RIN_l2_1_0', 3.0, 200, 0.3, nan)
22) ('resnet50_robust_mapped_RIN_l2_1_0', 5.0, 500, 0.5, nan)
23) ('resnet50_robust_mapped_RIN_l2_1_0', 7.5, 500, 0.5, nan)
24) ('resnet50_robust_mapped_RIN_l2_1_0', 10.0, 500, 0.5, nan)
25) ('resnet50_robust_mapped_RIN_l2_1_0', 15.0, 500, 0.5, nan)
26) ('resnet50_robust_mapped_RIN_l2_1_0', 20.0, 1000, 0.5, nan)
27) ('resnet50_robust_mapped_RIN_l2_1_0', 25.0, 1000, 0.5, nan)
28) ('resnet50_robust_mapped_RIN_l2_1_0', 30.0, 2000, 2.0, nan)
29) ('resnet50_robust_mapped_RIN_l2_1_0', 40.0, 2000, 2.0, nan)
30) ('resnet50_robust_mapped_RIN_l2_1_0', 50.0, 2000, 2.0, nan)
31) ('resnet50_robust_mapped_RIN_l2_1_0', 100.0, 5000, 2.0, nan)
32) ('resnet50_robust_mapped_RIN_l2_3_0', 0.0, 0, 0.0, nan)
33) ('resnet50_robust_mapped_RIN_l2_3_0', 0.1, 200, 0.02, nan)
34) ('resnet50_robust_mapped_RIN_l2_3_0', 0.5, 200, 0.1, nan)
35) ('resnet50_robust_mapped_RIN_l2_3_0', 1.0, 200, 0.3, nan)
36) ('resnet50_robust_mapped_RIN_l2_3_0', 2.0, 200, 0.3, nan)
37) ('resnet50_robust_mapped_RIN_l2_3_0', 3.0, 200, 0.3, nan)
38) ('resnet50_robust_mapped_RIN_l2_3_0', 5.0, 500, 0.5, nan)
39) ('resnet50_robust_mapped_RIN_l2_3_0', 7.5, 500, 0.5, nan)
40) ('resnet50_robust_mapped_RIN_l2_3_0', 10.0, 500, 0.5, nan)
41) ('resnet50_robust_mapped_RIN_l2_3_0', 15.0, 500, 0.5, nan)
42) ('resnet50_robust_mapped_RIN_l2_3_0', 20.0, 1000, 0.5, nan)
43) ('resnet50_robust_mapped_RIN_l2_3_0', 25.0, 1000, 0.5, nan)
44) ('resnet50_robust_mapped_RIN_l2_3_0', 30.0, 2000, 2.0, nan)
45) ('resnet50_robust_mapped_RIN_l2_3_0', 40.0, 2000, 2.0, nan)
46) ('resnet50_robust_mapped_RIN_l2_3_0', 50.0, 2000, 2.0, nan)
47) ('resnet50_robust_mapped_RIN_l2_3_0', 100.0, 5000, 2.0, nan)
48) ('resnet50_vanilla_mapped_RIN', 0.0, 0, 0.0, nan)
49) ('resnet50_vanilla_mapped_RIN', 0.1, 200, 0.02, nan)
50) ('resnet50_vanilla_mapped_RIN', 0.5, 200, 0.1, nan)
51) ('resnet50_vanilla_mapped_RIN', 1.0, 200, 0.3, nan)
52) ('resnet50_vanilla_mapped_RIN', 2.0, 200, 0.3, nan)
53) ('resnet50_vanilla_mapped_RIN', 3.0, 200, 0.3, nan)
54) ('resnet50_vanilla_mapped_RIN', 5.0, 500, 0.5, nan)
55) ('resnet50_vanilla_mapped_RIN', 7.5, 500, 0.5, nan)
56) ('resnet50_vanilla_mapped_RIN', 10.0, 500, 0.5, nan)
57) ('resnet50_vanilla_mapped_RIN', 15.0, 500, 0.5, nan)
58) ('resnet50_vanilla_mapped_RIN', 20.0, 1000, 0.5, nan)
59) ('resnet50_vanilla_mapped_RIN', 25.0, 1000, 0.5, nan)
60) ('resnet50_vanilla_mapped_RIN', 30.0, 2000, 2.0, nan)
61) ('resnet50_vanilla_mapped_RIN', 40.0, 2000, 2.0, nan)
62) ('resnet50_vanilla_mapped_RIN', 50.0, 2000, 2.0, nan)
63) ('resnet50_vanilla_mapped_RIN', 100.0, 5000, 2.0, nan)
(*) group(model_name='resnet50_vanilla_mapped_RIN', budget=5.0, n_iter=500, step_size=0.5, interp_alpha=nan)
chunk [1/8]
chunk [2/8]
chunk [3/8]
chunk [4/8]
chunk [5/8]
chunk [6/8]
chunk [7/8]
chunk [8/8]
Model-subject [resnet50_vanilla_mapped_RIN_v2]
=> loading checkpoint '/project/3018078.01/Gaziv/Wormholes_FB/checkpoints/imagenet_vanilla_v2.pt'
=> loaded checkpoint '/project/3018078.01/Gaziv/Wormholes_FB/checkpoints/imagenet_vanilla_v2.pt' (epoch 171)
Model-subject [resnet50_robust_mapped_RIN_l2_1_0_v2]
=> loading checkpoint '/project/3018078.01/Gaziv/Wormholes_FB/checkpoints/imagenet_l2_1_0_v2.pt'
=> loaded checkpoint '/project/3018078.01/Gaziv/Wormholes_FB/checkpoints/imagenet_l2_1_0_v2.pt' (epoch 176)
Model-subject [resnet50_robust_mapped_RIN_l2_3_0_v2]
=> loading checkpoint '/project/3018078.01/Gaziv/Wormholes_FB/checkpoints/imagenet_l2_3_0_v2.pt'
=> loaded checkpoint '/project/3018078.01/Gaziv/Wormholes_FB/checkpoints/imagenet_l2_3_0_v2.pt' (epoch 131)
Model-subject [resnet50_robust_mapped_RIN_l2_10_0_v2]
=> loading checkpoint '/project/3018078.01/Gaziv/Wormholes_FB/checkpoints/imagenet_l2_10_0_v2.pt'
=> loaded checkpoint '/project/3018078.01/Gaziv/Wormholes_FB/checkpoints/imagenet_l2_10_0_v2.pt' (epoch 200)
Model-subject [resnet50_vanilla_mapped_RIN]
Done.
Running iteration: 55
Job [55]
Total number of configs: 64
0) ('resnet50_robust_mapped_RIN_l2_10_0', 0.0, 0, 0.0, nan)
1) ('resnet50_robust_mapped_RIN_l2_10_0', 0.1, 200, 0.02, nan)
2) ('resnet50_robust_mapped_RIN_l2_10_0', 0.5, 200, 0.1, nan)
3) ('resnet50_robust_mapped_RIN_l2_10_0', 1.0, 200, 0.3, nan)
4) ('resnet50_robust_mapped_RIN_l2_10_0', 2.0, 200, 0.3, nan)
5) ('resnet50_robust_mapped_RIN_l2_10_0', 3.0, 200, 0.3, nan)
6) ('resnet50_robust_mapped_RIN_l2_10_0', 5.0, 500, 0.5, nan)
7) ('resnet50_robust_mapped_RIN_l2_10_0', 7.5, 500, 0.5, nan)
8) ('resnet50_robust_mapped_RIN_l2_10_0', 10.0, 500, 0.5, nan)
9) ('resnet50_robust_mapped_RIN_l2_10_0', 15.0, 500, 0.5, nan)
10) ('resnet50_robust_mapped_RIN_l2_10_0', 20.0, 1000, 0.5, nan)
11) ('resnet50_robust_mapped_RIN_l2_10_0', 25.0, 1000, 0.5, nan)
12) ('resnet50_robust_mapped_RIN_l2_10_0', 30.0, 2000, 2.0, nan)
13) ('resnet50_robust_mapped_RIN_l2_10_0', 40.0, 2000, 2.0, nan)
14) ('resnet50_robust_mapped_RIN_l2_10_0', 50.0, 2000, 2.0, nan)
15) ('resnet50_robust_mapped_RIN_l2_10_0', 100.0, 5000, 2.0, nan)
16) ('resnet50_robust_mapped_RIN_l2_1_0', 0.0, 0, 0.0, nan)
17) ('resnet50_robust_mapped_RIN_l2_1_0', 0.1, 200, 0.02, nan)
18) ('resnet50_robust_mapped_RIN_l2_1_0', 0.5, 200, 0.1, nan)
19) ('resnet50_robust_mapped_RIN_l2_1_0', 1.0, 200, 0.3, nan)
20) ('resnet50_robust_mapped_RIN_l2_1_0', 2.0, 200, 0.3, nan)
21) ('resnet50_robust_mapped_RIN_l2_1_0', 3.0, 200, 0.3, nan)
22) ('resnet50_robust_mapped_RIN_l2_1_0', 5.0, 500, 0.5, nan)
23) ('resnet50_robust_mapped_RIN_l2_1_0', 7.5, 500, 0.5, nan)
24) ('resnet50_robust_mapped_RIN_l2_1_0', 10.0, 500, 0.5, nan)
25) ('resnet50_robust_mapped_RIN_l2_1_0', 15.0, 500, 0.5, nan)
26) ('resnet50_robust_mapped_RIN_l2_1_0', 20.0, 1000, 0.5, nan)
27) ('resnet50_robust_mapped_RIN_l2_1_0', 25.0, 1000, 0.5, nan)
28) ('resnet50_robust_mapped_RIN_l2_1_0', 30.0, 2000, 2.0, nan)
29) ('resnet50_robust_mapped_RIN_l2_1_0', 40.0, 2000, 2.0, nan)
30) ('resnet50_robust_mapped_RIN_l2_1_0', 50.0, 2000, 2.0, nan)
31) ('resnet50_robust_mapped_RIN_l2_1_0', 100.0, 5000, 2.0, nan)
32) ('resnet50_robust_mapped_RIN_l2_3_0', 0.0, 0, 0.0, nan)
33) ('resnet50_robust_mapped_RIN_l2_3_0', 0.1, 200, 0.02, nan)
34) ('resnet50_robust_mapped_RIN_l2_3_0', 0.5, 200, 0.1, nan)
35) ('resnet50_robust_mapped_RIN_l2_3_0', 1.0, 200, 0.3, nan)
36) ('resnet50_robust_mapped_RIN_l2_3_0', 2.0, 200, 0.3, nan)
37) ('resnet50_robust_mapped_RIN_l2_3_0', 3.0, 200, 0.3, nan)
38) ('resnet50_robust_mapped_RIN_l2_3_0', 5.0, 500, 0.5, nan)
39) ('resnet50_robust_mapped_RIN_l2_3_0', 7.5, 500, 0.5, nan)
40) ('resnet50_robust_mapped_RIN_l2_3_0', 10.0, 500, 0.5, nan)
41) ('resnet50_robust_mapped_RIN_l2_3_0', 15.0, 500, 0.5, nan)
42) ('resnet50_robust_mapped_RIN_l2_3_0', 20.0, 1000, 0.5, nan)
43) ('resnet50_robust_mapped_RIN_l2_3_0', 25.0, 1000, 0.5, nan)
44) ('resnet50_robust_mapped_RIN_l2_3_0', 30.0, 2000, 2.0, nan)
45) ('resnet50_robust_mapped_RIN_l2_3_0', 40.0, 2000, 2.0, nan)
46) ('resnet50_robust_mapped_RIN_l2_3_0', 50.0, 2000, 2.0, nan)
47) ('resnet50_robust_mapped_RIN_l2_3_0', 100.0, 5000, 2.0, nan)
48) ('resnet50_vanilla_mapped_RIN', 0.0, 0, 0.0, nan)
49) ('resnet50_vanilla_mapped_RIN', 0.1, 200, 0.02, nan)
50) ('resnet50_vanilla_mapped_RIN', 0.5, 200, 0.1, nan)
51) ('resnet50_vanilla_mapped_RIN', 1.0, 200, 0.3, nan)
52) ('resnet50_vanilla_mapped_RIN', 2.0, 200, 0.3, nan)
53) ('resnet50_vanilla_mapped_RIN', 3.0, 200, 0.3, nan)
54) ('resnet50_vanilla_mapped_RIN', 5.0, 500, 0.5, nan)
55) ('resnet50_vanilla_mapped_RIN', 7.5, 500, 0.5, nan)
56) ('resnet50_vanilla_mapped_RIN', 10.0, 500, 0.5, nan)
57) ('resnet50_vanilla_mapped_RIN', 15.0, 500, 0.5, nan)
58) ('resnet50_vanilla_mapped_RIN', 20.0, 1000, 0.5, nan)
59) ('resnet50_vanilla_mapped_RIN', 25.0, 1000, 0.5, nan)
60) ('resnet50_vanilla_mapped_RIN', 30.0, 2000, 2.0, nan)
61) ('resnet50_vanilla_mapped_RIN', 40.0, 2000, 2.0, nan)
62) ('resnet50_vanilla_mapped_RIN', 50.0, 2000, 2.0, nan)
63) ('resnet50_vanilla_mapped_RIN', 100.0, 5000, 2.0, nan)
(*) group(model_name='resnet50_vanilla_mapped_RIN', budget=7.5, n_iter=500, step_size=0.5, interp_alpha=nan)
chunk [1/8]
chunk [2/8]
chunk [3/8]
chunk [4/8]
chunk [5/8]
chunk [6/8]
chunk [7/8]
chunk [8/8]
Model-subject [resnet50_vanilla_mapped_RIN_v2]
=> loading checkpoint '/project/3018078.01/Gaziv/Wormholes_FB/checkpoints/imagenet_vanilla_v2.pt'
=> loaded checkpoint '/project/3018078.01/Gaziv/Wormholes_FB/checkpoints/imagenet_vanilla_v2.pt' (epoch 171)
Model-subject [resnet50_robust_mapped_RIN_l2_1_0_v2]
=> loading checkpoint '/project/3018078.01/Gaziv/Wormholes_FB/checkpoints/imagenet_l2_1_0_v2.pt'
=> loaded checkpoint '/project/3018078.01/Gaziv/Wormholes_FB/checkpoints/imagenet_l2_1_0_v2.pt' (epoch 176)
Model-subject [resnet50_robust_mapped_RIN_l2_3_0_v2]
=> loading checkpoint '/project/3018078.01/Gaziv/Wormholes_FB/checkpoints/imagenet_l2_3_0_v2.pt'
=> loaded checkpoint '/project/3018078.01/Gaziv/Wormholes_FB/checkpoints/imagenet_l2_3_0_v2.pt' (epoch 131)
Model-subject [resnet50_robust_mapped_RIN_l2_10_0_v2]
=> loading checkpoint '/project/3018078.01/Gaziv/Wormholes_FB/checkpoints/imagenet_l2_10_0_v2.pt'
=> loaded checkpoint '/project/3018078.01/Gaziv/Wormholes_FB/checkpoints/imagenet_l2_10_0_v2.pt' (epoch 200)
Model-subject [resnet50_vanilla_mapped_RIN]
Done.
Running iteration: 56
Job [56]
Total number of configs: 64
0) ('resnet50_robust_mapped_RIN_l2_10_0', 0.0, 0, 0.0, nan)
1) ('resnet50_robust_mapped_RIN_l2_10_0', 0.1, 200, 0.02, nan)
2) ('resnet50_robust_mapped_RIN_l2_10_0', 0.5, 200, 0.1, nan)
3) ('resnet50_robust_mapped_RIN_l2_10_0', 1.0, 200, 0.3, nan)
4) ('resnet50_robust_mapped_RIN_l2_10_0', 2.0, 200, 0.3, nan)
5) ('resnet50_robust_mapped_RIN_l2_10_0', 3.0, 200, 0.3, nan)
6) ('resnet50_robust_mapped_RIN_l2_10_0', 5.0, 500, 0.5, nan)
7) ('resnet50_robust_mapped_RIN_l2_10_0', 7.5, 500, 0.5, nan)
8) ('resnet50_robust_mapped_RIN_l2_10_0', 10.0, 500, 0.5, nan)
9) ('resnet50_robust_mapped_RIN_l2_10_0', 15.0, 500, 0.5, nan)
10) ('resnet50_robust_mapped_RIN_l2_10_0', 20.0, 1000, 0.5, nan)
11) ('resnet50_robust_mapped_RIN_l2_10_0', 25.0, 1000, 0.5, nan)
12) ('resnet50_robust_mapped_RIN_l2_10_0', 30.0, 2000, 2.0, nan)
13) ('resnet50_robust_mapped_RIN_l2_10_0', 40.0, 2000, 2.0, nan)
14) ('resnet50_robust_mapped_RIN_l2_10_0', 50.0, 2000, 2.0, nan)
15) ('resnet50_robust_mapped_RIN_l2_10_0', 100.0, 5000, 2.0, nan)
16) ('resnet50_robust_mapped_RIN_l2_1_0', 0.0, 0, 0.0, nan)
17) ('resnet50_robust_mapped_RIN_l2_1_0', 0.1, 200, 0.02, nan)
18) ('resnet50_robust_mapped_RIN_l2_1_0', 0.5, 200, 0.1, nan)
19) ('resnet50_robust_mapped_RIN_l2_1_0', 1.0, 200, 0.3, nan)
20) ('resnet50_robust_mapped_RIN_l2_1_0', 2.0, 200, 0.3, nan)
21) ('resnet50_robust_mapped_RIN_l2_1_0', 3.0, 200, 0.3, nan)
22) ('resnet50_robust_mapped_RIN_l2_1_0', 5.0, 500, 0.5, nan)
23) ('resnet50_robust_mapped_RIN_l2_1_0', 7.5, 500, 0.5, nan)
24) ('resnet50_robust_mapped_RIN_l2_1_0', 10.0, 500, 0.5, nan)
25) ('resnet50_robust_mapped_RIN_l2_1_0', 15.0, 500, 0.5, nan)
26) ('resnet50_robust_mapped_RIN_l2_1_0', 20.0, 1000, 0.5, nan)
27) ('resnet50_robust_mapped_RIN_l2_1_0', 25.0, 1000, 0.5, nan)
28) ('resnet50_robust_mapped_RIN_l2_1_0', 30.0, 2000, 2.0, nan)
29) ('resnet50_robust_mapped_RIN_l2_1_0', 40.0, 2000, 2.0, nan)
30) ('resnet50_robust_mapped_RIN_l2_1_0', 50.0, 2000, 2.0, nan)
31) ('resnet50_robust_mapped_RIN_l2_1_0', 100.0, 5000, 2.0, nan)
32) ('resnet50_robust_mapped_RIN_l2_3_0', 0.0, 0, 0.0, nan)
33) ('resnet50_robust_mapped_RIN_l2_3_0', 0.1, 200, 0.02, nan)
34) ('resnet50_robust_mapped_RIN_l2_3_0', 0.5, 200, 0.1, nan)
35) ('resnet50_robust_mapped_RIN_l2_3_0', 1.0, 200, 0.3, nan)
36) ('resnet50_robust_mapped_RIN_l2_3_0', 2.0, 200, 0.3, nan)
37) ('resnet50_robust_mapped_RIN_l2_3_0', 3.0, 200, 0.3, nan)
38) ('resnet50_robust_mapped_RIN_l2_3_0', 5.0, 500, 0.5, nan)
39) ('resnet50_robust_mapped_RIN_l2_3_0', 7.5, 500, 0.5, nan)
40) ('resnet50_robust_mapped_RIN_l2_3_0', 10.0, 500, 0.5, nan)
41) ('resnet50_robust_mapped_RIN_l2_3_0', 15.0, 500, 0.5, nan)
42) ('resnet50_robust_mapped_RIN_l2_3_0', 20.0, 1000, 0.5, nan)
43) ('resnet50_robust_mapped_RIN_l2_3_0', 25.0, 1000, 0.5, nan)
44) ('resnet50_robust_mapped_RIN_l2_3_0', 30.0, 2000, 2.0, nan)
45) ('resnet50_robust_mapped_RIN_l2_3_0', 40.0, 2000, 2.0, nan)
46) ('resnet50_robust_mapped_RIN_l2_3_0', 50.0, 2000, 2.0, nan)
47) ('resnet50_robust_mapped_RIN_l2_3_0', 100.0, 5000, 2.0, nan)
48) ('resnet50_vanilla_mapped_RIN', 0.0, 0, 0.0, nan)
49) ('resnet50_vanilla_mapped_RIN', 0.1, 200, 0.02, nan)
50) ('resnet50_vanilla_mapped_RIN', 0.5, 200, 0.1, nan)
51) ('resnet50_vanilla_mapped_RIN', 1.0, 200, 0.3, nan)
52) ('resnet50_vanilla_mapped_RIN', 2.0, 200, 0.3, nan)
53) ('resnet50_vanilla_mapped_RIN', 3.0, 200, 0.3, nan)
54) ('resnet50_vanilla_mapped_RIN', 5.0, 500, 0.5, nan)
55) ('resnet50_vanilla_mapped_RIN', 7.5, 500, 0.5, nan)
56) ('resnet50_vanilla_mapped_RIN', 10.0, 500, 0.5, nan)
57) ('resnet50_vanilla_mapped_RIN', 15.0, 500, 0.5, nan)
58) ('resnet50_vanilla_mapped_RIN', 20.0, 1000, 0.5, nan)
59) ('resnet50_vanilla_mapped_RIN', 25.0, 1000, 0.5, nan)
60) ('resnet50_vanilla_mapped_RIN', 30.0, 2000, 2.0, nan)
61) ('resnet50_vanilla_mapped_RIN', 40.0, 2000, 2.0, nan)
62) ('resnet50_vanilla_mapped_RIN', 50.0, 2000, 2.0, nan)
63) ('resnet50_vanilla_mapped_RIN', 100.0, 5000, 2.0, nan)
(*) group(model_name='resnet50_vanilla_mapped_RIN', budget=10.0, n_iter=500, step_size=0.5, interp_alpha=nan)
chunk [1/8]
chunk [2/8]
chunk [3/8]
chunk [4/8]
chunk [5/8]
chunk [6/8]
chunk [7/8]
chunk [8/8]
Model-subject [resnet50_vanilla_mapped_RIN_v2]
=> loading checkpoint '/project/3018078.01/Gaziv/Wormholes_FB/checkpoints/imagenet_vanilla_v2.pt'
=> loaded checkpoint '/project/3018078.01/Gaziv/Wormholes_FB/checkpoints/imagenet_vanilla_v2.pt' (epoch 171)
Model-subject [resnet50_robust_mapped_RIN_l2_1_0_v2]
=> loading checkpoint '/project/3018078.01/Gaziv/Wormholes_FB/checkpoints/imagenet_l2_1_0_v2.pt'
=> loaded checkpoint '/project/3018078.01/Gaziv/Wormholes_FB/checkpoints/imagenet_l2_1_0_v2.pt' (epoch 176)
Model-subject [resnet50_robust_mapped_RIN_l2_3_0_v2]
=> loading checkpoint '/project/3018078.01/Gaziv/Wormholes_FB/checkpoints/imagenet_l2_3_0_v2.pt'
=> loaded checkpoint '/project/3018078.01/Gaziv/Wormholes_FB/checkpoints/imagenet_l2_3_0_v2.pt' (epoch 131)
Model-subject [resnet50_robust_mapped_RIN_l2_10_0_v2]
=> loading checkpoint '/project/3018078.01/Gaziv/Wormholes_FB/checkpoints/imagenet_l2_10_0_v2.pt'
=> loaded checkpoint '/project/3018078.01/Gaziv/Wormholes_FB/checkpoints/imagenet_l2_10_0_v2.pt' (epoch 200)
Model-subject [resnet50_vanilla_mapped_RIN]
Done.
Running iteration: 57
Job [57]
Total number of configs: 64
0) ('resnet50_robust_mapped_RIN_l2_10_0', 0.0, 0, 0.0, nan)
1) ('resnet50_robust_mapped_RIN_l2_10_0', 0.1, 200, 0.02, nan)
2) ('resnet50_robust_mapped_RIN_l2_10_0', 0.5, 200, 0.1, nan)
3) ('resnet50_robust_mapped_RIN_l2_10_0', 1.0, 200, 0.3, nan)
4) ('resnet50_robust_mapped_RIN_l2_10_0', 2.0, 200, 0.3, nan)
5) ('resnet50_robust_mapped_RIN_l2_10_0', 3.0, 200, 0.3, nan)
6) ('resnet50_robust_mapped_RIN_l2_10_0', 5.0, 500, 0.5, nan)
7) ('resnet50_robust_mapped_RIN_l2_10_0', 7.5, 500, 0.5, nan)
8) ('resnet50_robust_mapped_RIN_l2_10_0', 10.0, 500, 0.5, nan)
9) ('resnet50_robust_mapped_RIN_l2_10_0', 15.0, 500, 0.5, nan)
10) ('resnet50_robust_mapped_RIN_l2_10_0', 20.0, 1000, 0.5, nan)
11) ('resnet50_robust_mapped_RIN_l2_10_0', 25.0, 1000, 0.5, nan)
12) ('resnet50_robust_mapped_RIN_l2_10_0', 30.0, 2000, 2.0, nan)
13) ('resnet50_robust_mapped_RIN_l2_10_0', 40.0, 2000, 2.0, nan)
14) ('resnet50_robust_mapped_RIN_l2_10_0', 50.0, 2000, 2.0, nan)
15) ('resnet50_robust_mapped_RIN_l2_10_0', 100.0, 5000, 2.0, nan)
16) ('resnet50_robust_mapped_RIN_l2_1_0', 0.0, 0, 0.0, nan)
17) ('resnet50_robust_mapped_RIN_l2_1_0', 0.1, 200, 0.02, nan)
18) ('resnet50_robust_mapped_RIN_l2_1_0', 0.5, 200, 0.1, nan)
19) ('resnet50_robust_mapped_RIN_l2_1_0', 1.0, 200, 0.3, nan)
20) ('resnet50_robust_mapped_RIN_l2_1_0', 2.0, 200, 0.3, nan)
21) ('resnet50_robust_mapped_RIN_l2_1_0', 3.0, 200, 0.3, nan)
22) ('resnet50_robust_mapped_RIN_l2_1_0', 5.0, 500, 0.5, nan)
23) ('resnet50_robust_mapped_RIN_l2_1_0', 7.5, 500, 0.5, nan)
24) ('resnet50_robust_mapped_RIN_l2_1_0', 10.0, 500, 0.5, nan)
25) ('resnet50_robust_mapped_RIN_l2_1_0', 15.0, 500, 0.5, nan)
26) ('resnet50_robust_mapped_RIN_l2_1_0', 20.0, 1000, 0.5, nan)
27) ('resnet50_robust_mapped_RIN_l2_1_0', 25.0, 1000, 0.5, nan)
28) ('resnet50_robust_mapped_RIN_l2_1_0', 30.0, 2000, 2.0, nan)
29) ('resnet50_robust_mapped_RIN_l2_1_0', 40.0, 2000, 2.0, nan)
30) ('resnet50_robust_mapped_RIN_l2_1_0', 50.0, 2000, 2.0, nan)
31) ('resnet50_robust_mapped_RIN_l2_1_0', 100.0, 5000, 2.0, nan)
32) ('resnet50_robust_mapped_RIN_l2_3_0', 0.0, 0, 0.0, nan)
33) ('resnet50_robust_mapped_RIN_l2_3_0', 0.1, 200, 0.02, nan)
34) ('resnet50_robust_mapped_RIN_l2_3_0', 0.5, 200, 0.1, nan)
35) ('resnet50_robust_mapped_RIN_l2_3_0', 1.0, 200, 0.3, nan)
36) ('resnet50_robust_mapped_RIN_l2_3_0', 2.0, 200, 0.3, nan)
37) ('resnet50_robust_mapped_RIN_l2_3_0', 3.0, 200, 0.3, nan)
38) ('resnet50_robust_mapped_RIN_l2_3_0', 5.0, 500, 0.5, nan)
39) ('resnet50_robust_mapped_RIN_l2_3_0', 7.5, 500, 0.5, nan)
40) ('resnet50_robust_mapped_RIN_l2_3_0', 10.0, 500, 0.5, nan)
41) ('resnet50_robust_mapped_RIN_l2_3_0', 15.0, 500, 0.5, nan)
42) ('resnet50_robust_mapped_RIN_l2_3_0', 20.0, 1000, 0.5, nan)
43) ('resnet50_robust_mapped_RIN_l2_3_0', 25.0, 1000, 0.5, nan)
44) ('resnet50_robust_mapped_RIN_l2_3_0', 30.0, 2000, 2.0, nan)
45) ('resnet50_robust_mapped_RIN_l2_3_0', 40.0, 2000, 2.0, nan)
46) ('resnet50_robust_mapped_RIN_l2_3_0', 50.0, 2000, 2.0, nan)
47) ('resnet50_robust_mapped_RIN_l2_3_0', 100.0, 5000, 2.0, nan)
48) ('resnet50_vanilla_mapped_RIN', 0.0, 0, 0.0, nan)
49) ('resnet50_vanilla_mapped_RIN', 0.1, 200, 0.02, nan)
50) ('resnet50_vanilla_mapped_RIN', 0.5, 200, 0.1, nan)
51) ('resnet50_vanilla_mapped_RIN', 1.0, 200, 0.3, nan)
52) ('resnet50_vanilla_mapped_RIN', 2.0, 200, 0.3, nan)
53) ('resnet50_vanilla_mapped_RIN', 3.0, 200, 0.3, nan)
54) ('resnet50_vanilla_mapped_RIN', 5.0, 500, 0.5, nan)
55) ('resnet50_vanilla_mapped_RIN', 7.5, 500, 0.5, nan)
56) ('resnet50_vanilla_mapped_RIN', 10.0, 500, 0.5, nan)
57) ('resnet50_vanilla_mapped_RIN', 15.0, 500, 0.5, nan)
58) ('resnet50_vanilla_mapped_RIN', 20.0, 1000, 0.5, nan)
59) ('resnet50_vanilla_mapped_RIN', 25.0, 1000, 0.5, nan)
60) ('resnet50_vanilla_mapped_RIN', 30.0, 2000, 2.0, nan)
61) ('resnet50_vanilla_mapped_RIN', 40.0, 2000, 2.0, nan)
62) ('resnet50_vanilla_mapped_RIN', 50.0, 2000, 2.0, nan)
63) ('resnet50_vanilla_mapped_RIN', 100.0, 5000, 2.0, nan)
(*) group(model_name='resnet50_vanilla_mapped_RIN', budget=15.0, n_iter=500, step_size=0.5, interp_alpha=nan)
chunk [1/8]
chunk [2/8]
chunk [3/8]
chunk [4/8]
chunk [5/8]
chunk [6/8]
chunk [7/8]
chunk [8/8]
Model-subject [resnet50_vanilla_mapped_RIN_v2]
=> loading checkpoint '/project/3018078.01/Gaziv/Wormholes_FB/checkpoints/imagenet_vanilla_v2.pt'
=> loaded checkpoint '/project/3018078.01/Gaziv/Wormholes_FB/checkpoints/imagenet_vanilla_v2.pt' (epoch 171)
Model-subject [resnet50_robust_mapped_RIN_l2_1_0_v2]
=> loading checkpoint '/project/3018078.01/Gaziv/Wormholes_FB/checkpoints/imagenet_l2_1_0_v2.pt'
=> loaded checkpoint '/project/3018078.01/Gaziv/Wormholes_FB/checkpoints/imagenet_l2_1_0_v2.pt' (epoch 176)
Model-subject [resnet50_robust_mapped_RIN_l2_3_0_v2]
=> loading checkpoint '/project/3018078.01/Gaziv/Wormholes_FB/checkpoints/imagenet_l2_3_0_v2.pt'
=> loaded checkpoint '/project/3018078.01/Gaziv/Wormholes_FB/checkpoints/imagenet_l2_3_0_v2.pt' (epoch 131)
Model-subject [resnet50_robust_mapped_RIN_l2_10_0_v2]
=> loading checkpoint '/project/3018078.01/Gaziv/Wormholes_FB/checkpoints/imagenet_l2_10_0_v2.pt'
=> loaded checkpoint '/project/3018078.01/Gaziv/Wormholes_FB/checkpoints/imagenet_l2_10_0_v2.pt' (epoch 200)
Model-subject [resnet50_vanilla_mapped_RIN]
Done.
Running iteration: 58
Job [58]
Total number of configs: 64
0) ('resnet50_robust_mapped_RIN_l2_10_0', 0.0, 0, 0.0, nan)
1) ('resnet50_robust_mapped_RIN_l2_10_0', 0.1, 200, 0.02, nan)
2) ('resnet50_robust_mapped_RIN_l2_10_0', 0.5, 200, 0.1, nan)
3) ('resnet50_robust_mapped_RIN_l2_10_0', 1.0, 200, 0.3, nan)
4) ('resnet50_robust_mapped_RIN_l2_10_0', 2.0, 200, 0.3, nan)
5) ('resnet50_robust_mapped_RIN_l2_10_0', 3.0, 200, 0.3, nan)
6) ('resnet50_robust_mapped_RIN_l2_10_0', 5.0, 500, 0.5, nan)
7) ('resnet50_robust_mapped_RIN_l2_10_0', 7.5, 500, 0.5, nan)
8) ('resnet50_robust_mapped_RIN_l2_10_0', 10.0, 500, 0.5, nan)
9) ('resnet50_robust_mapped_RIN_l2_10_0', 15.0, 500, 0.5, nan)
10) ('resnet50_robust_mapped_RIN_l2_10_0', 20.0, 1000, 0.5, nan)
11) ('resnet50_robust_mapped_RIN_l2_10_0', 25.0, 1000, 0.5, nan)
12) ('resnet50_robust_mapped_RIN_l2_10_0', 30.0, 2000, 2.0, nan)
13) ('resnet50_robust_mapped_RIN_l2_10_0', 40.0, 2000, 2.0, nan)
14) ('resnet50_robust_mapped_RIN_l2_10_0', 50.0, 2000, 2.0, nan)
15) ('resnet50_robust_mapped_RIN_l2_10_0', 100.0, 5000, 2.0, nan)
16) ('resnet50_robust_mapped_RIN_l2_1_0', 0.0, 0, 0.0, nan)
17) ('resnet50_robust_mapped_RIN_l2_1_0', 0.1, 200, 0.02, nan)
18) ('resnet50_robust_mapped_RIN_l2_1_0', 0.5, 200, 0.1, nan)
19) ('resnet50_robust_mapped_RIN_l2_1_0', 1.0, 200, 0.3, nan)
20) ('resnet50_robust_mapped_RIN_l2_1_0', 2.0, 200, 0.3, nan)
21) ('resnet50_robust_mapped_RIN_l2_1_0', 3.0, 200, 0.3, nan)
22) ('resnet50_robust_mapped_RIN_l2_1_0', 5.0, 500, 0.5, nan)
23) ('resnet50_robust_mapped_RIN_l2_1_0', 7.5, 500, 0.5, nan)
24) ('resnet50_robust_mapped_RIN_l2_1_0', 10.0, 500, 0.5, nan)
25) ('resnet50_robust_mapped_RIN_l2_1_0', 15.0, 500, 0.5, nan)
26) ('resnet50_robust_mapped_RIN_l2_1_0', 20.0, 1000, 0.5, nan)
27) ('resnet50_robust_mapped_RIN_l2_1_0', 25.0, 1000, 0.5, nan)
28) ('resnet50_robust_mapped_RIN_l2_1_0', 30.0, 2000, 2.0, nan)
29) ('resnet50_robust_mapped_RIN_l2_1_0', 40.0, 2000, 2.0, nan)
30) ('resnet50_robust_mapped_RIN_l2_1_0', 50.0, 2000, 2.0, nan)
31) ('resnet50_robust_mapped_RIN_l2_1_0', 100.0, 5000, 2.0, nan)
32) ('resnet50_robust_mapped_RIN_l2_3_0', 0.0, 0, 0.0, nan)
33) ('resnet50_robust_mapped_RIN_l2_3_0', 0.1, 200, 0.02, nan)
34) ('resnet50_robust_mapped_RIN_l2_3_0', 0.5, 200, 0.1, nan)
35) ('resnet50_robust_mapped_RIN_l2_3_0', 1.0, 200, 0.3, nan)
36) ('resnet50_robust_mapped_RIN_l2_3_0', 2.0, 200, 0.3, nan)
37) ('resnet50_robust_mapped_RIN_l2_3_0', 3.0, 200, 0.3, nan)
38) ('resnet50_robust_mapped_RIN_l2_3_0', 5.0, 500, 0.5, nan)
39) ('resnet50_robust_mapped_RIN_l2_3_0', 7.5, 500, 0.5, nan)
40) ('resnet50_robust_mapped_RIN_l2_3_0', 10.0, 500, 0.5, nan)
41) ('resnet50_robust_mapped_RIN_l2_3_0', 15.0, 500, 0.5, nan)
42) ('resnet50_robust_mapped_RIN_l2_3_0', 20.0, 1000, 0.5, nan)
43) ('resnet50_robust_mapped_RIN_l2_3_0', 25.0, 1000, 0.5, nan)
44) ('resnet50_robust_mapped_RIN_l2_3_0', 30.0, 2000, 2.0, nan)
45) ('resnet50_robust_mapped_RIN_l2_3_0', 40.0, 2000, 2.0, nan)
46) ('resnet50_robust_mapped_RIN_l2_3_0', 50.0, 2000, 2.0, nan)
47) ('resnet50_robust_mapped_RIN_l2_3_0', 100.0, 5000, 2.0, nan)
48) ('resnet50_vanilla_mapped_RIN', 0.0, 0, 0.0, nan)
49) ('resnet50_vanilla_mapped_RIN', 0.1, 200, 0.02, nan)
50) ('resnet50_vanilla_mapped_RIN', 0.5, 200, 0.1, nan)
51) ('resnet50_vanilla_mapped_RIN', 1.0, 200, 0.3, nan)
52) ('resnet50_vanilla_mapped_RIN', 2.0, 200, 0.3, nan)
53) ('resnet50_vanilla_mapped_RIN', 3.0, 200, 0.3, nan)
54) ('resnet50_vanilla_mapped_RIN', 5.0, 500, 0.5, nan)
55) ('resnet50_vanilla_mapped_RIN', 7.5, 500, 0.5, nan)
56) ('resnet50_vanilla_mapped_RIN', 10.0, 500, 0.5, nan)
57) ('resnet50_vanilla_mapped_RIN', 15.0, 500, 0.5, nan)
58) ('resnet50_vanilla_mapped_RIN', 20.0, 1000, 0.5, nan)
59) ('resnet50_vanilla_mapped_RIN', 25.0, 1000, 0.5, nan)
60) ('resnet50_vanilla_mapped_RIN', 30.0, 2000, 2.0, nan)
61) ('resnet50_vanilla_mapped_RIN', 40.0, 2000, 2.0, nan)
62) ('resnet50_vanilla_mapped_RIN', 50.0, 2000, 2.0, nan)
63) ('resnet50_vanilla_mapped_RIN', 100.0, 5000, 2.0, nan)
(*) group(model_name='resnet50_vanilla_mapped_RIN', budget=20.0, n_iter=1000, step_size=0.5, interp_alpha=nan)
chunk [1/8]
chunk [2/8]
chunk [3/8]
chunk [4/8]
chunk [5/8]
chunk [6/8]
chunk [7/8]
chunk [8/8]
Model-subject [resnet50_vanilla_mapped_RIN_v2]
=> loading checkpoint '/project/3018078.01/Gaziv/Wormholes_FB/checkpoints/imagenet_vanilla_v2.pt'
=> loaded checkpoint '/project/3018078.01/Gaziv/Wormholes_FB/checkpoints/imagenet_vanilla_v2.pt' (epoch 171)
Model-subject [resnet50_robust_mapped_RIN_l2_1_0_v2]
=> loading checkpoint '/project/3018078.01/Gaziv/Wormholes_FB/checkpoints/imagenet_l2_1_0_v2.pt'
=> loaded checkpoint '/project/3018078.01/Gaziv/Wormholes_FB/checkpoints/imagenet_l2_1_0_v2.pt' (epoch 176)
Model-subject [resnet50_robust_mapped_RIN_l2_3_0_v2]
=> loading checkpoint '/project/3018078.01/Gaziv/Wormholes_FB/checkpoints/imagenet_l2_3_0_v2.pt'
=> loaded checkpoint '/project/3018078.01/Gaziv/Wormholes_FB/checkpoints/imagenet_l2_3_0_v2.pt' (epoch 131)
Model-subject [resnet50_robust_mapped_RIN_l2_10_0_v2]
=> loading checkpoint '/project/3018078.01/Gaziv/Wormholes_FB/checkpoints/imagenet_l2_10_0_v2.pt'
=> loaded checkpoint '/project/3018078.01/Gaziv/Wormholes_FB/checkpoints/imagenet_l2_10_0_v2.pt' (epoch 200)
Model-subject [resnet50_vanilla_mapped_RIN]
Done.
Running iteration: 59
Job [59]
Total number of configs: 64
0) ('resnet50_robust_mapped_RIN_l2_10_0', 0.0, 0, 0.0, nan)
1) ('resnet50_robust_mapped_RIN_l2_10_0', 0.1, 200, 0.02, nan)
2) ('resnet50_robust_mapped_RIN_l2_10_0', 0.5, 200, 0.1, nan)
3) ('resnet50_robust_mapped_RIN_l2_10_0', 1.0, 200, 0.3, nan)
4) ('resnet50_robust_mapped_RIN_l2_10_0', 2.0, 200, 0.3, nan)
5) ('resnet50_robust_mapped_RIN_l2_10_0', 3.0, 200, 0.3, nan)
6) ('resnet50_robust_mapped_RIN_l2_10_0', 5.0, 500, 0.5, nan)
7) ('resnet50_robust_mapped_RIN_l2_10_0', 7.5, 500, 0.5, nan)
8) ('resnet50_robust_mapped_RIN_l2_10_0', 10.0, 500, 0.5, nan)
9) ('resnet50_robust_mapped_RIN_l2_10_0', 15.0, 500, 0.5, nan)
10) ('resnet50_robust_mapped_RIN_l2_10_0', 20.0, 1000, 0.5, nan)
11) ('resnet50_robust_mapped_RIN_l2_10_0', 25.0, 1000, 0.5, nan)
12) ('resnet50_robust_mapped_RIN_l2_10_0', 30.0, 2000, 2.0, nan)
13) ('resnet50_robust_mapped_RIN_l2_10_0', 40.0, 2000, 2.0, nan)
14) ('resnet50_robust_mapped_RIN_l2_10_0', 50.0, 2000, 2.0, nan)
15) ('resnet50_robust_mapped_RIN_l2_10_0', 100.0, 5000, 2.0, nan)
16) ('resnet50_robust_mapped_RIN_l2_1_0', 0.0, 0, 0.0, nan)
17) ('resnet50_robust_mapped_RIN_l2_1_0', 0.1, 200, 0.02, nan)
18) ('resnet50_robust_mapped_RIN_l2_1_0', 0.5, 200, 0.1, nan)
19) ('resnet50_robust_mapped_RIN_l2_1_0', 1.0, 200, 0.3, nan)
20) ('resnet50_robust_mapped_RIN_l2_1_0', 2.0, 200, 0.3, nan)
21) ('resnet50_robust_mapped_RIN_l2_1_0', 3.0, 200, 0.3, nan)
22) ('resnet50_robust_mapped_RIN_l2_1_0', 5.0, 500, 0.5, nan)
23) ('resnet50_robust_mapped_RIN_l2_1_0', 7.5, 500, 0.5, nan)
24) ('resnet50_robust_mapped_RIN_l2_1_0', 10.0, 500, 0.5, nan)
25) ('resnet50_robust_mapped_RIN_l2_1_0', 15.0, 500, 0.5, nan)
26) ('resnet50_robust_mapped_RIN_l2_1_0', 20.0, 1000, 0.5, nan)
27) ('resnet50_robust_mapped_RIN_l2_1_0', 25.0, 1000, 0.5, nan)
28) ('resnet50_robust_mapped_RIN_l2_1_0', 30.0, 2000, 2.0, nan)
29) ('resnet50_robust_mapped_RIN_l2_1_0', 40.0, 2000, 2.0, nan)
30) ('resnet50_robust_mapped_RIN_l2_1_0', 50.0, 2000, 2.0, nan)
31) ('resnet50_robust_mapped_RIN_l2_1_0', 100.0, 5000, 2.0, nan)
32) ('resnet50_robust_mapped_RIN_l2_3_0', 0.0, 0, 0.0, nan)
33) ('resnet50_robust_mapped_RIN_l2_3_0', 0.1, 200, 0.02, nan)
34) ('resnet50_robust_mapped_RIN_l2_3_0', 0.5, 200, 0.1, nan)
35) ('resnet50_robust_mapped_RIN_l2_3_0', 1.0, 200, 0.3, nan)
36) ('resnet50_robust_mapped_RIN_l2_3_0', 2.0, 200, 0.3, nan)
37) ('resnet50_robust_mapped_RIN_l2_3_0', 3.0, 200, 0.3, nan)
38) ('resnet50_robust_mapped_RIN_l2_3_0', 5.0, 500, 0.5, nan)
39) ('resnet50_robust_mapped_RIN_l2_3_0', 7.5, 500, 0.5, nan)
40) ('resnet50_robust_mapped_RIN_l2_3_0', 10.0, 500, 0.5, nan)
41) ('resnet50_robust_mapped_RIN_l2_3_0', 15.0, 500, 0.5, nan)
42) ('resnet50_robust_mapped_RIN_l2_3_0', 20.0, 1000, 0.5, nan)
43) ('resnet50_robust_mapped_RIN_l2_3_0', 25.0, 1000, 0.5, nan)
44) ('resnet50_robust_mapped_RIN_l2_3_0', 30.0, 2000, 2.0, nan)
45) ('resnet50_robust_mapped_RIN_l2_3_0', 40.0, 2000, 2.0, nan)
46) ('resnet50_robust_mapped_RIN_l2_3_0', 50.0, 2000, 2.0, nan)
47) ('resnet50_robust_mapped_RIN_l2_3_0', 100.0, 5000, 2.0, nan)
48) ('resnet50_vanilla_mapped_RIN', 0.0, 0, 0.0, nan)
49) ('resnet50_vanilla_mapped_RIN', 0.1, 200, 0.02, nan)
50) ('resnet50_vanilla_mapped_RIN', 0.5, 200, 0.1, nan)
51) ('resnet50_vanilla_mapped_RIN', 1.0, 200, 0.3, nan)
52) ('resnet50_vanilla_mapped_RIN', 2.0, 200, 0.3, nan)
53) ('resnet50_vanilla_mapped_RIN', 3.0, 200, 0.3, nan)
54) ('resnet50_vanilla_mapped_RIN', 5.0, 500, 0.5, nan)
55) ('resnet50_vanilla_mapped_RIN', 7.5, 500, 0.5, nan)
56) ('resnet50_vanilla_mapped_RIN', 10.0, 500, 0.5, nan)
57) ('resnet50_vanilla_mapped_RIN', 15.0, 500, 0.5, nan)
58) ('resnet50_vanilla_mapped_RIN', 20.0, 1000, 0.5, nan)
59) ('resnet50_vanilla_mapped_RIN', 25.0, 1000, 0.5, nan)
60) ('resnet50_vanilla_mapped_RIN', 30.0, 2000, 2.0, nan)
61) ('resnet50_vanilla_mapped_RIN', 40.0, 2000, 2.0, nan)
62) ('resnet50_vanilla_mapped_RIN', 50.0, 2000, 2.0, nan)
63) ('resnet50_vanilla_mapped_RIN', 100.0, 5000, 2.0, nan)
(*) group(model_name='resnet50_vanilla_mapped_RIN', budget=25.0, n_iter=1000, step_size=0.5, interp_alpha=nan)
chunk [1/8]
chunk [2/8]
chunk [3/8]
chunk [4/8]
chunk [5/8]
chunk [6/8]
chunk [7/8]
chunk [8/8]
Model-subject [resnet50_vanilla_mapped_RIN_v2]
=> loading checkpoint '/project/3018078.01/Gaziv/Wormholes_FB/checkpoints/imagenet_vanilla_v2.pt'
=> loaded checkpoint '/project/3018078.01/Gaziv/Wormholes_FB/checkpoints/imagenet_vanilla_v2.pt' (epoch 171)
Model-subject [resnet50_robust_mapped_RIN_l2_1_0_v2]
=> loading checkpoint '/project/3018078.01/Gaziv/Wormholes_FB/checkpoints/imagenet_l2_1_0_v2.pt'
=> loaded checkpoint '/project/3018078.01/Gaziv/Wormholes_FB/checkpoints/imagenet_l2_1_0_v2.pt' (epoch 176)
Model-subject [resnet50_robust_mapped_RIN_l2_3_0_v2]
=> loading checkpoint '/project/3018078.01/Gaziv/Wormholes_FB/checkpoints/imagenet_l2_3_0_v2.pt'
=> loaded checkpoint '/project/3018078.01/Gaziv/Wormholes_FB/checkpoints/imagenet_l2_3_0_v2.pt' (epoch 131)
Model-subject [resnet50_robust_mapped_RIN_l2_10_0_v2]
=> loading checkpoint '/project/3018078.01/Gaziv/Wormholes_FB/checkpoints/imagenet_l2_10_0_v2.pt'
=> loaded checkpoint '/project/3018078.01/Gaziv/Wormholes_FB/checkpoints/imagenet_l2_10_0_v2.pt' (epoch 200)
Model-subject [resnet50_vanilla_mapped_RIN]
Done.
Running iteration: 60
Job [60]
Total number of configs: 64
0) ('resnet50_robust_mapped_RIN_l2_10_0', 0.0, 0, 0.0, nan)
1) ('resnet50_robust_mapped_RIN_l2_10_0', 0.1, 200, 0.02, nan)
2) ('resnet50_robust_mapped_RIN_l2_10_0', 0.5, 200, 0.1, nan)
3) ('resnet50_robust_mapped_RIN_l2_10_0', 1.0, 200, 0.3, nan)
4) ('resnet50_robust_mapped_RIN_l2_10_0', 2.0, 200, 0.3, nan)
5) ('resnet50_robust_mapped_RIN_l2_10_0', 3.0, 200, 0.3, nan)
6) ('resnet50_robust_mapped_RIN_l2_10_0', 5.0, 500, 0.5, nan)
7) ('resnet50_robust_mapped_RIN_l2_10_0', 7.5, 500, 0.5, nan)
8) ('resnet50_robust_mapped_RIN_l2_10_0', 10.0, 500, 0.5, nan)
9) ('resnet50_robust_mapped_RIN_l2_10_0', 15.0, 500, 0.5, nan)
10) ('resnet50_robust_mapped_RIN_l2_10_0', 20.0, 1000, 0.5, nan)
11) ('resnet50_robust_mapped_RIN_l2_10_0', 25.0, 1000, 0.5, nan)
12) ('resnet50_robust_mapped_RIN_l2_10_0', 30.0, 2000, 2.0, nan)
13) ('resnet50_robust_mapped_RIN_l2_10_0', 40.0, 2000, 2.0, nan)
14) ('resnet50_robust_mapped_RIN_l2_10_0', 50.0, 2000, 2.0, nan)
15) ('resnet50_robust_mapped_RIN_l2_10_0', 100.0, 5000, 2.0, nan)
16) ('resnet50_robust_mapped_RIN_l2_1_0', 0.0, 0, 0.0, nan)
17) ('resnet50_robust_mapped_RIN_l2_1_0', 0.1, 200, 0.02, nan)
18) ('resnet50_robust_mapped_RIN_l2_1_0', 0.5, 200, 0.1, nan)
19) ('resnet50_robust_mapped_RIN_l2_1_0', 1.0, 200, 0.3, nan)
20) ('resnet50_robust_mapped_RIN_l2_1_0', 2.0, 200, 0.3, nan)
21) ('resnet50_robust_mapped_RIN_l2_1_0', 3.0, 200, 0.3, nan)
22) ('resnet50_robust_mapped_RIN_l2_1_0', 5.0, 500, 0.5, nan)
23) ('resnet50_robust_mapped_RIN_l2_1_0', 7.5, 500, 0.5, nan)
24) ('resnet50_robust_mapped_RIN_l2_1_0', 10.0, 500, 0.5, nan)
25) ('resnet50_robust_mapped_RIN_l2_1_0', 15.0, 500, 0.5, nan)
26) ('resnet50_robust_mapped_RIN_l2_1_0', 20.0, 1000, 0.5, nan)
27) ('resnet50_robust_mapped_RIN_l2_1_0', 25.0, 1000, 0.5, nan)
28) ('resnet50_robust_mapped_RIN_l2_1_0', 30.0, 2000, 2.0, nan)
29) ('resnet50_robust_mapped_RIN_l2_1_0', 40.0, 2000, 2.0, nan)
30) ('resnet50_robust_mapped_RIN_l2_1_0', 50.0, 2000, 2.0, nan)
31) ('resnet50_robust_mapped_RIN_l2_1_0', 100.0, 5000, 2.0, nan)
32) ('resnet50_robust_mapped_RIN_l2_3_0', 0.0, 0, 0.0, nan)
33) ('resnet50_robust_mapped_RIN_l2_3_0', 0.1, 200, 0.02, nan)
34) ('resnet50_robust_mapped_RIN_l2_3_0', 0.5, 200, 0.1, nan)
35) ('resnet50_robust_mapped_RIN_l2_3_0', 1.0, 200, 0.3, nan)
36) ('resnet50_robust_mapped_RIN_l2_3_0', 2.0, 200, 0.3, nan)
37) ('resnet50_robust_mapped_RIN_l2_3_0', 3.0, 200, 0.3, nan)
38) ('resnet50_robust_mapped_RIN_l2_3_0', 5.0, 500, 0.5, nan)
39) ('resnet50_robust_mapped_RIN_l2_3_0', 7.5, 500, 0.5, nan)
40) ('resnet50_robust_mapped_RIN_l2_3_0', 10.0, 500, 0.5, nan)
41) ('resnet50_robust_mapped_RIN_l2_3_0', 15.0, 500, 0.5, nan)
42) ('resnet50_robust_mapped_RIN_l2_3_0', 20.0, 1000, 0.5, nan)
43) ('resnet50_robust_mapped_RIN_l2_3_0', 25.0, 1000, 0.5, nan)
44) ('resnet50_robust_mapped_RIN_l2_3_0', 30.0, 2000, 2.0, nan)
45) ('resnet50_robust_mapped_RIN_l2_3_0', 40.0, 2000, 2.0, nan)
46) ('resnet50_robust_mapped_RIN_l2_3_0', 50.0, 2000, 2.0, nan)
47) ('resnet50_robust_mapped_RIN_l2_3_0', 100.0, 5000, 2.0, nan)
48) ('resnet50_vanilla_mapped_RIN', 0.0, 0, 0.0, nan)
49) ('resnet50_vanilla_mapped_RIN', 0.1, 200, 0.02, nan)
50) ('resnet50_vanilla_mapped_RIN', 0.5, 200, 0.1, nan)
51) ('resnet50_vanilla_mapped_RIN', 1.0, 200, 0.3, nan)
52) ('resnet50_vanilla_mapped_RIN', 2.0, 200, 0.3, nan)
53) ('resnet50_vanilla_mapped_RIN', 3.0, 200, 0.3, nan)
54) ('resnet50_vanilla_mapped_RIN', 5.0, 500, 0.5, nan)
55) ('resnet50_vanilla_mapped_RIN', 7.5, 500, 0.5, nan)
56) ('resnet50_vanilla_mapped_RIN', 10.0, 500, 0.5, nan)
57) ('resnet50_vanilla_mapped_RIN', 15.0, 500, 0.5, nan)
58) ('resnet50_vanilla_mapped_RIN', 20.0, 1000, 0.5, nan)
59) ('resnet50_vanilla_mapped_RIN', 25.0, 1000, 0.5, nan)
60) ('resnet50_vanilla_mapped_RIN', 30.0, 2000, 2.0, nan)
61) ('resnet50_vanilla_mapped_RIN', 40.0, 2000, 2.0, nan)
62) ('resnet50_vanilla_mapped_RIN', 50.0, 2000, 2.0, nan)
63) ('resnet50_vanilla_mapped_RIN', 100.0, 5000, 2.0, nan)
(*) group(model_name='resnet50_vanilla_mapped_RIN', budget=30.0, n_iter=2000, step_size=2.0, interp_alpha=nan)
chunk [1/8]
chunk [2/8]
chunk [3/8]
chunk [4/8]
chunk [5/8]
chunk [6/8]
chunk [7/8]
chunk [8/8]
Model-subject [resnet50_vanilla_mapped_RIN_v2]
=> loading checkpoint '/project/3018078.01/Gaziv/Wormholes_FB/checkpoints/imagenet_vanilla_v2.pt'
=> loaded checkpoint '/project/3018078.01/Gaziv/Wormholes_FB/checkpoints/imagenet_vanilla_v2.pt' (epoch 171)
Model-subject [resnet50_robust_mapped_RIN_l2_1_0_v2]
=> loading checkpoint '/project/3018078.01/Gaziv/Wormholes_FB/checkpoints/imagenet_l2_1_0_v2.pt'
=> loaded checkpoint '/project/3018078.01/Gaziv/Wormholes_FB/checkpoints/imagenet_l2_1_0_v2.pt' (epoch 176)
Model-subject [resnet50_robust_mapped_RIN_l2_3_0_v2]
=> loading checkpoint '/project/3018078.01/Gaziv/Wormholes_FB/checkpoints/imagenet_l2_3_0_v2.pt'
=> loaded checkpoint '/project/3018078.01/Gaziv/Wormholes_FB/checkpoints/imagenet_l2_3_0_v2.pt' (epoch 131)
Model-subject [resnet50_robust_mapped_RIN_l2_10_0_v2]
=> loading checkpoint '/project/3018078.01/Gaziv/Wormholes_FB/checkpoints/imagenet_l2_10_0_v2.pt'
=> loaded checkpoint '/project/3018078.01/Gaziv/Wormholes_FB/checkpoints/imagenet_l2_10_0_v2.pt' (epoch 200)
Model-subject [resnet50_vanilla_mapped_RIN]
Done.
Running iteration: 61
Job [61]
Total number of configs: 64
0) ('resnet50_robust_mapped_RIN_l2_10_0', 0.0, 0, 0.0, nan)
1) ('resnet50_robust_mapped_RIN_l2_10_0', 0.1, 200, 0.02, nan)
2) ('resnet50_robust_mapped_RIN_l2_10_0', 0.5, 200, 0.1, nan)
3) ('resnet50_robust_mapped_RIN_l2_10_0', 1.0, 200, 0.3, nan)
4) ('resnet50_robust_mapped_RIN_l2_10_0', 2.0, 200, 0.3, nan)
5) ('resnet50_robust_mapped_RIN_l2_10_0', 3.0, 200, 0.3, nan)
6) ('resnet50_robust_mapped_RIN_l2_10_0', 5.0, 500, 0.5, nan)
7) ('resnet50_robust_mapped_RIN_l2_10_0', 7.5, 500, 0.5, nan)
8) ('resnet50_robust_mapped_RIN_l2_10_0', 10.0, 500, 0.5, nan)
9) ('resnet50_robust_mapped_RIN_l2_10_0', 15.0, 500, 0.5, nan)
10) ('resnet50_robust_mapped_RIN_l2_10_0', 20.0, 1000, 0.5, nan)
11) ('resnet50_robust_mapped_RIN_l2_10_0', 25.0, 1000, 0.5, nan)
12) ('resnet50_robust_mapped_RIN_l2_10_0', 30.0, 2000, 2.0, nan)
13) ('resnet50_robust_mapped_RIN_l2_10_0', 40.0, 2000, 2.0, nan)
14) ('resnet50_robust_mapped_RIN_l2_10_0', 50.0, 2000, 2.0, nan)
15) ('resnet50_robust_mapped_RIN_l2_10_0', 100.0, 5000, 2.0, nan)
16) ('resnet50_robust_mapped_RIN_l2_1_0', 0.0, 0, 0.0, nan)
17) ('resnet50_robust_mapped_RIN_l2_1_0', 0.1, 200, 0.02, nan)
18) ('resnet50_robust_mapped_RIN_l2_1_0', 0.5, 200, 0.1, nan)
19) ('resnet50_robust_mapped_RIN_l2_1_0', 1.0, 200, 0.3, nan)
20) ('resnet50_robust_mapped_RIN_l2_1_0', 2.0, 200, 0.3, nan)
21) ('resnet50_robust_mapped_RIN_l2_1_0', 3.0, 200, 0.3, nan)
22) ('resnet50_robust_mapped_RIN_l2_1_0', 5.0, 500, 0.5, nan)
23) ('resnet50_robust_mapped_RIN_l2_1_0', 7.5, 500, 0.5, nan)
24) ('resnet50_robust_mapped_RIN_l2_1_0', 10.0, 500, 0.5, nan)
25) ('resnet50_robust_mapped_RIN_l2_1_0', 15.0, 500, 0.5, nan)
26) ('resnet50_robust_mapped_RIN_l2_1_0', 20.0, 1000, 0.5, nan)
27) ('resnet50_robust_mapped_RIN_l2_1_0', 25.0, 1000, 0.5, nan)
28) ('resnet50_robust_mapped_RIN_l2_1_0', 30.0, 2000, 2.0, nan)
29) ('resnet50_robust_mapped_RIN_l2_1_0', 40.0, 2000, 2.0, nan)
30) ('resnet50_robust_mapped_RIN_l2_1_0', 50.0, 2000, 2.0, nan)
31) ('resnet50_robust_mapped_RIN_l2_1_0', 100.0, 5000, 2.0, nan)
32) ('resnet50_robust_mapped_RIN_l2_3_0', 0.0, 0, 0.0, nan)
33) ('resnet50_robust_mapped_RIN_l2_3_0', 0.1, 200, 0.02, nan)
34) ('resnet50_robust_mapped_RIN_l2_3_0', 0.5, 200, 0.1, nan)
35) ('resnet50_robust_mapped_RIN_l2_3_0', 1.0, 200, 0.3, nan)
36) ('resnet50_robust_mapped_RIN_l2_3_0', 2.0, 200, 0.3, nan)
37) ('resnet50_robust_mapped_RIN_l2_3_0', 3.0, 200, 0.3, nan)
38) ('resnet50_robust_mapped_RIN_l2_3_0', 5.0, 500, 0.5, nan)
39) ('resnet50_robust_mapped_RIN_l2_3_0', 7.5, 500, 0.5, nan)
40) ('resnet50_robust_mapped_RIN_l2_3_0', 10.0, 500, 0.5, nan)
41) ('resnet50_robust_mapped_RIN_l2_3_0', 15.0, 500, 0.5, nan)
42) ('resnet50_robust_mapped_RIN_l2_3_0', 20.0, 1000, 0.5, nan)
43) ('resnet50_robust_mapped_RIN_l2_3_0', 25.0, 1000, 0.5, nan)
44) ('resnet50_robust_mapped_RIN_l2_3_0', 30.0, 2000, 2.0, nan)
45) ('resnet50_robust_mapped_RIN_l2_3_0', 40.0, 2000, 2.0, nan)
46) ('resnet50_robust_mapped_RIN_l2_3_0', 50.0, 2000, 2.0, nan)
47) ('resnet50_robust_mapped_RIN_l2_3_0', 100.0, 5000, 2.0, nan)
48) ('resnet50_vanilla_mapped_RIN', 0.0, 0, 0.0, nan)
49) ('resnet50_vanilla_mapped_RIN', 0.1, 200, 0.02, nan)
50) ('resnet50_vanilla_mapped_RIN', 0.5, 200, 0.1, nan)
51) ('resnet50_vanilla_mapped_RIN', 1.0, 200, 0.3, nan)
52) ('resnet50_vanilla_mapped_RIN', 2.0, 200, 0.3, nan)
53) ('resnet50_vanilla_mapped_RIN', 3.0, 200, 0.3, nan)
54) ('resnet50_vanilla_mapped_RIN', 5.0, 500, 0.5, nan)
55) ('resnet50_vanilla_mapped_RIN', 7.5, 500, 0.5, nan)
56) ('resnet50_vanilla_mapped_RIN', 10.0, 500, 0.5, nan)
57) ('resnet50_vanilla_mapped_RIN', 15.0, 500, 0.5, nan)
58) ('resnet50_vanilla_mapped_RIN', 20.0, 1000, 0.5, nan)
59) ('resnet50_vanilla_mapped_RIN', 25.0, 1000, 0.5, nan)
60) ('resnet50_vanilla_mapped_RIN', 30.0, 2000, 2.0, nan)
61) ('resnet50_vanilla_mapped_RIN', 40.0, 2000, 2.0, nan)
62) ('resnet50_vanilla_mapped_RIN', 50.0, 2000, 2.0, nan)
63) ('resnet50_vanilla_mapped_RIN', 100.0, 5000, 2.0, nan)
(*) group(model_name='resnet50_vanilla_mapped_RIN', budget=40.0, n_iter=2000, step_size=2.0, interp_alpha=nan)
chunk [1/8]
chunk [2/8]
chunk [3/8]
chunk [4/8]
chunk [5/8]
chunk [6/8]
chunk [7/8]
chunk [8/8]
Model-subject [resnet50_vanilla_mapped_RIN_v2]
=> loading checkpoint '/project/3018078.01/Gaziv/Wormholes_FB/checkpoints/imagenet_vanilla_v2.pt'
=> loaded checkpoint '/project/3018078.01/Gaziv/Wormholes_FB/checkpoints/imagenet_vanilla_v2.pt' (epoch 171)
Model-subject [resnet50_robust_mapped_RIN_l2_1_0_v2]
=> loading checkpoint '/project/3018078.01/Gaziv/Wormholes_FB/checkpoints/imagenet_l2_1_0_v2.pt'
=> loaded checkpoint '/project/3018078.01/Gaziv/Wormholes_FB/checkpoints/imagenet_l2_1_0_v2.pt' (epoch 176)
Model-subject [resnet50_robust_mapped_RIN_l2_3_0_v2]
=> loading checkpoint '/project/3018078.01/Gaziv/Wormholes_FB/checkpoints/imagenet_l2_3_0_v2.pt'
=> loaded checkpoint '/project/3018078.01/Gaziv/Wormholes_FB/checkpoints/imagenet_l2_3_0_v2.pt' (epoch 131)
Model-subject [resnet50_robust_mapped_RIN_l2_10_0_v2]
=> loading checkpoint '/project/3018078.01/Gaziv/Wormholes_FB/checkpoints/imagenet_l2_10_0_v2.pt'
=> loaded checkpoint '/project/3018078.01/Gaziv/Wormholes_FB/checkpoints/imagenet_l2_10_0_v2.pt' (epoch 200)
Model-subject [resnet50_vanilla_mapped_RIN]
Done.
Running iteration: 62
Job [62]
Total number of configs: 64
0) ('resnet50_robust_mapped_RIN_l2_10_0', 0.0, 0, 0.0, nan)
1) ('resnet50_robust_mapped_RIN_l2_10_0', 0.1, 200, 0.02, nan)
2) ('resnet50_robust_mapped_RIN_l2_10_0', 0.5, 200, 0.1, nan)
3) ('resnet50_robust_mapped_RIN_l2_10_0', 1.0, 200, 0.3, nan)
4) ('resnet50_robust_mapped_RIN_l2_10_0', 2.0, 200, 0.3, nan)
5) ('resnet50_robust_mapped_RIN_l2_10_0', 3.0, 200, 0.3, nan)
6) ('resnet50_robust_mapped_RIN_l2_10_0', 5.0, 500, 0.5, nan)
7) ('resnet50_robust_mapped_RIN_l2_10_0', 7.5, 500, 0.5, nan)
8) ('resnet50_robust_mapped_RIN_l2_10_0', 10.0, 500, 0.5, nan)
9) ('resnet50_robust_mapped_RIN_l2_10_0', 15.0, 500, 0.5, nan)
10) ('resnet50_robust_mapped_RIN_l2_10_0', 20.0, 1000, 0.5, nan)
11) ('resnet50_robust_mapped_RIN_l2_10_0', 25.0, 1000, 0.5, nan)
12) ('resnet50_robust_mapped_RIN_l2_10_0', 30.0, 2000, 2.0, nan)
13) ('resnet50_robust_mapped_RIN_l2_10_0', 40.0, 2000, 2.0, nan)
14) ('resnet50_robust_mapped_RIN_l2_10_0', 50.0, 2000, 2.0, nan)
15) ('resnet50_robust_mapped_RIN_l2_10_0', 100.0, 5000, 2.0, nan)
16) ('resnet50_robust_mapped_RIN_l2_1_0', 0.0, 0, 0.0, nan)
17) ('resnet50_robust_mapped_RIN_l2_1_0', 0.1, 200, 0.02, nan)
18) ('resnet50_robust_mapped_RIN_l2_1_0', 0.5, 200, 0.1, nan)
19) ('resnet50_robust_mapped_RIN_l2_1_0', 1.0, 200, 0.3, nan)
20) ('resnet50_robust_mapped_RIN_l2_1_0', 2.0, 200, 0.3, nan)
21) ('resnet50_robust_mapped_RIN_l2_1_0', 3.0, 200, 0.3, nan)
22) ('resnet50_robust_mapped_RIN_l2_1_0', 5.0, 500, 0.5, nan)
23) ('resnet50_robust_mapped_RIN_l2_1_0', 7.5, 500, 0.5, nan)
24) ('resnet50_robust_mapped_RIN_l2_1_0', 10.0, 500, 0.5, nan)
25) ('resnet50_robust_mapped_RIN_l2_1_0', 15.0, 500, 0.5, nan)
26) ('resnet50_robust_mapped_RIN_l2_1_0', 20.0, 1000, 0.5, nan)
27) ('resnet50_robust_mapped_RIN_l2_1_0', 25.0, 1000, 0.5, nan)
28) ('resnet50_robust_mapped_RIN_l2_1_0', 30.0, 2000, 2.0, nan)
29) ('resnet50_robust_mapped_RIN_l2_1_0', 40.0, 2000, 2.0, nan)
30) ('resnet50_robust_mapped_RIN_l2_1_0', 50.0, 2000, 2.0, nan)
31) ('resnet50_robust_mapped_RIN_l2_1_0', 100.0, 5000, 2.0, nan)
32) ('resnet50_robust_mapped_RIN_l2_3_0', 0.0, 0, 0.0, nan)
33) ('resnet50_robust_mapped_RIN_l2_3_0', 0.1, 200, 0.02, nan)
34) ('resnet50_robust_mapped_RIN_l2_3_0', 0.5, 200, 0.1, nan)
35) ('resnet50_robust_mapped_RIN_l2_3_0', 1.0, 200, 0.3, nan)
36) ('resnet50_robust_mapped_RIN_l2_3_0', 2.0, 200, 0.3, nan)
37) ('resnet50_robust_mapped_RIN_l2_3_0', 3.0, 200, 0.3, nan)
38) ('resnet50_robust_mapped_RIN_l2_3_0', 5.0, 500, 0.5, nan)
39) ('resnet50_robust_mapped_RIN_l2_3_0', 7.5, 500, 0.5, nan)
40) ('resnet50_robust_mapped_RIN_l2_3_0', 10.0, 500, 0.5, nan)
41) ('resnet50_robust_mapped_RIN_l2_3_0', 15.0, 500, 0.5, nan)
42) ('resnet50_robust_mapped_RIN_l2_3_0', 20.0, 1000, 0.5, nan)
43) ('resnet50_robust_mapped_RIN_l2_3_0', 25.0, 1000, 0.5, nan)
44) ('resnet50_robust_mapped_RIN_l2_3_0', 30.0, 2000, 2.0, nan)
45) ('resnet50_robust_mapped_RIN_l2_3_0', 40.0, 2000, 2.0, nan)
46) ('resnet50_robust_mapped_RIN_l2_3_0', 50.0, 2000, 2.0, nan)
47) ('resnet50_robust_mapped_RIN_l2_3_0', 100.0, 5000, 2.0, nan)
48) ('resnet50_vanilla_mapped_RIN', 0.0, 0, 0.0, nan)
49) ('resnet50_vanilla_mapped_RIN', 0.1, 200, 0.02, nan)
50) ('resnet50_vanilla_mapped_RIN', 0.5, 200, 0.1, nan)
51) ('resnet50_vanilla_mapped_RIN', 1.0, 200, 0.3, nan)
52) ('resnet50_vanilla_mapped_RIN', 2.0, 200, 0.3, nan)
53) ('resnet50_vanilla_mapped_RIN', 3.0, 200, 0.3, nan)
54) ('resnet50_vanilla_mapped_RIN', 5.0, 500, 0.5, nan)
55) ('resnet50_vanilla_mapped_RIN', 7.5, 500, 0.5, nan)
56) ('resnet50_vanilla_mapped_RIN', 10.0, 500, 0.5, nan)
57) ('resnet50_vanilla_mapped_RIN', 15.0, 500, 0.5, nan)
58) ('resnet50_vanilla_mapped_RIN', 20.0, 1000, 0.5, nan)
59) ('resnet50_vanilla_mapped_RIN', 25.0, 1000, 0.5, nan)
60) ('resnet50_vanilla_mapped_RIN', 30.0, 2000, 2.0, nan)
61) ('resnet50_vanilla_mapped_RIN', 40.0, 2000, 2.0, nan)
62) ('resnet50_vanilla_mapped_RIN', 50.0, 2000, 2.0, nan)
63) ('resnet50_vanilla_mapped_RIN', 100.0, 5000, 2.0, nan)
(*) group(model_name='resnet50_vanilla_mapped_RIN', budget=50.0, n_iter=2000, step_size=2.0, interp_alpha=nan)
chunk [1/8]
chunk [2/8]
chunk [3/8]
chunk [4/8]
chunk [5/8]
chunk [6/8]
chunk [7/8]
chunk [8/8]
Model-subject [resnet50_vanilla_mapped_RIN_v2]
=> loading checkpoint '/project/3018078.01/Gaziv/Wormholes_FB/checkpoints/imagenet_vanilla_v2.pt'
=> loaded checkpoint '/project/3018078.01/Gaziv/Wormholes_FB/checkpoints/imagenet_vanilla_v2.pt' (epoch 171)
Model-subject [resnet50_robust_mapped_RIN_l2_1_0_v2]
=> loading checkpoint '/project/3018078.01/Gaziv/Wormholes_FB/checkpoints/imagenet_l2_1_0_v2.pt'
=> loaded checkpoint '/project/3018078.01/Gaziv/Wormholes_FB/checkpoints/imagenet_l2_1_0_v2.pt' (epoch 176)
Model-subject [resnet50_robust_mapped_RIN_l2_3_0_v2]
=> loading checkpoint '/project/3018078.01/Gaziv/Wormholes_FB/checkpoints/imagenet_l2_3_0_v2.pt'
=> loaded checkpoint '/project/3018078.01/Gaziv/Wormholes_FB/checkpoints/imagenet_l2_3_0_v2.pt' (epoch 131)
Model-subject [resnet50_robust_mapped_RIN_l2_10_0_v2]
=> loading checkpoint '/project/3018078.01/Gaziv/Wormholes_FB/checkpoints/imagenet_l2_10_0_v2.pt'
=> loaded checkpoint '/project/3018078.01/Gaziv/Wormholes_FB/checkpoints/imagenet_l2_10_0_v2.pt' (epoch 200)
Model-subject [resnet50_vanilla_mapped_RIN]
Done.
Running iteration: 63
Job [63]
Total number of configs: 64
0) ('resnet50_robust_mapped_RIN_l2_10_0', 0.0, 0, 0.0, nan)
1) ('resnet50_robust_mapped_RIN_l2_10_0', 0.1, 200, 0.02, nan)
2) ('resnet50_robust_mapped_RIN_l2_10_0', 0.5, 200, 0.1, nan)
3) ('resnet50_robust_mapped_RIN_l2_10_0', 1.0, 200, 0.3, nan)
4) ('resnet50_robust_mapped_RIN_l2_10_0', 2.0, 200, 0.3, nan)
5) ('resnet50_robust_mapped_RIN_l2_10_0', 3.0, 200, 0.3, nan)
6) ('resnet50_robust_mapped_RIN_l2_10_0', 5.0, 500, 0.5, nan)
7) ('resnet50_robust_mapped_RIN_l2_10_0', 7.5, 500, 0.5, nan)
8) ('resnet50_robust_mapped_RIN_l2_10_0', 10.0, 500, 0.5, nan)
9) ('resnet50_robust_mapped_RIN_l2_10_0', 15.0, 500, 0.5, nan)
10) ('resnet50_robust_mapped_RIN_l2_10_0', 20.0, 1000, 0.5, nan)
11) ('resnet50_robust_mapped_RIN_l2_10_0', 25.0, 1000, 0.5, nan)
12) ('resnet50_robust_mapped_RIN_l2_10_0', 30.0, 2000, 2.0, nan)
13) ('resnet50_robust_mapped_RIN_l2_10_0', 40.0, 2000, 2.0, nan)
14) ('resnet50_robust_mapped_RIN_l2_10_0', 50.0, 2000, 2.0, nan)
15) ('resnet50_robust_mapped_RIN_l2_10_0', 100.0, 5000, 2.0, nan)
16) ('resnet50_robust_mapped_RIN_l2_1_0', 0.0, 0, 0.0, nan)
17) ('resnet50_robust_mapped_RIN_l2_1_0', 0.1, 200, 0.02, nan)
18) ('resnet50_robust_mapped_RIN_l2_1_0', 0.5, 200, 0.1, nan)
19) ('resnet50_robust_mapped_RIN_l2_1_0', 1.0, 200, 0.3, nan)
20) ('resnet50_robust_mapped_RIN_l2_1_0', 2.0, 200, 0.3, nan)
21) ('resnet50_robust_mapped_RIN_l2_1_0', 3.0, 200, 0.3, nan)
22) ('resnet50_robust_mapped_RIN_l2_1_0', 5.0, 500, 0.5, nan)
23) ('resnet50_robust_mapped_RIN_l2_1_0', 7.5, 500, 0.5, nan)
24) ('resnet50_robust_mapped_RIN_l2_1_0', 10.0, 500, 0.5, nan)
25) ('resnet50_robust_mapped_RIN_l2_1_0', 15.0, 500, 0.5, nan)
26) ('resnet50_robust_mapped_RIN_l2_1_0', 20.0, 1000, 0.5, nan)
27) ('resnet50_robust_mapped_RIN_l2_1_0', 25.0, 1000, 0.5, nan)
28) ('resnet50_robust_mapped_RIN_l2_1_0', 30.0, 2000, 2.0, nan)
29) ('resnet50_robust_mapped_RIN_l2_1_0', 40.0, 2000, 2.0, nan)
30) ('resnet50_robust_mapped_RIN_l2_1_0', 50.0, 2000, 2.0, nan)
31) ('resnet50_robust_mapped_RIN_l2_1_0', 100.0, 5000, 2.0, nan)
32) ('resnet50_robust_mapped_RIN_l2_3_0', 0.0, 0, 0.0, nan)
33) ('resnet50_robust_mapped_RIN_l2_3_0', 0.1, 200, 0.02, nan)
34) ('resnet50_robust_mapped_RIN_l2_3_0', 0.5, 200, 0.1, nan)
35) ('resnet50_robust_mapped_RIN_l2_3_0', 1.0, 200, 0.3, nan)
36) ('resnet50_robust_mapped_RIN_l2_3_0', 2.0, 200, 0.3, nan)
37) ('resnet50_robust_mapped_RIN_l2_3_0', 3.0, 200, 0.3, nan)
38) ('resnet50_robust_mapped_RIN_l2_3_0', 5.0, 500, 0.5, nan)
39) ('resnet50_robust_mapped_RIN_l2_3_0', 7.5, 500, 0.5, nan)
40) ('resnet50_robust_mapped_RIN_l2_3_0', 10.0, 500, 0.5, nan)
41) ('resnet50_robust_mapped_RIN_l2_3_0', 15.0, 500, 0.5, nan)
42) ('resnet50_robust_mapped_RIN_l2_3_0', 20.0, 1000, 0.5, nan)
43) ('resnet50_robust_mapped_RIN_l2_3_0', 25.0, 1000, 0.5, nan)
44) ('resnet50_robust_mapped_RIN_l2_3_0', 30.0, 2000, 2.0, nan)
45) ('resnet50_robust_mapped_RIN_l2_3_0', 40.0, 2000, 2.0, nan)
46) ('resnet50_robust_mapped_RIN_l2_3_0', 50.0, 2000, 2.0, nan)
47) ('resnet50_robust_mapped_RIN_l2_3_0', 100.0, 5000, 2.0, nan)
48) ('resnet50_vanilla_mapped_RIN', 0.0, 0, 0.0, nan)
49) ('resnet50_vanilla_mapped_RIN', 0.1, 200, 0.02, nan)
50) ('resnet50_vanilla_mapped_RIN', 0.5, 200, 0.1, nan)
51) ('resnet50_vanilla_mapped_RIN', 1.0, 200, 0.3, nan)
52) ('resnet50_vanilla_mapped_RIN', 2.0, 200, 0.3, nan)
53) ('resnet50_vanilla_mapped_RIN', 3.0, 200, 0.3, nan)
54) ('resnet50_vanilla_mapped_RIN', 5.0, 500, 0.5, nan)
55) ('resnet50_vanilla_mapped_RIN', 7.5, 500, 0.5, nan)
56) ('resnet50_vanilla_mapped_RIN', 10.0, 500, 0.5, nan)
57) ('resnet50_vanilla_mapped_RIN', 15.0, 500, 0.5, nan)
58) ('resnet50_vanilla_mapped_RIN', 20.0, 1000, 0.5, nan)
59) ('resnet50_vanilla_mapped_RIN', 25.0, 1000, 0.5, nan)
60) ('resnet50_vanilla_mapped_RIN', 30.0, 2000, 2.0, nan)
61) ('resnet50_vanilla_mapped_RIN', 40.0, 2000, 2.0, nan)
62) ('resnet50_vanilla_mapped_RIN', 50.0, 2000, 2.0, nan)
63) ('resnet50_vanilla_mapped_RIN', 100.0, 5000, 2.0, nan)
(*) group(model_name='resnet50_vanilla_mapped_RIN', budget=100.0, n_iter=5000, step_size=2.0, interp_alpha=nan)
chunk [1/8]
chunk [2/8]
chunk [3/8]
chunk [4/8]
chunk [5/8]
chunk [6/8]
chunk [7/8]
chunk [8/8]
----------------------------------------
Start job epilogue Thu Jan 30 22:46:45 CET 2025
----------------------------------------
Job ID:          46789663
Job Exit Code:   0:0
Username:        pauort
Group:           predatt
Queue:           gpu
Compute nodes:   dccn-c080
Asked resources: walltime=12:00:00,nodes=1,cpus=1,mem=24G
Used resources:  cputime=12:00:08,walltime=12:00:08,memory=81K
----------------------------------------
End job epilogue Thu Jan 30 22:46:45 CET 2025
----------------------------------------
